# Time (s),Mass (g),T Back (K),T Front (K)
0,22.800,293.000,293.000
1,22.800,293.000,483.291
2,22.800,293.000,554.607
3,22.798,293.000,602.615
4,22.790,293.000,635.546
5,22.772,293.001,658.884
6,22.743,293.005,677.006
7,22.697,293.019,691.774
8,22.631,293.060,704.067
9,22.544,293.150,714.396
10,22.438,293.315,722.980
11,22.315,293.585,729.973
12,22.180,293.990,735.695
13,22.037,294.554,740.598
14,21.890,295.302,745.061
15,21.741,296.248,749.329
16,21.590,297.408,753.556
17,21.438,298.789,757.811
18,21.286,300.398,762.081
19,21.133,302.235,766.359
20,20.980,304.299,770.617
21,20.827,306.589,774.803
22,20.673,309.097,778.903
23,20.520,311.818,782.903
24,20.367,314.745,786.791
25,20.213,317.869,790.566
26,20.061,321.182,794.235
27,19.908,324.676,797.793
28,19.756,328.342,801.245
29,19.605,332.173,804.601
30,19.454,336.161,807.852
31,19.303,340.297,811.013
32,19.154,344.575,814.078
33,19.004,348.987,817.056
34,18.856,353.527,819.951
35,18.707,358.188,822.759
36,18.560,362.966,825.490
37,18.413,367.853,828.144
38,18.266,372.843,830.724
39,18.119,377.933,833.235
40,17.974,383.117,835.676
41,17.828,388.388,838.052
42,17.683,393.745,840.365
43,17.537,399.179,842.618
44,17.392,404.689,844.815
45,17.247,410.269,846.954
46,17.103,415.914,849.043
47,16.958,421.621,851.080
48,16.813,427.385,853.069
49,16.667,433.201,855.013
50,16.522,439.066,856.910
51,16.376,444.975,858.766
52,16.229,450.922,860.583
53,16.082,456.903,862.358
54,15.935,462.912,864.099
55,15.786,468.944,865.804
56,15.637,474.991,867.473
57,15.487,481.048,869.111
58,15.335,487.105,870.718
59,15.182,493.153,872.293
60,15.028,499.182,873.839
61,14.873,505.180,875.357
62,14.715,511.135,876.847
63,14.556,517.035,878.311
64,14.395,522.865,879.749
65,14.232,528.613,881.162
66,14.066,534.269,882.551
67,13.898,539.827,883.917
68,13.728,545.284,885.262
69,13.555,550.644,886.588
70,13.380,555.919,887.894
71,13.202,561.125,889.183
72,13.022,566.281,890.456
73,12.839,571.411,891.714
74,12.653,576.534,892.957
75,12.465,581.672,894.187
76,12.274,586.838,895.405
77,12.079,592.040,896.609
78,11.881,597.281,897.799
79,11.678,602.558,898.976
80,11.472,607.863,900.140
81,11.260,613.182,901.292
82,11.043,618.499,902.430
83,10.820,623.793,903.558
84,10.591,629.041,904.679
85,10.355,634.220,905.795
86,10.114,639.305,906.915
87,9.866,644.272,908.045
88,9.613,649.102,909.194
89,9.356,653.773,910.364
90,9.095,658.264,911.562
91,8.833,662.565,912.792
92,8.571,666.676,914.061
93,8.310,670.609,915.369
94,8.052,674.394,916.716
95,7.799,678.072,918.104
96,7.550,681.706,919.530
97,7.307,685.349,920.988
98,7.070,689.066,922.484
99,6.840,692.923,924.010
100,6.616,696.998,925.576
101,6.399,701.375,927.192
102,6.190,706.144,928.868
103,5.989,711.428,930.620
104,5.797,717.375,932.462
105,5.616,724.145,934.424
106,5.447,731.963,936.540
107,5.295,741.218,938.844
108,5.164,752.330,941.389
109,5.059,765.606,944.201
110,4.981,780.680,947.299
111,4.922,795.885,950.634
112,4.871,809.614,954.137
113,4.821,821.885,957.715
114,4.773,833.171,961.215
115,4.727,843.794,964.563
116,4.682,853.893,967.773
117,4.640,863.572,970.702
118,4.599,872.914,973.553
119,4.562,881.958,976.209
120,4.527,890.730,978.810
121,4.495,899.215,981.253
122,4.465,907.406,983.650
123,4.438,915.282,985.900
124,4.413,922.801,988.105
125,4.390,929.954,990.150
126,4.369,936.706,992.150
127,4.350,943.055,993.976
128,4.332,948.992,995.761
129,4.315,954.522,997.358
130,4.300,959.642,998.919
131,4.286,964.369,1000.296
132,4.272,968.722,1001.619
133,4.260,972.720,1002.805
134,4.248,976.385,1003.915
135,4.237,979.736,1004.920
136,4.227,982.796,1005.842
137,4.217,985.589,1006.691
138,4.208,988.133,1007.462
139,4.199,990.448,1008.161
140,4.191,992.554,1008.798
141,4.183,994.467,1009.372
142,4.176,996.204,1009.901
143,4.168,997.783,1010.380
144,4.162,999.216,1010.815
145,4.155,1000.518,1011.210
146,4.149,1001.695,1011.565
147,4.143,1002.773,1011.901
148,4.138,1003.751,1012.187
149,4.132,1004.630,1012.464
150,4.127,1005.435,1012.702
151,4.122,1006.164,1012.922
152,4.117,1006.836,1013.132
153,4.113,1007.443,1013.305
154,4.108,1007.992,1013.480
155,4.104,1008.499,1013.633
156,4.100,1008.952,1013.770
157,4.096,1009.372,1013.903
158,4.092,1009.757,1014.013
159,4.088,1010.108,1014.126
160,4.085,1010.429,1014.220
161,4.081,1010.724,1014.314
162,4.078,1010.995,1014.398
163,4.075,1011.243,1014.466
164,4.072,1011.473,1014.544
165,4.068,1011.687,1014.609
166,4.066,1011.881,1014.669
167,4.063,1012.065,1014.730
168,4.060,1012.227,1014.777
169,4.057,1012.383,1014.820
170,4.054,1012.523,1014.875
171,4.052,1012.664,1014.903
172,4.049,1012.784,1014.950
173,4.047,1012.904,1014.982
174,4.044,1013.015,1015.010
175,4.042,1013.114,1015.050
176,4.040,1013.208,1015.078
177,4.037,1013.300,1015.110
178,4.035,1013.379,1015.139
179,4.033,1013.464,1015.154
180,4.031,1013.535,1015.180
181,4.029,1013.605,1015.205
182,4.027,1013.671,1015.221
183,4.025,1013.737,1015.247
184,4.023,1013.792,1015.266
185,4.021,1013.849,1015.280
186,4.019,1013.904,1015.300
187,4.018,1013.960,1015.315
188,4.016,1014.008,1015.330
189,4.014,1014.052,1015.349
190,4.012,1014.098,1015.358
191,4.011,1014.137,1015.370
192,4.009,1014.180,1015.390
193,4.007,1014.223,1015.393
194,4.006,1014.256,1015.410
195,4.004,1014.290,1015.429
196,4.003,1014.333,1015.433
197,4.001,1014.366,1015.440
198,4.000,1014.389,1015.459
199,3.998,1014.422,1015.462
200,3.997,1014.456,1015.470
201,3.995,1014.479,1015.489
202,3.994,1014.512,1015.492
203,3.993,1014.535,1015.500
204,3.991,1014.559,1015.509
205,3.990,1014.582,1015.512
206,3.989,1014.610,1015.524
207,3.987,1014.630,1015.530
208,3.986,1014.652,1015.532
209,3.985,1014.676,1015.544
210,3.983,1014.699,1015.550
211,3.982,1014.720,1015.553
212,3.981,1014.740,1015.564
213,3.980,1014.760,1015.570
214,3.979,1014.780,1015.573
215,3.978,1014.797,1015.580
216,3.976,1014.810,1015.590
217,3.975,1014.830,1015.594
218,3.974,1014.848,1015.600
219,3.973,1014.861,1015.609
220,3.972,1014.880,1015.610
221,3.971,1014.890,1015.612
222,3.970,1014.910,1015.620
223,3.969,1014.926,1015.626
224,3.968,1014.939,1015.630
225,3.967,1014.950,1015.637
226,3.966,1014.967,1015.637
227,3.965,1014.980,1015.641
228,3.964,1014.990,1015.650
229,3.963,1015.000,1015.650
230,3.962,1015.020,1015.652
231,3.961,1015.030,1015.660
232,3.960,1015.040,1015.670
233,3.959,1015.050,1015.663
234,3.958,1015.060,1015.670
235,3.957,1015.071,1015.679
236,3.956,1015.085,1015.675
237,3.955,1015.099,1015.680
238,3.955,1015.103,1015.687
239,3.954,1015.117,1015.690
240,3.953,1015.130,1015.690
241,3.952,1015.135,1015.695
242,3.951,1015.140,1015.699
243,3.950,1015.153,1015.700
244,3.950,1015.160,1015.703
245,3.949,1015.170,1015.710
246,3.948,1015.180,1015.710
247,3.947,1015.190,1015.710
248,3.946,1015.200,1015.717
249,3.946,1015.207,1015.720
250,3.945,1015.211,1015.720
251,3.944,1015.220,1015.725
252,3.943,1015.230,1015.729
253,3.942,1015.240,1015.730
254,3.942,1015.240,1015.730
255,3.941,1015.250,1015.738
256,3.940,1015.260,1015.736
257,3.940,1015.270,1015.740
258,3.939,1015.270,1015.740
259,3.938,1015.280,1015.740
260,3.937,1015.290,1015.742
261,3.937,1015.290,1015.750
262,3.936,1015.300,1015.750
263,3.935,1015.305,1015.750
264,3.935,1015.310,1015.750
265,3.934,1015.320,1015.756
266,3.933,1015.320,1015.760
267,3.933,1015.330,1015.760
268,3.932,1015.336,1015.760
269,3.931,1015.340,1015.769
270,3.931,1015.350,1015.765
271,3.930,1015.350,1015.770
272,3.929,1015.360,1015.770
273,3.929,1015.360,1015.770
274,3.928,1015.370,1015.770
275,3.927,1015.370,1015.773
276,3.927,1015.380,1015.779
277,3.926,1015.386,1015.780
278,3.926,1015.390,1015.780
279,3.925,1015.395,1015.780
280,3.924,1015.400,1015.780
281,3.924,1015.400,1015.783
282,3.923,1015.410,1015.782
283,3.923,1015.410,1015.790
284,3.922,1015.420,1015.790
285,3.921,1015.420,1015.790
286,3.921,1015.430,1015.790
287,3.920,1015.430,1015.800
288,3.920,1015.435,1015.795
289,3.919,1015.440,1015.791
290,3.919,1015.440,1015.800
291,3.918,1015.450,1015.800
292,3.918,1015.450,1015.800
293,3.917,1015.460,1015.800
294,3.916,1015.460,1015.800
295,3.916,1015.460,1015.807
296,3.915,1015.470,1015.801
297,3.915,1015.470,1015.810
298,3.914,1015.480,1015.810
299,3.914,1015.480,1015.810
300,3.913,1015.480,1015.810
301,3.913,1015.490,1015.810
302,3.912,1015.490,1015.810
303,3.912,1015.490,1015.814
304,3.911,1015.500,1015.811
305,3.911,1015.500,1015.820
306,3.910,1015.500,1015.820
307,3.910,1015.510,1015.820
308,3.909,1015.510,1015.820
309,3.909,1015.510,1015.820
310,3.908,1015.520,1015.820
311,3.908,1015.520,1015.822
312,3.907,1015.520,1015.824
313,3.907,1015.530,1015.829
314,3.906,1015.530,1015.830
315,3.906,1015.530,1015.830
316,3.905,1015.535,1015.830
317,3.905,1015.540,1015.830
318,3.905,1015.540,1015.830
319,3.904,1015.540,1015.830
320,3.904,1015.550,1015.830
321,3.903,1015.550,1015.840
322,3.903,1015.550,1015.834
323,3.902,1015.550,1015.831
324,3.902,1015.560,1015.840
325,3.901,1015.560,1015.840
326,3.901,1015.560,1015.840
327,3.901,1015.569,1015.840
328,3.900,1015.570,1015.840
329,3.900,1015.570,1015.840
330,3.899,1015.570,1015.840
331,3.899,1015.578,1015.840
332,3.898,1015.580,1015.840
333,3.898,1015.580,1015.848
334,3.898,1015.580,1015.843
335,3.897,1015.588,1015.842
336,3.897,1015.590,1015.850
337,3.896,1015.590,1015.850
338,3.896,1015.590,1015.850
339,3.896,1015.590,1015.850
340,3.895,1015.600,1015.850
341,3.895,1015.600,1015.850
342,3.894,1015.600,1015.850
343,3.894,1015.600,1015.850
344,3.894,1015.610,1015.850
345,3.893,1015.610,1015.850
346,3.893,1015.610,1015.853
347,3.892,1015.610,1015.852
348,3.892,1015.610,1015.857
349,3.892,1015.620,1015.860
350,3.891,1015.620,1015.860
351,3.891,1015.620,1015.860
352,3.890,1015.620,1015.860
353,3.890,1015.620,1015.860
354,3.890,1015.630,1015.860
355,3.889,1015.630,1015.860
356,3.889,1015.630,1015.860
357,3.889,1015.630,1015.860
358,3.888,1015.630,1015.860
359,3.888,1015.639,1015.860
360,3.887,1015.640,1015.860
361,3.887,1015.640,1015.869
362,3.887,1015.640,1015.865
363,3.886,1015.640,1015.860
364,3.886,1015.640,1015.870
365,3.886,1015.650,1015.870
366,3.885,1015.650,1015.870
367,3.885,1015.650,1015.870
368,3.885,1015.650,1015.870
369,3.884,1015.650,1015.870
370,3.884,1015.650,1015.870
371,3.884,1015.660,1015.870
372,3.883,1015.660,1015.870
373,3.883,1015.660,1015.870
374,3.883,1015.660,1015.870
375,3.882,1015.660,1015.870
376,3.882,1015.660,1015.870
377,3.882,1015.670,1015.870
378,3.881,1015.670,1015.878
379,3.881,1015.670,1015.873
380,3.881,1015.670,1015.872
381,3.880,1015.670,1015.880
382,3.880,1015.670,1015.880
383,3.880,1015.680,1015.880
384,3.879,1015.680,1015.880
385,3.879,1015.680,1015.880
386,3.879,1015.680,1015.880
387,3.878,1015.680,1015.880
388,3.878,1015.680,1015.880
389,3.878,1015.680,1015.880
390,3.877,1015.690,1015.880
391,3.877,1015.690,1015.880
392,3.877,1015.690,1015.880
393,3.876,1015.690,1015.880
394,3.876,1015.690,1015.880
395,3.876,1015.690,1015.880
396,3.876,1015.690,1015.880
397,3.875,1015.690,1015.880
398,3.875,1015.700,1015.885
399,3.875,1015.700,1015.890
400,3.874,1015.700,1015.885
401,3.874,1015.700,1015.881
402,3.874,1015.700,1015.890
403,3.873,1015.700,1015.890
404,3.873,1015.700,1015.890
405,3.873,1015.702,1015.890
406,3.873,1015.710,1015.890
407,3.872,1015.710,1015.890
408,3.872,1015.710,1015.890
409,3.872,1015.710,1015.890
410,3.871,1015.710,1015.890
411,3.871,1015.710,1015.890
412,3.871,1015.710,1015.890
413,3.871,1015.710,1015.890
414,3.870,1015.720,1015.890
415,3.870,1015.720,1015.890
416,3.870,1015.720,1015.890
417,3.869,1015.720,1015.890
418,3.869,1015.720,1015.890
419,3.869,1015.720,1015.890
420,3.869,1015.720,1015.890
421,3.868,1015.720,1015.890
422,3.868,1015.720,1015.890
423,3.868,1015.730,1015.891
424,3.867,1015.730,1015.893
425,3.867,1015.730,1015.898
426,3.867,1015.730,1015.898
427,3.867,1015.730,1015.900
428,3.866,1015.730,1015.900
429,3.866,1015.730,1015.900
430,3.866,1015.730,1015.900
431,3.866,1015.730,1015.900
432,3.865,1015.731,1015.900
433,3.865,1015.740,1015.900
434,3.865,1015.740,1015.900
435,3.865,1015.740,1015.900
436,3.864,1015.740,1015.900
437,3.864,1015.740,1015.900
438,3.864,1015.740,1015.900
439,3.864,1015.740,1015.900
440,3.863,1015.740,1015.900
441,3.863,1015.740,1015.900
442,3.863,1015.740,1015.900
443,3.863,1015.750,1015.900
444,3.862,1015.750,1015.900
445,3.862,1015.750,1015.900
446,3.862,1015.750,1015.900
447,3.862,1015.750,1015.900
448,3.861,1015.750,1015.900
449,3.861,1015.750,1015.900
450,3.861,1015.750,1015.900
451,3.861,1015.750,1015.900
452,3.860,1015.750,1015.900
453,3.860,1015.750,1015.910
454,3.860,1015.760,1015.906
455,3.860,1015.760,1015.901
456,3.859,1015.760,1015.903
457,3.859,1015.760,1015.907
458,3.859,1015.760,1015.910
459,3.859,1015.760,1015.910
460,3.858,1015.760,1015.910
461,3.858,1015.760,1015.910
462,3.858,1015.760,1015.910
463,3.858,1015.760,1015.910
464,3.857,1015.760,1015.910
465,3.857,1015.760,1015.910
466,3.857,1015.770,1015.910
467,3.857,1015.770,1015.910
468,3.857,1015.770,1015.910
469,3.856,1015.770,1015.910
470,3.856,1015.770,1015.910
471,3.856,1015.770,1015.910
472,3.856,1015.770,1015.910
473,3.855,1015.770,1015.910
474,3.855,1015.770,1015.910
475,3.855,1015.770,1015.910
476,3.855,1015.770,1015.910
477,3.854,1015.770,1015.910
478,3.854,1015.770,1015.910
479,3.854,1015.780,1015.910
480,3.854,1015.780,1015.910
481,3.854,1015.780,1015.910
482,3.853,1015.780,1015.910
483,3.853,1015.780,1015.910
484,3.853,1015.780,1015.910
485,3.853,1015.780,1015.910
486,3.852,1015.780,1015.910
487,3.852,1015.780,1015.910
488,3.852,1015.780,1015.910
489,3.852,1015.780,1015.910
490,3.852,1015.780,1015.910
491,3.851,1015.780,1015.920
492,3.851,1015.780,1015.916
493,3.851,1015.780,1015.912
494,3.851,1015.790,1015.912
495,3.851,1015.790,1015.916
496,3.850,1015.790,1015.920
497,3.850,1015.790,1015.920
498,3.850,1015.790,1015.920
499,3.850,1015.790,1015.920
500,3.850,1015.790,1015.920
501,3.849,1015.790,1015.920
502,3.849,1015.790,1015.920
503,3.849,1015.790,1015.920
504,3.849,1015.790,1015.920
505,3.849,1015.790,1015.920
506,3.848,1015.790,1015.920
507,3.848,1015.790,1015.920
508,3.848,1015.790,1015.920
509,3.848,1015.797,1015.920
510,3.848,1015.800,1015.920
511,3.847,1015.800,1015.920
512,3.847,1015.800,1015.920
513,3.847,1015.800,1015.920
514,3.847,1015.800,1015.920
515,3.847,1015.800,1015.920
516,3.846,1015.800,1015.920
517,3.846,1015.800,1015.920
518,3.846,1015.800,1015.920
519,3.846,1015.800,1015.920
520,3.846,1015.800,1015.920
521,3.845,1015.800,1015.920
522,3.845,1015.800,1015.920
523,3.845,1015.800,1015.920
524,3.845,1015.800,1015.920
525,3.845,1015.800,1015.920
526,3.844,1015.800,1015.920
527,3.844,1015.810,1015.920
528,3.844,1015.810,1015.920
529,3.844,1015.810,1015.920
530,3.844,1015.810,1015.920
531,3.843,1015.810,1015.920
532,3.843,1015.810,1015.920
533,3.843,1015.810,1015.920
534,3.843,1015.810,1015.920
535,3.843,1015.810,1015.920
536,3.842,1015.810,1015.920
537,3.842,1015.810,1015.920
538,3.842,1015.810,1015.920
539,3.842,1015.810,1015.920
540,3.842,1015.810,1015.927
541,3.842,1015.810,1015.930
542,3.841,1015.810,1015.926
543,3.841,1015.810,1015.922
544,3.841,1015.810,1015.922
545,3.841,1015.810,1015.926
546,3.841,1015.820,1015.930
547,3.840,1015.820,1015.930
548,3.840,1015.820,1015.930
549,3.840,1015.820,1015.930
550,3.840,1015.820,1015.930
551,3.840,1015.820,1015.930
552,3.840,1015.820,1015.930
553,3.839,1015.820,1015.930
554,3.839,1015.820,1015.930
555,3.839,1015.820,1015.930
556,3.839,1015.820,1015.930
557,3.839,1015.820,1015.930
558,3.839,1015.820,1015.930
559,3.838,1015.820,1015.930
560,3.838,1015.820,1015.930
561,3.838,1015.820,1015.930
562,3.838,1015.820,1015.930
563,3.838,1015.820,1015.930
564,3.838,1015.820,1015.930
565,3.837,1015.820,1015.930
566,3.837,1015.820,1015.930
567,3.837,1015.820,1015.930
568,3.837,1015.830,1015.930
569,3.837,1015.830,1015.930
570,3.836,1015.830,1015.930
571,3.836,1015.830,1015.930
572,3.836,1015.830,1015.930
573,3.836,1015.830,1015.930
574,3.836,1015.830,1015.930
575,3.836,1015.830,1015.930
576,3.835,1015.830,1015.930
577,3.835,1015.830,1015.930
578,3.835,1015.830,1015.930
579,3.835,1015.830,1015.930
580,3.835,1015.830,1015.930
581,3.835,1015.830,1015.930
582,3.835,1015.830,1015.930
583,3.834,1015.830,1015.930
584,3.834,1015.830,1015.930
585,3.834,1015.830,1015.930
586,3.834,1015.830,1015.930
587,3.834,1015.830,1015.930
588,3.834,1015.830,1015.930
589,3.833,1015.830,1015.930
590,3.833,1015.830,1015.930
591,3.833,1015.830,1015.930
592,3.833,1015.840,1015.930
593,3.833,1015.840,1015.930
594,3.833,1015.840,1015.930
595,3.832,1015.840,1015.930
596,3.832,1015.840,1015.930
597,3.832,1015.840,1015.930
598,3.832,1015.840,1015.930
599,3.832,1015.840,1015.930
600,3.832,1015.840,1015.930
601,3.831,1015.840,1015.930
602,3.831,1015.840,1015.930
603,3.831,1015.840,1015.930
604,3.831,1015.840,1015.930
605,3.831,1015.840,1015.930
606,3.831,1015.840,1015.934
607,3.831,1015.840,1015.930
608,3.830,1015.840,1015.934
609,3.830,1015.840,1015.937
610,3.830,1015.840,1015.939
611,3.830,1015.840,1015.935
612,3.830,1015.840,1015.932
613,3.830,1015.840,1015.932
614,3.829,1015.840,1015.940
615,3.829,1015.840,1015.940
616,3.829,1015.840,1015.940
617,3.829,1015.840,1015.940
618,3.829,1015.840,1015.940
619,3.829,1015.850,1015.940
620,3.829,1015.850,1015.940
621,3.828,1015.850,1015.940
622,3.828,1015.850,1015.940
623,3.828,1015.850,1015.940
624,3.828,1015.850,1015.940
625,3.828,1015.850,1015.940
626,3.828,1015.850,1015.940
627,3.828,1015.850,1015.940
628,3.827,1015.850,1015.940
629,3.827,1015.850,1015.940
630,3.827,1015.850,1015.940
631,3.827,1015.850,1015.940
632,3.827,1015.850,1015.940
633,3.827,1015.850,1015.940
634,3.827,1015.850,1015.940
635,3.826,1015.850,1015.940
636,3.826,1015.850,1015.940
637,3.826,1015.850,1015.940
638,3.826,1015.850,1015.940
639,3.826,1015.850,1015.940
640,3.826,1015.850,1015.940
641,3.826,1015.850,1015.940
642,3.825,1015.850,1015.940
643,3.825,1015.850,1015.940
644,3.825,1015.850,1015.940
645,3.825,1015.850,1015.940
646,3.825,1015.850,1015.940
647,3.825,1015.850,1015.940
648,3.825,1015.850,1015.940
649,3.824,1015.850,1015.940
650,3.824,1015.860,1015.940
651,3.824,1015.860,1015.940
652,3.824,1015.860,1015.940
653,3.824,1015.860,1015.940
654,3.824,1015.860,1015.940
655,3.824,1015.860,1015.940
656,3.823,1015.860,1015.940
657,3.823,1015.860,1015.940
658,3.823,1015.860,1015.940
659,3.823,1015.860,1015.940
660,3.823,1015.860,1015.940
661,3.823,1015.860,1015.940
662,3.823,1015.860,1015.940
663,3.823,1015.860,1015.940
664,3.822,1015.860,1015.940
665,3.822,1015.860,1015.940
666,3.822,1015.860,1015.940
667,3.822,1015.860,1015.940
668,3.822,1015.860,1015.940
669,3.822,1015.860,1015.940
670,3.822,1015.860,1015.940
671,3.821,1015.860,1015.940
672,3.821,1015.860,1015.940
673,3.821,1015.860,1015.940
674,3.821,1015.860,1015.940
675,3.821,1015.860,1015.940
676,3.821,1015.860,1015.940
677,3.821,1015.860,1015.940
678,3.821,1015.860,1015.940
679,3.820,1015.860,1015.940
680,3.820,1015.860,1015.940
681,3.820,1015.860,1015.940
682,3.820,1015.860,1015.940
683,3.820,1015.860,1015.940
684,3.820,1015.860,1015.940
685,3.820,1015.870,1015.940
686,3.820,1015.870,1015.940
687,3.819,1015.870,1015.940
688,3.819,1015.870,1015.940
689,3.819,1015.870,1015.940
690,3.819,1015.870,1015.940
691,3.819,1015.870,1015.940
692,3.819,1015.870,1015.940
693,3.819,1015.870,1015.940
694,3.819,1015.870,1015.940
695,3.818,1015.870,1015.940
696,3.818,1015.870,1015.940
697,3.818,1015.870,1015.940
698,3.818,1015.870,1015.940
699,3.818,1015.870,1015.940
700,3.818,1015.870,1015.940
701,3.818,1015.870,1015.940
702,3.818,1015.870,1015.947
703,3.817,1015.870,1015.943
704,3.817,1015.870,1015.940
705,3.817,1015.870,1015.943
706,3.817,1015.870,1015.947
707,3.817,1015.870,1015.950
708,3.817,1015.870,1015.946
709,3.817,1015.870,1015.943
710,3.817,1015.870,1015.940
711,3.816,1015.870,1015.950
712,3.816,1015.870,1015.950
713,3.816,1015.870,1015.950
714,3.816,1015.870,1015.950
715,3.816,1015.870,1015.950
716,3.816,1015.870,1015.950
717,3.816,1015.870,1015.950
718,3.816,1015.870,1015.950
719,3.815,1015.870,1015.950
720,3.815,1015.870,1015.950
721,3.815,1015.870,1015.950
722,3.815,1015.870,1015.950
723,3.815,1015.870,1015.950
724,3.815,1015.870,1015.950
725,3.815,1015.870,1015.950
726,3.815,1015.870,1015.950
727,3.815,1015.880,1015.950
728,3.814,1015.880,1015.950
729,3.814,1015.880,1015.950
730,3.814,1015.880,1015.950
731,3.814,1015.880,1015.950
732,3.814,1015.880,1015.950
733,3.814,1015.880,1015.950
734,3.814,1015.880,1015.950
735,3.814,1015.880,1015.950
736,3.813,1015.880,1015.950
737,3.813,1015.880,1015.950
738,3.813,1015.880,1015.950
739,3.813,1015.880,1015.950
740,3.813,1015.880,1015.950
741,3.813,1015.880,1015.950
742,3.813,1015.880,1015.950
743,3.813,1015.880,1015.950
744,3.813,1015.880,1015.950
745,3.812,1015.880,1015.950
746,3.812,1015.880,1015.950
747,3.812,1015.880,1015.950
748,3.812,1015.880,1015.950
749,3.812,1015.880,1015.950
750,3.812,1015.880,1015.950
751,3.812,1015.880,1015.950
752,3.812,1015.880,1015.950
753,3.812,1015.880,1015.950
754,3.811,1015.880,1015.950
755,3.811,1015.880,1015.950
756,3.811,1015.880,1015.950
757,3.811,1015.880,1015.950
758,3.811,1015.880,1015.950
759,3.811,1015.880,1015.950
760,3.811,1015.880,1015.950
761,3.811,1015.880,1015.950
762,3.811,1015.880,1015.950
763,3.810,1015.880,1015.950
764,3.810,1015.880,1015.950
765,3.810,1015.880,1015.950
766,3.810,1015.880,1015.950
767,3.810,1015.880,1015.950
768,3.810,1015.880,1015.950
769,3.810,1015.880,1015.950
770,3.810,1015.880,1015.950
771,3.810,1015.880,1015.950
772,3.809,1015.880,1015.950
773,3.809,1015.880,1015.950
774,3.809,1015.880,1015.950
775,3.809,1015.880,1015.950
776,3.809,1015.890,1015.950
777,3.809,1015.890,1015.950
778,3.809,1015.890,1015.950
779,3.809,1015.890,1015.950
780,3.809,1015.890,1015.950
781,3.808,1015.890,1015.950
782,3.808,1015.890,1015.950
783,3.808,1015.890,1015.950
784,3.808,1015.890,1015.950
785,3.808,1015.890,1015.950
786,3.808,1015.890,1015.950
787,3.808,1015.890,1015.950
788,3.808,1015.890,1015.950
789,3.808,1015.890,1015.950
790,3.808,1015.890,1015.950
791,3.807,1015.890,1015.950
792,3.807,1015.890,1015.950
793,3.807,1015.890,1015.950
794,3.807,1015.890,1015.950
795,3.807,1015.890,1015.950
796,3.807,1015.890,1015.950
797,3.807,1015.890,1015.950
798,3.807,1015.890,1015.950
799,3.807,1015.890,1015.950
800,3.807,1015.890,1015.950
801,3.806,1015.890,1015.950
802,3.806,1015.890,1015.950
803,3.806,1015.890,1015.950
804,3.806,1015.890,1015.950
805,3.806,1015.890,1015.950
806,3.806,1015.890,1015.950
807,3.806,1015.890,1015.950
808,3.806,1015.890,1015.950
809,3.806,1015.890,1015.950
810,3.806,1015.890,1015.950
811,3.805,1015.890,1015.950
812,3.805,1015.890,1015.950
813,3.805,1015.890,1015.950
814,3.805,1015.890,1015.950
815,3.805,1015.890,1015.950
816,3.805,1015.890,1015.950
817,3.805,1015.890,1015.950
818,3.805,1015.890,1015.950
819,3.805,1015.890,1015.950
820,3.805,1015.890,1015.950
821,3.804,1015.890,1015.950
822,3.804,1015.890,1015.950
823,3.804,1015.890,1015.950
824,3.804,1015.890,1015.950
825,3.804,1015.890,1015.950
826,3.804,1015.890,1015.950
827,3.804,1015.890,1015.950
828,3.804,1015.890,1015.950
829,3.804,1015.890,1015.950
830,3.804,1015.890,1015.950
831,3.803,1015.890,1015.950
832,3.803,1015.890,1015.950
833,3.803,1015.890,1015.950
834,3.803,1015.890,1015.950
835,3.803,1015.900,1015.950
836,3.803,1015.900,1015.950
837,3.803,1015.900,1015.950
838,3.803,1015.900,1015.950
839,3.803,1015.900,1015.950
840,3.803,1015.900,1015.950
841,3.802,1015.900,1015.950
842,3.802,1015.900,1015.950
843,3.802,1015.900,1015.950
844,3.802,1015.900,1015.950
845,3.802,1015.900,1015.950
846,3.802,1015.900,1015.950
847,3.802,1015.900,1015.950
848,3.802,1015.900,1015.950
849,3.802,1015.900,1015.950
850,3.802,1015.900,1015.950
851,3.802,1015.900,1015.950
852,3.801,1015.900,1015.950
853,3.801,1015.900,1015.958
854,3.801,1015.900,1015.955
855,3.801,1015.900,1015.952
856,3.801,1015.900,1015.951
857,3.801,1015.900,1015.954
858,3.801,1015.900,1015.957
859,3.801,1015.900,1015.960
860,3.801,1015.900,1015.957
861,3.801,1015.900,1015.954
862,3.801,1015.900,1015.951
863,3.800,1015.900,1015.952
864,3.800,1015.900,1015.960
865,3.800,1015.900,1015.960
866,3.800,1015.900,1015.960
867,3.800,1015.900,1015.960
868,3.800,1015.900,1015.960
869,3.800,1015.900,1015.960
870,3.800,1015.900,1015.960
871,3.800,1015.900,1015.960
872,3.800,1015.900,1015.960
873,3.799,1015.900,1015.960
874,3.799,1015.900,1015.960
875,3.799,1015.900,1015.960
876,3.799,1015.900,1015.960
877,3.799,1015.900,1015.960
878,3.799,1015.900,1015.960
879,3.799,1015.900,1015.960
880,3.799,1015.900,1015.960
881,3.799,1015.900,1015.960
882,3.799,1015.900,1015.960
883,3.799,1015.900,1015.960
884,3.799,1015.900,1015.960
885,3.798,1015.900,1015.960
886,3.798,1015.900,1015.960
887,3.798,1015.900,1015.960
888,3.798,1015.900,1015.960
889,3.798,1015.900,1015.960
890,3.798,1015.900,1015.960
891,3.798,1015.900,1015.960
892,3.798,1015.900,1015.960
893,3.798,1015.900,1015.960
894,3.798,1015.900,1015.960
895,3.798,1015.900,1015.960
896,3.797,1015.900,1015.960
897,3.797,1015.900,1015.960
898,3.797,1015.900,1015.960
899,3.797,1015.900,1015.960
900,3.797,1015.900,1015.960
901,3.797,1015.900,1015.960
902,3.797,1015.900,1015.960
903,3.797,1015.900,1015.960
904,3.797,1015.900,1015.960
905,3.797,1015.900,1015.960
906,3.797,1015.900,1015.960
907,3.797,1015.910,1015.960
908,3.796,1015.910,1015.960
909,3.796,1015.910,1015.960
910,3.796,1015.910,1015.960
911,3.796,1015.910,1015.960
912,3.796,1015.910,1015.960
913,3.796,1015.910,1015.960
914,3.796,1015.910,1015.960
915,3.796,1015.910,1015.960
916,3.796,1015.910,1015.960
917,3.796,1015.910,1015.960
918,3.796,1015.910,1015.960
919,3.795,1015.910,1015.960
920,3.795,1015.910,1015.960
921,3.795,1015.910,1015.960
922,3.795,1015.910,1015.960
923,3.795,1015.910,1015.960
924,3.795,1015.910,1015.960
925,3.795,1015.910,1015.960
926,3.795,1015.910,1015.960
927,3.795,1015.910,1015.960
928,3.795,1015.910,1015.960
929,3.795,1015.910,1015.960
930,3.795,1015.910,1015.960
931,3.794,1015.910,1015.960
932,3.794,1015.910,1015.960
933,3.794,1015.910,1015.960
934,3.794,1015.910,1015.960
935,3.794,1015.910,1015.960
936,3.794,1015.910,1015.960
937,3.794,1015.910,1015.960
938,3.794,1015.910,1015.960
939,3.794,1015.910,1015.960
940,3.794,1015.910,1015.960
941,3.794,1015.910,1015.960
942,3.794,1015.910,1015.960
943,3.793,1015.910,1015.960
944,3.793,1015.910,1015.960
945,3.793,1015.910,1015.960
946,3.793,1015.910,1015.960
947,3.793,1015.910,1015.960
948,3.793,1015.910,1015.960
949,3.793,1015.910,1015.960
950,3.793,1015.910,1015.960
951,3.793,1015.910,1015.960
952,3.793,1015.910,1015.960
953,3.793,1015.910,1015.960
954,3.793,1015.910,1015.960
955,3.793,1015.910,1015.960
956,3.792,1015.910,1015.960
957,3.792,1015.910,1015.960
958,3.792,1015.910,1015.960
959,3.792,1015.910,1015.960
960,3.792,1015.910,1015.960
961,3.792,1015.910,1015.960
962,3.792,1015.910,1015.960
963,3.792,1015.910,1015.960
964,3.792,1015.910,1015.960
965,3.792,1015.910,1015.960
966,3.792,1015.910,1015.960
967,3.792,1015.910,1015.960
968,3.791,1015.910,1015.960
969,3.791,1015.910,1015.960
970,3.791,1015.910,1015.960
971,3.791,1015.910,1015.960
972,3.791,1015.910,1015.960
973,3.791,1015.910,1015.960
974,3.791,1015.910,1015.960
975,3.791,1015.910,1015.960
976,3.791,1015.910,1015.960
977,3.791,1015.910,1015.960
978,3.791,1015.910,1015.960
979,3.791,1015.910,1015.960
980,3.791,1015.910,1015.960
981,3.790,1015.910,1015.960
982,3.790,1015.910,1015.960
983,3.790,1015.910,1015.960
984,3.790,1015.910,1015.960
985,3.790,1015.910,1015.960
986,3.790,1015.910,1015.960
987,3.790,1015.910,1015.960
988,3.790,1015.910,1015.960
989,3.790,1015.910,1015.960
990,3.790,1015.910,1015.960
991,3.790,1015.910,1015.960
992,3.790,1015.910,1015.960
993,3.790,1015.910,1015.960
994,3.789,1015.910,1015.960
995,3.789,1015.910,1015.960
996,3.789,1015.910,1015.960
997,3.789,1015.918,1015.960
998,3.789,1015.920,1015.960
999,3.789,1015.920,1015.960
1000,3.789,1015.920,1015.960
1001,3.789,1015.920,1015.960
1002,3.789,1015.920,1015.960
1003,3.789,1015.920,1015.960
1004,3.789,1015.920,1015.960
1005,3.789,1015.920,1015.960
1006,3.789,1015.920,1015.960
1007,3.789,1015.920,1015.960
1008,3.789,1015.920,1015.960
1009,3.789,1015.920,1015.960
1010,3.789,1015.920,1015.960
1011,3.789,1015.920,1015.960
1012,3.789,1015.920,1015.960
1013,3.789,1015.920,1015.960
1014,3.789,1015.920,1015.960
1015,3.789,1015.920,1015.960
1016,3.789,1015.920,1015.960
1017,3.789,1015.920,1015.960
1018,3.789,1015.920,1015.960
1019,3.789,1015.920,1015.960
1020,3.789,1015.920,1015.960
1021,3.789,1015.920,1015.960
1022,3.789,1015.920,1015.960
1023,3.789,1015.920,1015.960
1024,3.789,1015.920,1015.960
1025,3.789,1015.920,1015.960
1026,3.789,1015.920,1015.960
1027,3.789,1015.920,1015.960
1028,3.789,1015.920,1015.960
1029,3.789,1015.920,1015.960
1030,3.789,1015.920,1015.960
1031,3.789,1015.920,1015.960
1032,3.789,1015.920,1015.960
1033,3.789,1015.920,1015.960
1034,3.789,1015.920,1015.960
1035,3.789,1015.920,1015.960
1036,3.789,1015.920,1015.960
1037,3.789,1015.920,1015.960
1038,3.789,1015.920,1015.960
1039,3.789,1015.920,1015.960
1040,3.789,1015.920,1015.960
1041,3.789,1015.920,1015.960
1042,3.789,1015.920,1015.960
1043,3.789,1015.920,1015.960
1044,3.789,1015.920,1015.960
1045,3.789,1015.920,1015.960
1046,3.789,1015.920,1015.960
1047,3.789,1015.920,1015.960
1048,3.789,1015.920,1015.960
1049,3.789,1015.920,1015.960
1050,3.789,1015.920,1015.960
1051,3.789,1015.920,1015.960
1052,3.789,1015.920,1015.960
1053,3.789,1015.920,1015.960
1054,3.789,1015.920,1015.960
1055,3.789,1015.920,1015.960
1056,3.789,1015.920,1015.960
1057,3.789,1015.920,1015.960
1058,3.789,1015.920,1015.960
1059,3.789,1015.920,1015.960
1060,3.789,1015.920,1015.960
1061,3.789,1015.920,1015.960
1062,3.789,1015.920,1015.960
1063,3.789,1015.920,1015.960
1064,3.789,1015.920,1015.960
1065,3.789,1015.920,1015.960
1066,3.789,1015.920,1015.960
1067,3.789,1015.920,1015.960
1068,3.789,1015.920,1015.960
1069,3.789,1015.920,1015.960
1070,3.789,1015.920,1015.960
1071,3.789,1015.920,1015.960
1072,3.789,1015.920,1015.960
1073,3.789,1015.920,1015.960
1074,3.789,1015.920,1015.960
1075,3.789,1015.920,1015.960
1076,3.789,1015.920,1015.960
1077,3.789,1015.920,1015.960
1078,3.789,1015.920,1015.960
1079,3.789,1015.920,1015.960
1080,3.789,1015.920,1015.960
1081,3.789,1015.920,1015.960
1082,3.789,1015.920,1015.960
1083,3.789,1015.920,1015.960
1084,3.789,1015.920,1015.960
1085,3.789,1015.920,1015.960
1086,3.789,1015.920,1015.960
1087,3.789,1015.920,1015.960
1088,3.789,1015.920,1015.960
1089,3.789,1015.920,1015.960
1090,3.789,1015.920,1015.960
1091,3.789,1015.920,1015.960
1092,3.789,1015.920,1015.960
1093,3.789,1015.920,1015.960
1094,3.789,1015.920,1015.960
1095,3.789,1015.920,1015.960
1096,3.789,1015.920,1015.960
1097,3.789,1015.920,1015.960
1098,3.789,1015.920,1015.960
1099,3.789,1015.920,1015.960
1100,3.789,1015.920,1015.960
1101,3.789,1015.920,1015.960
1102,3.789,1015.920,1015.960
1103,3.789,1015.920,1015.960
1104,3.789,1015.920,1015.960
1105,3.789,1015.920,1015.960
1106,3.789,1015.920,1015.960
1107,3.789,1015.920,1015.960
1108,3.789,1015.920,1015.960
1109,3.789,1015.920,1015.960
1110,3.789,1015.920,1015.960
1111,3.789,1015.920,1015.960
1112,3.789,1015.920,1015.960
1113,3.789,1015.920,1015.960
1114,3.789,1015.920,1015.960
1115,3.789,1015.920,1015.960
1116,3.789,1015.920,1015.960
1117,3.789,1015.920,1015.960
1118,3.789,1015.920,1015.960
1119,3.789,1015.920,1015.960
1120,3.789,1015.920,1015.960
1121,3.789,1015.920,1015.960
1122,3.789,1015.920,1015.960
1123,3.789,1015.920,1015.960
1124,3.789,1015.920,1015.960
1125,3.789,1015.920,1015.960
1126,3.789,1015.920,1015.960
1127,3.789,1015.920,1015.960
1128,3.789,1015.920,1015.960
1129,3.789,1015.920,1015.960
1130,3.789,1015.920,1015.960
1131,3.789,1015.920,1015.960
1132,3.789,1015.920,1015.960
1133,3.789,1015.920,1015.960
1134,3.789,1015.920,1015.960
1135,3.789,1015.920,1015.960
1136,3.789,1015.920,1015.960
1137,3.789,1015.920,1015.960
1138,3.789,1015.920,1015.960
1139,3.789,1015.920,1015.960
1140,3.789,1015.920,1015.960
1141,3.789,1015.920,1015.960
1142,3.789,1015.920,1015.960
1143,3.789,1015.920,1015.960
1144,3.789,1015.920,1015.960
1145,3.789,1015.920,1015.960
1146,3.789,1015.920,1015.960
1147,3.789,1015.920,1015.960
1148,3.789,1015.920,1015.960
1149,3.789,1015.920,1015.960
1150,3.789,1015.920,1015.960
1151,3.789,1015.920,1015.960
1152,3.789,1015.920,1015.960
1153,3.789,1015.920,1015.960
1154,3.789,1015.920,1015.960
1155,3.789,1015.920,1015.960
1156,3.789,1015.920,1015.960
1157,3.789,1015.920,1015.960
1158,3.789,1015.920,1015.960
1159,3.789,1015.920,1015.960
1160,3.789,1015.920,1015.960
1161,3.789,1015.920,1015.960
1162,3.789,1015.920,1015.960
1163,3.789,1015.920,1015.960
1164,3.789,1015.920,1015.960
1165,3.789,1015.920,1015.960
1166,3.789,1015.920,1015.960
1167,3.789,1015.920,1015.960
1168,3.789,1015.920,1015.960
1169,3.789,1015.920,1015.960
1170,3.789,1015.920,1015.960
1171,3.789,1015.920,1015.960
1172,3.789,1015.920,1015.960
1173,3.789,1015.920,1015.960
1174,3.789,1015.920,1015.960
1175,3.789,1015.920,1015.960
1176,3.789,1015.920,1015.960
1177,3.789,1015.920,1015.960
1178,3.789,1015.920,1015.960
1179,3.789,1015.920,1015.960
1180,3.789,1015.920,1015.960
1181,3.789,1015.920,1015.960
1182,3.789,1015.920,1015.960
1183,3.789,1015.920,1015.960
1184,3.789,1015.920,1015.960
1185,3.789,1015.920,1015.960
1186,3.789,1015.920,1015.960
1187,3.789,1015.920,1015.960
1188,3.789,1015.920,1015.960
1189,3.789,1015.920,1015.960
1190,3.789,1015.920,1015.960
1191,3.789,1015.920,1015.960
1192,3.789,1015.920,1015.960
1193,3.789,1015.920,1015.960
1194,3.789,1015.920,1015.960
1195,3.789,1015.920,1015.960
1196,3.789,1015.920,1015.960
1197,3.789,1015.920,1015.960
1198,3.789,1015.920,1015.960
1199,3.789,1015.920,1015.960
1200,3.789,1015.920,1015.960
1201,3.789,1015.920,1015.960
1202,3.789,1015.920,1015.960
1203,3.789,1015.920,1015.960
1204,3.789,1015.920,1015.960
1205,3.789,1015.920,1015.960
1206,3.789,1015.920,1015.960
1207,3.789,1015.920,1015.960
1208,3.789,1015.920,1015.960
1209,3.789,1015.920,1015.960
1210,3.789,1015.920,1015.960
1211,3.789,1015.920,1015.960
1212,3.789,1015.920,1015.960
1213,3.789,1015.920,1015.960
1214,3.789,1015.920,1015.960
1215,3.789,1015.920,1015.960
1216,3.789,1015.920,1015.960
1217,3.789,1015.920,1015.960
1218,3.789,1015.920,1015.960
1219,3.789,1015.920,1015.960
1220,3.789,1015.920,1015.960
1221,3.789,1015.920,1015.960
1222,3.789,1015.920,1015.960
1223,3.789,1015.920,1015.960
1224,3.789,1015.920,1015.960
1225,3.789,1015.920,1015.960
1226,3.789,1015.920,1015.960
1227,3.789,1015.920,1015.960
1228,3.789,1015.920,1015.960
1229,3.789,1015.920,1015.960
1230,3.789,1015.920,1015.960
1231,3.789,1015.920,1015.960
1232,3.789,1015.920,1015.960
1233,3.789,1015.920,1015.960
1234,3.789,1015.920,1015.960
1235,3.789,1015.920,1015.960
1236,3.789,1015.920,1015.960
1237,3.789,1015.920,1015.960
1238,3.789,1015.920,1015.960
1239,3.789,1015.920,1015.960
1240,3.789,1015.920,1015.960
1241,3.789,1015.920,1015.960
1242,3.789,1015.920,1015.960
1243,3.789,1015.920,1015.960
1244,3.789,1015.920,1015.960
1245,3.789,1015.920,1015.960
1246,3.789,1015.920,1015.960
1247,3.789,1015.920,1015.960
1248,3.789,1015.920,1015.960
1249,3.789,1015.920,1015.960
1250,3.789,1015.920,1015.960
1251,3.789,1015.920,1015.960
1252,3.789,1015.920,1015.960
1253,3.789,1015.920,1015.960
1254,3.789,1015.920,1015.960
1255,3.789,1015.920,1015.960
1256,3.789,1015.920,1015.960
1257,3.789,1015.920,1015.960
1258,3.789,1015.920,1015.960
1259,3.789,1015.920,1015.960
1260,3.789,1015.920,1015.960
1261,3.789,1015.920,1015.960
1262,3.789,1015.920,1015.960
1263,3.789,1015.920,1015.960
1264,3.789,1015.920,1015.960
1265,3.789,1015.920,1015.960
1266,3.789,1015.920,1015.960
1267,3.789,1015.920,1015.960
1268,3.789,1015.920,1015.960
1269,3.789,1015.920,1015.960
1270,3.789,1015.920,1015.960
1271,3.789,1015.920,1015.960
1272,3.789,1015.920,1015.960
1273,3.789,1015.920,1015.960
1274,3.789,1015.920,1015.960
1275,3.789,1015.920,1015.960
1276,3.789,1015.920,1015.960
1277,3.789,1015.920,1015.960
1278,3.789,1015.920,1015.960
1279,3.789,1015.920,1015.960
1280,3.789,1015.920,1015.960
1281,3.789,1015.920,1015.960
1282,3.789,1015.920,1015.960
1283,3.789,1015.920,1015.960
1284,3.789,1015.920,1015.960
1285,3.789,1015.920,1015.960
1286,3.789,1015.920,1015.960
1287,3.789,1015.920,1015.960
1288,3.789,1015.920,1015.960
1289,3.789,1015.920,1015.960
1290,3.789,1015.920,1015.960
1291,3.789,1015.920,1015.960
1292,3.789,1015.920,1015.960
1293,3.789,1015.920,1015.960
1294,3.789,1015.920,1015.960
1295,3.789,1015.920,1015.960
1296,3.789,1015.920,1015.960
1297,3.789,1015.920,1015.960
1298,3.789,1015.920,1015.960
1299,3.789,1015.920,1015.960
1300,3.789,1015.920,1015.960
1301,3.789,1015.920,1015.960
1302,3.789,1015.920,1015.960
1303,3.789,1015.920,1015.960
1304,3.789,1015.920,1015.960
1305,3.789,1015.920,1015.960
1306,3.789,1015.920,1015.960
1307,3.789,1015.920,1015.960
1308,3.789,1015.920,1015.960
1309,3.789,1015.920,1015.960
1310,3.789,1015.920,1015.960
1311,3.789,1015.920,1015.960
1312,3.789,1015.920,1015.960
1313,3.789,1015.920,1015.960
1314,3.789,1015.920,1015.960
1315,3.789,1015.920,1015.960
1316,3.789,1015.920,1015.960
1317,3.789,1015.920,1015.960
1318,3.789,1015.920,1015.960
1319,3.789,1015.920,1015.960
1320,3.789,1015.920,1015.960
1321,3.789,1015.920,1015.960
1322,3.789,1015.920,1015.960
1323,3.789,1015.920,1015.960
1324,3.789,1015.920,1015.960
1325,3.789,1015.920,1015.960
1326,3.789,1015.920,1015.960
1327,3.789,1015.920,1015.960
1328,3.789,1015.920,1015.960
1329,3.789,1015.920,1015.960
1330,3.789,1015.920,1015.960
1331,3.789,1015.920,1015.960
1332,3.789,1015.920,1015.960
1333,3.789,1015.920,1015.960
1334,3.789,1015.920,1015.960
1335,3.789,1015.920,1015.960
1336,3.789,1015.920,1015.960
1337,3.789,1015.920,1015.960
1338,3.789,1015.920,1015.960
1339,3.789,1015.920,1015.960
1340,3.789,1015.920,1015.960
1341,3.789,1015.920,1015.960
1342,3.789,1015.920,1015.960
1343,3.789,1015.920,1015.960
1344,3.789,1015.920,1015.960
1345,3.789,1015.920,1015.960
1346,3.789,1015.920,1015.960
1347,3.789,1015.920,1015.960
1348,3.789,1015.920,1015.960
1349,3.789,1015.920,1015.960
1350,3.789,1015.920,1015.960
1351,3.789,1015.920,1015.960
1352,3.789,1015.920,1015.960
1353,3.789,1015.920,1015.960
1354,3.789,1015.920,1015.960
1355,3.789,1015.920,1015.960
1356,3.789,1015.920,1015.960
1357,3.789,1015.920,1015.960
1358,3.789,1015.920,1015.960
1359,3.789,1015.920,1015.960
1360,3.789,1015.920,1015.960
1361,3.789,1015.920,1015.960
1362,3.789,1015.920,1015.960
1363,3.789,1015.920,1015.960
1364,3.789,1015.920,1015.960
1365,3.789,1015.920,1015.960
1366,3.789,1015.920,1015.960
1367,3.789,1015.920,1015.960
1368,3.789,1015.920,1015.960
1369,3.789,1015.920,1015.960
1370,3.789,1015.920,1015.960
1371,3.789,1015.920,1015.960
1372,3.789,1015.920,1015.960
1373,3.789,1015.920,1015.960
1374,3.789,1015.920,1015.960
1375,3.789,1015.920,1015.960
1376,3.789,1015.920,1015.960
1377,3.789,1015.920,1015.960
1378,3.789,1015.920,1015.960
1379,3.789,1015.920,1015.960
1380,3.789,1015.920,1015.960
1381,3.789,1015.920,1015.960
1382,3.789,1015.920,1015.960
1383,3.789,1015.920,1015.960
1384,3.789,1015.920,1015.960
1385,3.789,1015.920,1015.960
1386,3.789,1015.920,1015.960
1387,3.789,1015.920,1015.960
1388,3.789,1015.920,1015.960
1389,3.789,1015.920,1015.960
1390,3.789,1015.920,1015.960
1391,3.789,1015.920,1015.960
1392,3.789,1015.920,1015.960
1393,3.789,1015.920,1015.960
1394,3.789,1015.920,1015.960
1395,3.789,1015.920,1015.960
1396,3.789,1015.920,1015.960
1397,3.789,1015.920,1015.960
1398,3.789,1015.920,1015.960
1399,3.789,1015.920,1015.960
1400,3.789,1015.920,1015.960
1401,3.789,1015.920,1015.960
1402,3.789,1015.920,1015.960
1403,3.789,1015.920,1015.960
1404,3.789,1015.920,1015.960
1405,3.789,1015.920,1015.960
1406,3.789,1015.920,1015.960
1407,3.789,1015.920,1015.960
1408,3.789,1015.920,1015.960
1409,3.789,1015.920,1015.960
1410,3.789,1015.920,1015.960
1411,3.789,1015.920,1015.960
1412,3.789,1015.920,1015.960
1413,3.789,1015.920,1015.960
1414,3.789,1015.920,1015.960
1415,3.789,1015.920,1015.960
1416,3.789,1015.920,1015.960
1417,3.789,1015.920,1015.960
1418,3.789,1015.920,1015.960
1419,3.789,1015.920,1015.960
1420,3.789,1015.920,1015.960
1421,3.789,1015.920,1015.960
1422,3.789,1015.920,1015.960
1423,3.789,1015.920,1015.960
1424,3.789,1015.920,1015.960
1425,3.789,1015.920,1015.960
1426,3.789,1015.920,1015.960
1427,3.789,1015.920,1015.960
1428,3.789,1015.920,1015.960
1429,3.789,1015.920,1015.960
1430,3.789,1015.920,1015.960
1431,3.789,1015.920,1015.960
1432,3.789,1015.920,1015.960
1433,3.789,1015.920,1015.960
1434,3.789,1015.920,1015.960
1435,3.789,1015.920,1015.960
1436,3.789,1015.920,1015.960
1437,3.789,1015.920,1015.960
1438,3.789,1015.920,1015.960
1439,3.789,1015.920,1015.960
1440,3.789,1015.920,1015.960
1441,3.789,1015.920,1015.960
1442,3.789,1015.920,1015.960
1443,3.789,1015.920,1015.960
1444,3.789,1015.920,1015.960
1445,3.789,1015.920,1015.960
1446,3.789,1015.920,1015.960
1447,3.789,1015.920,1015.960
1448,3.789,1015.920,1015.960
1449,3.789,1015.920,1015.960
1450,3.789,1015.920,1015.960
1451,3.789,1015.920,1015.960
1452,3.789,1015.920,1015.960
1453,3.789,1015.920,1015.960
1454,3.789,1015.920,1015.960
1455,3.789,1015.920,1015.960
1456,3.789,1015.920,1015.960
1457,3.789,1015.920,1015.960
1458,3.789,1015.920,1015.960
1459,3.789,1015.920,1015.960
1460,3.789,1015.920,1015.960
1461,3.789,1015.920,1015.960
1462,3.789,1015.920,1015.960
1463,3.789,1015.920,1015.960
1464,3.789,1015.920,1015.960
1465,3.789,1015.920,1015.960
1466,3.789,1015.920,1015.960
1467,3.789,1015.920,1015.960
1468,3.789,1015.920,1015.960
1469,3.789,1015.920,1015.960
1470,3.789,1015.920,1015.960
1471,3.789,1015.920,1015.960
1472,3.789,1015.920,1015.960
1473,3.789,1015.920,1015.960
1474,3.789,1015.920,1015.960
1475,3.789,1015.920,1015.960
1476,3.789,1015.920,1015.960
1477,3.789,1015.920,1015.960
1478,3.789,1015.920,1015.960
1479,3.789,1015.920,1015.960
1480,3.789,1015.920,1015.960
1481,3.789,1015.920,1015.960
1482,3.789,1015.920,1015.960
1483,3.789,1015.920,1015.960
1484,3.789,1015.920,1015.960
1485,3.789,1015.920,1015.960
1486,3.789,1015.920,1015.960
1487,3.789,1015.920,1015.960
1488,3.789,1015.920,1015.960
1489,3.789,1015.920,1015.960
1490,3.789,1015.920,1015.960
1491,3.789,1015.920,1015.960
1492,3.789,1015.920,1015.960
1493,3.789,1015.920,1015.960
1494,3.789,1015.920,1015.960
1495,3.789,1015.920,1015.960
1496,3.789,1015.920,1015.960
1497,3.789,1015.920,1015.960
1498,3.789,1015.920,1015.960
1499,3.789,1015.920,1015.960
1500,3.789,1015.920,1015.960
1501,3.789,1015.920,1015.960
1502,3.789,1015.920,1015.960
1503,3.789,1015.920,1015.960
1504,3.789,1015.920,1015.960
1505,3.789,1015.920,1015.960
1506,3.789,1015.920,1015.960
1507,3.789,1015.920,1015.960
1508,3.789,1015.920,1015.960
1509,3.789,1015.920,1015.960
1510,3.789,1015.920,1015.960
1511,3.789,1015.920,1015.960
1512,3.789,1015.920,1015.960
1513,3.789,1015.920,1015.960
1514,3.789,1015.920,1015.960
1515,3.789,1015.920,1015.960
1516,3.789,1015.920,1015.960
1517,3.789,1015.920,1015.960
1518,3.789,1015.920,1015.960
1519,3.789,1015.920,1015.960
1520,3.789,1015.920,1015.960
1521,3.789,1015.920,1015.960
1522,3.789,1015.920,1015.960
1523,3.789,1015.920,1015.960
1524,3.789,1015.920,1015.960
1525,3.789,1015.920,1015.960
1526,3.789,1015.920,1015.960
1527,3.789,1015.920,1015.960
1528,3.789,1015.920,1015.960
1529,3.789,1015.920,1015.960
1530,3.789,1015.920,1015.960
1531,3.789,1015.920,1015.960
1532,3.789,1015.920,1015.960
1533,3.789,1015.920,1015.960
1534,3.789,1015.920,1015.960
1535,3.789,1015.920,1015.960
1536,3.789,1015.920,1015.960
1537,3.789,1015.920,1015.960
1538,3.789,1015.920,1015.960
1539,3.789,1015.920,1015.960
1540,3.789,1015.920,1015.960
1541,3.789,1015.920,1015.960
1542,3.789,1015.920,1015.960
1543,3.789,1015.920,1015.960
1544,3.789,1015.920,1015.960
1545,3.789,1015.920,1015.960
1546,3.789,1015.920,1015.960
1547,3.789,1015.920,1015.960
1548,3.789,1015.920,1015.960
1549,3.789,1015.920,1015.960
1550,3.789,1015.920,1015.960
1551,3.789,1015.920,1015.960
1552,3.789,1015.920,1015.960
1553,3.789,1015.920,1015.960
1554,3.789,1015.920,1015.960
1555,3.789,1015.920,1015.960
1556,3.789,1015.920,1015.960
1557,3.789,1015.920,1015.960
1558,3.789,1015.920,1015.960
1559,3.789,1015.920,1015.960
1560,3.789,1015.920,1015.960
1561,3.789,1015.920,1015.960
1562,3.789,1015.920,1015.960
1563,3.789,1015.920,1015.960
1564,3.789,1015.920,1015.960
1565,3.789,1015.920,1015.960
1566,3.789,1015.920,1015.960
1567,3.789,1015.920,1015.960
1568,3.789,1015.920,1015.960
1569,3.789,1015.920,1015.960
1570,3.789,1015.920,1015.960
1571,3.789,1015.920,1015.960
1572,3.789,1015.920,1015.960
1573,3.789,1015.920,1015.960
1574,3.789,1015.920,1015.960
1575,3.789,1015.920,1015.960
1576,3.789,1015.920,1015.960
1577,3.789,1015.920,1015.960
1578,3.789,1015.920,1015.960
1579,3.789,1015.920,1015.960
1580,3.789,1015.920,1015.960
1581,3.789,1015.920,1015.960
1582,3.789,1015.920,1015.960
1583,3.789,1015.920,1015.960
1584,3.789,1015.920,1015.960
1585,3.789,1015.920,1015.960
1586,3.789,1015.920,1015.960
1587,3.789,1015.920,1015.960
1588,3.789,1015.920,1015.960
1589,3.789,1015.920,1015.960
1590,3.789,1015.920,1015.960
1591,3.789,1015.920,1015.960
1592,3.789,1015.920,1015.960
1593,3.789,1015.920,1015.960
1594,3.789,1015.920,1015.960
1595,3.789,1015.920,1015.960
1596,3.789,1015.920,1015.960
1597,3.789,1015.920,1015.960
1598,3.789,1015.920,1015.960
1599,3.789,1015.920,1015.960
1600,3.789,1015.920,1015.960
1601,3.789,1015.920,1015.960
1602,3.789,1015.920,1015.960
1603,3.789,1015.920,1015.960
1604,3.789,1015.920,1015.960
1605,3.789,1015.920,1015.960
1606,3.789,1015.920,1015.960
1607,3.789,1015.920,1015.960
1608,3.789,1015.920,1015.960
1609,3.789,1015.920,1015.960
1610,3.789,1015.920,1015.960
1611,3.789,1015.920,1015.960
1612,3.789,1015.920,1015.960
1613,3.789,1015.920,1015.960
1614,3.789,1015.920,1015.960
1615,3.789,1015.920,1015.960
1616,3.789,1015.920,1015.960
1617,3.789,1015.920,1015.960
1618,3.789,1015.920,1015.960
1619,3.789,1015.920,1015.960
1620,3.789,1015.920,1015.960
1621,3.789,1015.920,1015.960
1622,3.789,1015.920,1015.960
1623,3.789,1015.920,1015.960
1624,3.789,1015.920,1015.960
1625,3.789,1015.920,1015.960
1626,3.789,1015.920,1015.960
1627,3.789,1015.920,1015.960
1628,3.789,1015.920,1015.960
1629,3.789,1015.920,1015.960
1630,3.789,1015.920,1015.960
1631,3.789,1015.920,1015.960
1632,3.789,1015.920,1015.960
1633,3.789,1015.920,1015.960
1634,3.789,1015.920,1015.960
1635,3.789,1015.920,1015.960
1636,3.789,1015.920,1015.960
1637,3.789,1015.920,1015.960
1638,3.789,1015.920,1015.960
1639,3.789,1015.920,1015.960
1640,3.789,1015.920,1015.960
1641,3.789,1015.920,1015.960
1642,3.789,1015.920,1015.960
1643,3.789,1015.920,1015.960
1644,3.789,1015.920,1015.960
1645,3.789,1015.920,1015.960
1646,3.789,1015.920,1015.960
1647,3.789,1015.920,1015.960
1648,3.789,1015.920,1015.960
1649,3.789,1015.920,1015.960
1650,3.789,1015.920,1015.960
1651,3.789,1015.920,1015.960
1652,3.789,1015.920,1015.960
1653,3.789,1015.920,1015.960
1654,3.789,1015.920,1015.960
1655,3.789,1015.920,1015.960
1656,3.789,1015.920,1015.960
1657,3.789,1015.920,1015.960
1658,3.789,1015.920,1015.960
1659,3.789,1015.920,1015.960
1660,3.789,1015.920,1015.960
1661,3.789,1015.920,1015.960
1662,3.789,1015.920,1015.960
1663,3.789,1015.920,1015.960
1664,3.789,1015.920,1015.960
1665,3.789,1015.920,1015.960
1666,3.789,1015.920,1015.960
1667,3.789,1015.920,1015.960
1668,3.789,1015.920,1015.960
1669,3.789,1015.920,1015.960
1670,3.789,1015.920,1015.960
1671,3.789,1015.920,1015.960
1672,3.789,1015.920,1015.960
1673,3.789,1015.920,1015.960
1674,3.789,1015.920,1015.960
1675,3.789,1015.920,1015.960
1676,3.789,1015.920,1015.960
1677,3.789,1015.920,1015.960
1678,3.789,1015.920,1015.960
1679,3.789,1015.920,1015.960
1680,3.789,1015.920,1015.960
1681,3.789,1015.920,1015.960
1682,3.789,1015.920,1015.960
1683,3.789,1015.920,1015.960
1684,3.789,1015.920,1015.960
1685,3.789,1015.920,1015.960
1686,3.789,1015.920,1015.960
1687,3.789,1015.920,1015.960
1688,3.789,1015.920,1015.960
1689,3.789,1015.920,1015.960
1690,3.789,1015.920,1015.960
1691,3.789,1015.920,1015.960
1692,3.789,1015.920,1015.960
1693,3.789,1015.920,1015.960
1694,3.789,1015.920,1015.960
1695,3.789,1015.920,1015.960
1696,3.789,1015.920,1015.960
1697,3.789,1015.920,1015.960
1698,3.789,1015.920,1015.960
1699,3.789,1015.920,1015.960
1700,3.789,1015.920,1015.960
1701,3.789,1015.920,1015.960
1702,3.789,1015.920,1015.960
1703,3.789,1015.920,1015.960
1704,3.789,1015.920,1015.960
1705,3.789,1015.920,1015.960
1706,3.789,1015.920,1015.960
1707,3.789,1015.920,1015.960
1708,3.789,1015.920,1015.960
1709,3.789,1015.920,1015.960
1710,3.789,1015.920,1015.960
1711,3.789,1015.920,1015.960
1712,3.789,1015.920,1015.960
1713,3.789,1015.920,1015.960
1714,3.789,1015.920,1015.960
1715,3.789,1015.920,1015.960
1716,3.789,1015.920,1015.960
1717,3.789,1015.920,1015.960
1718,3.789,1015.920,1015.960
1719,3.789,1015.920,1015.960
1720,3.789,1015.920,1015.960
1721,3.789,1015.920,1015.960
1722,3.789,1015.920,1015.960
1723,3.789,1015.920,1015.960
1724,3.789,1015.920,1015.960
1725,3.789,1015.920,1015.960
1726,3.789,1015.920,1015.960
1727,3.789,1015.920,1015.960
1728,3.789,1015.920,1015.960
1729,3.789,1015.920,1015.960
1730,3.789,1015.920,1015.960
1731,3.789,1015.920,1015.960
1732,3.789,1015.920,1015.960
1733,3.789,1015.920,1015.960
1734,3.789,1015.920,1015.960
1735,3.789,1015.920,1015.960
1736,3.789,1015.920,1015.960
1737,3.789,1015.920,1015.960
1738,3.789,1015.920,1015.960
1739,3.789,1015.920,1015.960
1740,3.789,1015.920,1015.960
1741,3.789,1015.920,1015.960
1742,3.789,1015.920,1015.960
1743,3.789,1015.920,1015.960
1744,3.789,1015.920,1015.960
1745,3.789,1015.920,1015.960
1746,3.789,1015.920,1015.960
1747,3.789,1015.920,1015.960
1748,3.789,1015.920,1015.960
1749,3.789,1015.920,1015.960
1750,3.789,1015.920,1015.960
1751,3.789,1015.920,1015.960
1752,3.789,1015.920,1015.960
1753,3.789,1015.920,1015.960
1754,3.789,1015.920,1015.960
1755,3.789,1015.920,1015.960
1756,3.789,1015.920,1015.960
1757,3.789,1015.920,1015.960
1758,3.789,1015.920,1015.960
1759,3.789,1015.920,1015.960
1760,3.789,1015.920,1015.960
1761,3.789,1015.920,1015.960
1762,3.789,1015.920,1015.960
1763,3.789,1015.920,1015.960
1764,3.789,1015.920,1015.960
1765,3.789,1015.920,1015.960
1766,3.789,1015.920,1015.960
1767,3.789,1015.920,1015.960
1768,3.789,1015.920,1015.960
1769,3.789,1015.920,1015.960
1770,3.789,1015.920,1015.960
1771,3.789,1015.920,1015.960
1772,3.789,1015.920,1015.960
1773,3.789,1015.920,1015.960
1774,3.789,1015.920,1015.960
1775,3.789,1015.920,1015.960
1776,3.789,1015.920,1015.960
1777,3.789,1015.920,1015.960
1778,3.789,1015.920,1015.960
1779,3.789,1015.920,1015.960
1780,3.789,1015.920,1015.960
1781,3.789,1015.920,1015.960
1782,3.789,1015.920,1015.960
1783,3.789,1015.920,1015.960
1784,3.789,1015.920,1015.960
1785,3.789,1015.920,1015.960
1786,3.789,1015.920,1015.960
1787,3.789,1015.920,1015.960
1788,3.789,1015.920,1015.960
1789,3.789,1015.920,1015.960
1790,3.789,1015.920,1015.960
1791,3.789,1015.920,1015.960
1792,3.789,1015.920,1015.960
1793,3.789,1015.920,1015.960
1794,3.789,1015.920,1015.960
1795,3.789,1015.920,1015.960
1796,3.789,1015.920,1015.960
1797,3.789,1015.920,1015.960
1798,3.789,1015.920,1015.960
1799,3.789,1015.920,1015.960
1800,3.789,1015.920,1015.960
1801,3.789,1015.920,1015.960
1802,3.789,1015.920,1015.960
1803,3.789,1015.920,1015.960
1804,3.789,1015.920,1015.960
1805,3.789,1015.920,1015.960
1806,3.789,1015.920,1015.960
1807,3.789,1015.920,1015.960
1808,3.789,1015.920,1015.960
1809,3.789,1015.920,1015.960
1810,3.789,1015.920,1015.960
1811,3.789,1015.920,1015.960
1812,3.789,1015.920,1015.960
1813,3.789,1015.920,1015.960
1814,3.789,1015.920,1015.960
1815,3.789,1015.920,1015.960
1816,3.789,1015.920,1015.960
1817,3.789,1015.920,1015.960
1818,3.789,1015.920,1015.960
1819,3.789,1015.920,1015.960
1820,3.789,1015.920,1015.960
1821,3.789,1015.920,1015.960
1822,3.789,1015.920,1015.960
1823,3.789,1015.920,1015.960
1824,3.789,1015.920,1015.960
1825,3.789,1015.920,1015.960
1826,3.789,1015.920,1015.960
1827,3.789,1015.920,1015.960
1828,3.789,1015.920,1015.960
1829,3.789,1015.920,1015.960
1830,3.789,1015.920,1015.960
1831,3.789,1015.920,1015.960
1832,3.789,1015.920,1015.960
1833,3.789,1015.920,1015.960
1834,3.789,1015.920,1015.960
1835,3.789,1015.920,1015.960
1836,3.789,1015.920,1015.960
1837,3.789,1015.920,1015.960
1838,3.789,1015.920,1015.960
1839,3.789,1015.920,1015.960
1840,3.789,1015.920,1015.960
1841,3.789,1015.920,1015.960
1842,3.789,1015.920,1015.960
1843,3.789,1015.920,1015.960
1844,3.789,1015.920,1015.960
1845,3.789,1015.920,1015.960
1846,3.789,1015.920,1015.960
1847,3.789,1015.920,1015.960
1848,3.789,1015.920,1015.960
1849,3.789,1015.920,1015.960
1850,3.789,1015.920,1015.960
1851,3.789,1015.920,1015.960
1852,3.789,1015.920,1015.960
1853,3.789,1015.920,1015.960
1854,3.789,1015.920,1015.960
1855,3.789,1015.920,1015.960
1856,3.789,1015.920,1015.960
1857,3.789,1015.920,1015.960
1858,3.789,1015.920,1015.960
1859,3.789,1015.920,1015.960
1860,3.789,1015.920,1015.960
1861,3.789,1015.920,1015.960
1862,3.789,1015.920,1015.960
1863,3.789,1015.920,1015.960
1864,3.789,1015.920,1015.960
1865,3.789,1015.920,1015.960
1866,3.789,1015.920,1015.960
1867,3.789,1015.920,1015.960
1868,3.789,1015.920,1015.960
1869,3.789,1015.920,1015.960
1870,3.789,1015.920,1015.960
1871,3.789,1015.920,1015.960
1872,3.789,1015.920,1015.960
1873,3.789,1015.920,1015.960
1874,3.789,1015.920,1015.960
1875,3.789,1015.920,1015.960
1876,3.789,1015.920,1015.960
1877,3.789,1015.920,1015.960
1878,3.789,1015.920,1015.960
1879,3.789,1015.920,1015.960
1880,3.789,1015.920,1015.960
1881,3.789,1015.920,1015.960
1882,3.789,1015.920,1015.960
1883,3.789,1015.920,1015.960
1884,3.789,1015.920,1015.960
1885,3.789,1015.920,1015.960
1886,3.789,1015.920,1015.960
1887,3.789,1015.920,1015.960
1888,3.789,1015.920,1015.960
1889,3.789,1015.920,1015.960
1890,3.789,1015.920,1015.960
1891,3.789,1015.920,1015.960
1892,3.789,1015.920,1015.960
1893,3.789,1015.920,1015.960
1894,3.789,1015.920,1015.960
1895,3.789,1015.920,1015.960
1896,3.789,1015.920,1015.960
1897,3.789,1015.920,1015.960
1898,3.789,1015.920,1015.960
1899,3.789,1015.920,1015.960
1900,3.789,1015.920,1015.960
1901,3.789,1015.920,1015.960
1902,3.789,1015.920,1015.960
1903,3.789,1015.920,1015.960
1904,3.789,1015.920,1015.960
1905,3.789,1015.920,1015.960
1906,3.789,1015.920,1015.960
1907,3.789,1015.920,1015.960
1908,3.789,1015.920,1015.960
1909,3.789,1015.920,1015.960
1910,3.789,1015.920,1015.960
1911,3.789,1015.920,1015.960
1912,3.789,1015.920,1015.960
1913,3.789,1015.920,1015.960
1914,3.789,1015.920,1015.960
1915,3.789,1015.920,1015.960
1916,3.789,1015.920,1015.960
1917,3.789,1015.920,1015.960
1918,3.789,1015.920,1015.960
1919,3.789,1015.920,1015.960
1920,3.789,1015.920,1015.960
1921,3.789,1015.920,1015.960
1922,3.789,1015.920,1015.960
1923,3.789,1015.920,1015.960
1924,3.789,1015.920,1015.960
1925,3.789,1015.920,1015.960
1926,3.789,1015.920,1015.960
1927,3.789,1015.920,1015.960
1928,3.789,1015.920,1015.960
1929,3.789,1015.920,1015.960
1930,3.789,1015.920,1015.960
1931,3.789,1015.920,1015.960
1932,3.789,1015.920,1015.960
1933,3.789,1015.920,1015.960
1934,3.789,1015.920,1015.960
1935,3.789,1015.920,1015.960
1936,3.789,1015.920,1015.960
1937,3.789,1015.920,1015.960
1938,3.789,1015.920,1015.960
1939,3.789,1015.920,1015.960
1940,3.789,1015.920,1015.960
1941,3.789,1015.920,1015.960
1942,3.789,1015.920,1015.960
1943,3.789,1015.920,1015.960
1944,3.789,1015.920,1015.960
1945,3.789,1015.920,1015.960
1946,3.789,1015.920,1015.960
1947,3.789,1015.920,1015.960
1948,3.789,1015.920,1015.960
1949,3.789,1015.920,1015.960
1950,3.789,1015.920,1015.960
1951,3.789,1015.920,1015.960
1952,3.789,1015.920,1015.960
1953,3.789,1015.920,1015.960
1954,3.789,1015.920,1015.960
1955,3.789,1015.920,1015.960
1956,3.789,1015.920,1015.960
1957,3.789,1015.920,1015.960
1958,3.789,1015.920,1015.960
1959,3.789,1015.920,1015.960
1960,3.789,1015.920,1015.960
1961,3.789,1015.920,1015.960
1962,3.789,1015.920,1015.960
1963,3.789,1015.920,1015.960
1964,3.789,1015.920,1015.960
1965,3.789,1015.920,1015.960
1966,3.789,1015.920,1015.960
1967,3.789,1015.920,1015.960
1968,3.789,1015.920,1015.960
1969,3.789,1015.920,1015.960
1970,3.789,1015.920,1015.960
1971,3.789,1015.920,1015.960
1972,3.789,1015.920,1015.960
1973,3.789,1015.920,1015.960
1974,3.789,1015.920,1015.960
1975,3.789,1015.920,1015.960
1976,3.789,1015.920,1015.960
1977,3.789,1015.920,1015.960
1978,3.789,1015.920,1015.960
1979,3.789,1015.920,1015.960
1980,3.789,1015.920,1015.960
1981,3.789,1015.920,1015.960
1982,3.789,1015.920,1015.960
1983,3.789,1015.920,1015.960
1984,3.789,1015.920,1015.960
1985,3.789,1015.920,1015.960
1986,3.789,1015.920,1015.960
1987,3.789,1015.920,1015.960
1988,3.789,1015.920,1015.960
1989,3.789,1015.920,1015.960
1990,3.789,1015.920,1015.960
1991,3.789,1015.920,1015.960
1992,3.789,1015.920,1015.960
1993,3.789,1015.920,1015.960
1994,3.789,1015.920,1015.960
1995,3.789,1015.920,1015.960
1996,3.789,1015.920,1015.960
1997,3.789,1015.920,1015.960
1998,3.789,1015.920,1015.960
1999,3.789,1015.920,1015.960
