Time (s),Temperature (C),HRR (W/g)
0,75.051,-0.782
0.501,75.07,-0.548
1,75.052,-0.526
1.5,75.053,-0.915
2,75.039,-2.032
2.5,75.049,-3.279
3,75.072,-4.339
3.499,75.116,-5.831
4,75.132,-6.828
4.5,75.163,-7.599
5,75.217,-7.981
5.499,75.285,-8.082
6,75.363,-7.997
6.5,75.434,-7.332
7.001,75.496,-5.861
7.501,75.597,-3.954
8,75.707,-1.771
8.501,75.78,0.217
9,75.874,1.762
9.5,75.991,3.029
10,76.117,3.742
10.5,76.243,4.523
11,76.369,4.822
11.5,76.489,4.974
12,76.65,4.99
12.5,76.819,4.698
13,77.014,4.998
13.5,77.189,4.819
14,77.457,4.839
14.5,77.681,4.718
15,77.969,4.391
15.5,78.213,4.408
16,78.542,4.232
16.5,78.836,4.051
17,79.127,3.669
17.5,79.486,3.615
18,79.803,3.316
18.5,80.195,3.349
19,80.521,3.201
19.5,80.902,2.907
20,81.314,2.698
20.5,81.708,2.464
21,82.132,2.495
21.5,82.517,2.344
22,82.942,1.976
22.5,83.4,2.16
23,83.851,2.069
23.5,84.288,2.134
24.001,84.749,1.89
24.5,85.207,2.047
25,85.634,1.971
25.5,86.123,2.068
26,86.593,1.879
26.5,87.079,1.73
27,87.535,1.755
27.5,88.023,1.69
28,88.499,1.707
28.5,88.985,1.529
29,89.481,1.511
29.5,89.965,1.476
30,90.461,1.196
30.5,90.989,1.016
31,91.464,0.814
31.5,91.97,0.635
32,92.483,0.82
32.501,92.984,0.706
33.001,93.488,0.802
33.5,94.028,0.755
34,94.558,0.66
34.5,95.086,0.519
35.001,95.592,0.572
35.501,96.101,0.755
36,96.599,0.547
36.5,97.141,0.526
37.001,97.652,0.584
37.501,98.168,0.658
38,98.72,0.646
38.5,99.256,0.753
39,99.773,0.734
39.5,100.292,0.945
40,100.833,0.63
40.5,101.375,0.587
41,101.901,0.427
41.5,102.44,0.402
42.001,102.961,0.144
42.501,103.466,-0.004
43,104.02,0.178
43.5,104.553,0.266
44,105.089,0.481
44.5,105.618,0.508
45,106.17,0.338
45.501,106.705,0.563
46.001,107.232,0.436
46.5,107.79,0.302
47.001,108.287,0.119
47.501,108.818,0.295
48,109.369,0.018
48.5,109.923,0.198
49.001,110.432,0.118
49.5,110.991,0.451
50,111.518,0.325
50.5,112.067,0.354
51,112.592,0.541
51.5,113.122,0.625
52,113.662,0.433
52.5,114.188,0.037
53.001,114.746,-0.083
53.501,115.271,-0.111
54,115.811,-0.392
54.5,116.338,-0.34
55,116.882,-0.049
55.501,117.412,-0.108
56.001,117.98,-0.014
56.501,118.477,0.273
57,118.987,0.366
57.5,119.524,0.524
58,120.076,0.08
58.501,120.63,0.001
59.001,121.15,-0.182
59.501,121.708,-0.274
60.001,122.237,-0.49
60.5,122.756,-0.381
61,123.298,0.101
61.5,123.824,0.114
62,124.394,0.033
62.5,124.878,0.1
63,125.447,0.092
63.501,125.985,0.018
64.001,126.464,-0.016
64.501,127.038,-0.033
65.001,127.544,-0.008
65.5,128.091,-0.008
66.001,128.644,0.105
66.501,129.152,0.055
67,129.677,0.182
67.5,130.234,0.304
68.001,130.739,0.541
68.501,131.271,0.502
69.001,131.836,0.479
69.5,132.336,0.233
70,132.885,0.314
70.5,133.379,0.391
71,133.918,0.261
71.501,134.461,0.15
72.002,134.973,-0.057
72.502,135.496,0.107
73.001,136.048,0.303
73.502,136.532,0.121
74.001,137.061,0.235
74.501,137.583,0.282
75,138.14,0.075
75.5,138.644,0.352
76.001,139.188,0.252
76.502,139.703,0.392
77.001,140.209,0.782
77.501,140.725,0.622
78.001,141.271,0.65
78.501,141.807,0.647
79.001,142.352,0.392
79.501,142.852,0.485
80.001,143.348,0.628
80.501,143.873,0.732
81.001,144.408,0.95
81.501,144.918,0.895
82.001,145.463,2.046
82.501,145.947,1.499
83.001,146.51,0.982
83.501,147.01,0.85
84.001,147.487,0.916
84.501,148.035,0.759
85.001,148.539,-0.319
85.501,149.1,0.034
86.001,149.59,0.567
86.501,150.109,0.927
87.001,150.626,0.722
87.501,151.148,1.016
88.001,151.659,1.667
88.501,152.186,2.187
89.001,152.69,2.191
89.501,153.193,2.072
90.001,153.729,2.17
90.501,154.281,2.207
91,154.753,1.205
91.501,155.283,0.941
92.001,155.803,1.23
92.501,156.303,1.636
93.001,156.839,1.563
93.501,157.343,1.413
94.001,157.867,2.027
94.501,158.364,2.73
95.001,158.911,2.714
95.501,159.382,2.52
96.001,159.901,2.523
96.501,160.424,2.753
97.001,160.936,1.762
97.501,161.456,1.014
98.002,161.954,1.278
98.502,162.476,1.367
99.002,162.989,1.527
99.501,163.497,1.588
100.001,164.025,2.913
100.501,164.521,3.406
101.001,165.037,3.164
101.501,165.551,2.905
102.002,166.066,2.688
102.501,166.548,2.587
103.001,167.113,1.237
103.501,167.601,1.039
104.001,168.12,1.471
104.501,168.644,1.838
105.001,169.13,2.07
105.501,169.654,2.001
106.001,170.165,3.255
106.501,170.679,3.716
107.001,171.2,3.856
107.501,171.697,4.139
108.001,172.224,3.866
108.501,172.719,3.876
109.001,173.254,2.87
109.502,173.783,2.751
110.001,174.317,2.798
110.501,174.779,2.702
111.001,175.292,2.782
111.502,175.781,3.011
112.001,176.301,3.643
112.501,176.814,3.686
113.001,177.317,3.682
113.501,177.822,3.667
114.001,178.344,3.534
114.501,178.85,3.313
115.001,179.369,2.4
115.501,179.893,2.713
116.002,180.428,3.005
116.502,180.92,3.198
117.002,181.432,3.597
117.501,181.951,3.681
118.001,182.457,4.821
118.501,182.94,5.23
119.002,183.461,5.108
119.502,183.942,5.222
120.001,184.455,5.116
120.501,184.968,5.013
121.001,185.485,4.088
121.501,185.983,3.924
122.001,186.495,3.985
122.501,187.013,4.283
123.001,187.532,4.335
123.502,188.025,4.732
124.001,188.534,5.744
124.501,189.071,6.13
125.001,189.591,6.064
125.501,190.07,6.062
126.001,190.58,5.823
126.502,191.106,5.648
127.001,191.611,4.643
127.501,192.113,4.805
128.001,192.663,5.006
128.502,193.157,5.357
129.002,193.618,5.779
129.502,194.177,5.855
130.002,194.662,6.96
130.502,195.16,7.479
131.001,195.684,7.406
131.501,196.15,7.372
132.002,196.698,7.258
132.502,197.211,7.159
133.002,197.705,6.337
133.501,198.231,5.956
134.001,198.735,6.51
134.502,199.251,6.857
135.002,199.759,7.018
135.502,200.275,7.178
136.002,200.755,8.481
136.502,201.252,8.849
137.001,201.789,9.007
137.501,202.299,9.13
138.001,202.792,9.282
138.501,203.307,9.134
139.002,203.816,8.217
139.502,204.327,7.907
140.002,204.841,8.459
140.501,205.302,8.747
141.001,205.82,8.803
141.501,206.331,8.936
142.002,206.839,10.224
142.502,207.338,10.774
143.002,207.853,10.999
143.501,208.399,10.927
144.001,208.869,10.911
144.501,209.367,11.125
145.001,209.887,10.081
145.502,210.41,9.96
146.002,210.909,9.778
146.501,211.407,10.131
147.001,211.924,10.133
147.501,212.392,10.119
148.001,212.896,11.405
148.502,213.391,11.845
149.001,213.907,11.846
149.501,214.43,11.964
150.002,214.97,12.109
150.502,215.487,11.801
151.002,215.97,10.54
151.501,216.499,10.705
152.001,217.02,10.839
152.502,217.493,10.797
153.003,218.02,11.065
153.502,218.5,11.009
154.001,219.012,12.382
154.501,219.514,12.708
155.002,220.025,12.592
155.502,220.493,12.78
156.002,221.03,12.516
156.501,221.547,12.33
157.002,222.042,11.114
157.502,222.568,10.775
158.001,223.053,11.055
158.502,223.55,11.067
159.002,224.063,11.23
159.502,224.547,11.463
160.003,225.038,12.288
160.503,225.561,12.642
161.003,226.076,12.578
161.503,226.594,12.593
162.002,227.066,12.416
162.502,227.576,12.405
163.002,228.091,11.391
163.502,228.61,10.985
164.002,229.116,11.147
164.501,229.573,11.064
165.001,230.093,11.732
165.501,230.621,11.706
166.002,231.113,12.27
166.503,231.621,12.291
167.002,232.095,12.317
167.501,232.601,12.516
168.002,233.103,12.273
168.502,233.621,12.294
169.002,234.139,12.234
169.502,234.59,11.977
170.002,235.103,12.224
170.502,235.623,12.567
171.003,236.145,12.619
171.502,236.632,12.754
172.002,237.182,12.634
172.502,237.66,12.793
173.002,238.165,12.731
173.503,238.616,12.761
174.002,239.158,12.615
174.502,239.642,12.544
175.003,240.155,12.888
175.502,240.686,12.758
176.002,241.185,12.87
176.502,241.661,13.143
177.002,242.194,13.239
177.502,242.692,13.331
178.002,243.187,13.367
178.502,243.686,13.306
179.002,244.193,13.493
179.502,244.709,13.476
180.003,245.162,13.491
180.502,245.677,13.913
181.002,246.204,14.059
181.502,246.728,14.101
182.001,247.223,14.124
182.502,247.738,13.93
183.002,248.217,13.977
183.502,248.69,13.745
184.002,249.252,13.898
184.502,249.741,13.865
185.002,250.264,14.039
185.502,250.75,14.264
186.002,251.27,14.498
186.502,251.755,14.779
187.002,252.257,15.081
187.502,252.748,15.254
188.002,253.292,15.427
188.502,253.789,15.682
189.003,254.268,15.819
189.503,254.777,15.802
190.002,255.291,15.679
190.502,255.795,16.013
191.002,256.297,16.035
191.502,256.823,16.007
192.003,257.314,16.255
192.503,257.804,16.282
193.002,258.285,16.395
193.502,258.807,16.724
194.002,259.311,17.041
194.503,259.839,17.53
195.003,260.337,17.597
195.502,260.822,17.84
196.002,261.325,17.886
196.502,261.863,18.245
197.002,262.342,18.294
197.502,262.833,18.572
198.002,263.311,19.057
198.503,263.804,19.359
199.003,264.338,19.836
199.502,264.854,19.953
200.002,265.303,20.263
200.502,265.833,20.449
201.002,266.346,20.44
201.502,266.817,20.648
202.002,267.333,20.541
202.503,267.81,20.779
203.002,268.309,21.029
203.503,268.822,21.32
204.002,269.318,21.57
204.502,269.796,21.876
205.003,270.355,22.027
205.503,270.851,22.574
206.003,271.322,22.471
206.502,271.839,22.84
207.002,272.341,23.269
207.502,272.841,23.243
208.002,273.343,23.423
208.503,273.861,23.73
209.003,274.387,23.973
209.502,274.868,24.328
210.003,275.355,24.494
210.503,275.855,24.881
211.002,276.371,25.369
211.502,276.888,25.427
212.002,277.32,25.753
212.502,277.871,26.167
213.002,278.361,26.521
213.502,278.859,26.89
214.002,279.355,27.264
214.502,279.887,27.556
215.002,280.357,27.755
215.503,280.857,28.056
216.002,281.323,28.107
216.503,281.845,28.371
217.003,282.338,28.635
217.503,282.849,28.915
218.003,283.381,29.133
218.503,283.874,29.673
219.002,284.352,29.99
219.502,284.87,30.669
220.002,285.386,31.216
220.502,285.866,31.568
221.002,286.373,32.113
221.503,286.873,32.463
222.002,287.373,32.76
222.502,287.845,32.574
223.002,288.373,32.561
223.503,288.856,32.694
224.003,289.374,32.817
224.503,289.875,33.09
225.003,290.374,33.525
225.503,290.893,34.018
226.003,291.374,34.623
226.503,291.858,35.269
227.003,292.373,35.576
227.502,292.865,35.905
228.002,293.351,36.245
228.503,293.881,36.599
229.003,294.365,36.838
229.502,294.886,36.984
230.002,295.368,37.206
230.503,295.886,37.775
231.003,296.361,38.027
231.503,296.899,38.359
232.003,297.408,38.629
232.503,297.905,39.047
233.003,298.422,39.509
233.503,298.928,39.737
234.003,299.439,40.063
234.503,299.927,40.606
235.003,300.433,40.879
235.503,300.972,41.194
236.003,301.406,41.634
236.502,301.933,42.162
237.002,302.403,42.375
237.503,302.903,42.867
238.003,303.438,43.263
238.503,303.918,43.815
239.003,304.433,44.117
239.503,304.905,44.128
240.002,305.427,44.534
240.503,305.922,44.945
241.003,306.433,45.55
241.504,306.929,45.748
242.003,307.432,46.286
242.503,307.931,46.456
243.003,308.419,47.005
243.503,308.938,47.41
244.003,309.413,47.41
244.503,309.943,47.729
245.003,310.42,48.007
245.503,310.923,48.511
246.003,311.415,49.236
246.503,311.924,49.435
247.003,312.424,49.921
247.503,312.899,50.349
248.003,313.415,50.769
248.503,313.91,51.122
249.003,314.41,51.352
249.503,314.924,51.864
250.003,315.393,52.194
250.503,315.931,52.664
251.003,316.42,53.307
251.502,316.897,53.483
252.003,317.451,53.88
252.503,317.954,54.386
253.003,318.459,54.873
253.503,318.915,55.306
254.003,319.416,55.711
254.503,319.929,56.25
255.002,320.441,56.86
255.503,320.943,57.409
256.003,321.411,58.066
256.503,321.923,58.659
257.003,322.424,59.041
257.503,322.928,59.614
258.003,323.448,60.209
258.503,323.915,60.522
259.003,324.427,60.941
259.503,324.941,61.395
260.003,325.464,61.876
260.503,325.936,62.348
261.003,326.424,62.916
261.503,326.923,63.284
262.003,327.421,63.757
262.503,327.925,64.484
263.003,328.456,65.215
263.503,328.974,65.69
264.003,329.461,66.345
264.502,329.967,66.809
265.002,330.446,67.347
265.503,330.931,67.616
266.004,331.441,68.301
266.503,331.943,68.765
267.003,332.441,69.593
267.503,332.958,70.07
268.003,333.454,70.674
268.503,333.941,71.213
269.003,334.445,71.647
269.503,334.929,72.358
270.002,335.414,73.037
270.503,335.963,73.413
271.003,336.453,74.109
271.503,336.945,74.826
272.003,337.452,75.645
272.503,337.956,75.98
273.003,338.48,76.72
273.504,338.949,77.169
274.004,339.455,77.582
274.503,339.952,78.434
275.003,340.44,78.841
275.503,340.961,79.294
276.003,341.457,79.73
276.503,341.989,80.217
277.003,342.481,80.477
277.503,342.945,81.169
278.003,343.466,81.682
278.503,343.953,82.006
279.003,344.475,82.699
279.503,344.971,82.767
280.003,345.45,83.586
280.504,345.96,84.031
281.003,346.461,84.352
281.503,346.949,84.833
282.004,347.453,85.187
282.503,347.961,85.608
283.003,348.47,85.7
283.504,348.934,86.522
284.004,349.47,87.108
284.503,349.974,87.574
285.003,350.44,87.717
285.503,350.951,88.244
286.004,351.477,88.601
286.504,351.977,88.726
287.004,352.473,89.389
287.504,352.96,89.55
288.004,353.451,89.879
288.503,353.973,90.483
289.003,354.482,90.806
289.503,354.938,90.998
290.003,355.442,91.521
290.503,355.96,91.701
291.003,356.444,92.166
291.503,356.953,92.566
292.003,357.457,93.334
292.503,357.968,93.356
293.004,358.473,93.799
293.504,358.976,94.421
294.004,359.483,95.308
294.504,359.984,95.64
295.004,360.489,96.663
295.504,360.963,96.185
296.004,361.468,96.511
296.503,361.976,97.125
297.003,362.446,97.107
297.504,362.985,98.526
298.004,363.477,98.759
298.504,363.965,99.109
299.004,364.475,99.949
299.504,365.01,101.021
300.004,365.371,101.717
300.503,365.922,102.232
301.003,366.469,103.036
301.503,367.023,103.869
302.003,367.492,104.191
302.503,368.004,104.622
303.003,368.487,105.539
303.503,368.989,106.325
304.003,369.467,107.178
304.504,369.994,108.125
305.004,370.468,108.917
305.503,370.993,109.549
306.003,371.499,110.671
306.503,371.984,111.593
307.003,372.45,112.405
307.503,373.023,113.726
308.004,373.569,114.754
308.504,374.031,115.779
309.004,374.529,116.711
309.503,374.987,117.716
310.003,375.458,118.988
310.503,375.942,119.8
311.003,376.492,120.793
311.503,377.003,121.934
312.003,377.472,123.008
312.503,377.902,124.278
313.003,378.538,125.233
313.503,378.973,126.617
314.003,379.417,127.452
314.503,379.939,128.542
315.003,380.465,129.645
315.503,380.958,130.534
316.004,381.438,131.599
316.504,381.862,132.529
317.004,382.438,133.188
317.504,382.895,134.358
318.003,383.412,135.474
318.503,383.908,136.574
319.003,384.46,137.402
319.504,384.946,138.347
320.004,385.444,139.211
320.504,385.959,139.947
321.004,386.439,140.621
321.503,386.949,141.072
322.003,387.445,141.509
322.503,387.928,141.948
323.003,388.409,142.268
323.503,388.936,142.214
324.004,389.44,142.911
324.504,389.954,142.806
325.003,390.441,142.807
325.503,390.948,142.751
326.004,391.462,142.724
326.504,391.911,142.63
327.004,392.414,142.004
327.504,392.939,141.567
328.004,393.427,141.179
328.504,393.9,140.457
329.004,394.451,139.613
329.504,394.878,138.577
330.004,395.441,137.722
330.503,395.928,136.097
331.004,396.367,134.613
331.504,396.931,133.414
332.004,397.413,131.993
332.504,397.928,129.713
333.004,398.448,128.062
333.504,398.929,126.283
334.003,399.441,123.901
334.504,399.923,121.111
335.004,400.466,119.342
335.503,400.915,116.221
336.004,401.415,114.085
336.504,401.87,110.77
337.004,402.516,107.424
337.504,402.796,104.946
338.004,403.413,101.433
338.504,403.884,98.002
339.004,404.45,94.853
339.504,404.919,91.305
340.004,405.469,87.859
340.504,405.975,84.73
341.004,406.496,80.569
341.503,406.988,77.333
342.003,407.504,73.584
342.504,408.01,70.59
343.004,408.545,67.394
343.503,409.025,64.117
344.004,409.465,60.526
344.504,409.972,57.858
345.004,410.499,55.347
345.504,411.025,51.368
346.004,411.53,48.596
346.504,411.977,45.617
347.004,412.566,43.086
347.504,413.059,40.717
348.004,413.536,37.666
348.504,413.985,35.928
349.004,414.602,34.204
349.504,414.993,32.314
350.004,415.589,31.14
350.504,416.114,29.008
351.004,416.629,27.286
351.504,417.125,26.268
352.004,417.544,24.897
352.504,418.073,24.092
353.004,418.504,22.891
353.504,419.11,21.755
354.004,419.603,21.03
354.504,420.093,20.384
355.005,420.565,19.744
355.505,421.1,18.711
356.004,421.507,18.634
356.504,422.092,19.308
357.004,422.622,18.268
357.504,423.193,17.819
358.004,423.631,17.342
358.504,424.089,17.663
359.004,424.652,17.097
359.504,425.138,17.334
360.005,425.583,17.15
360.505,426.048,16.821
361.004,426.652,16.623
361.504,427.124,16.805
362.004,427.563,16.533
362.504,428.096,16.308
363.004,428.578,16.792
363.504,429.099,16.218
364.004,429.554,15.934
364.504,430.19,16.443
365.005,430.576,15.927
365.504,431.161,15.961
366.004,431.537,15.512
366.505,432.025,15.851
367.004,432.534,15.75
367.504,432.991,15.582
368.004,433.541,15.37
368.504,434.01,15.275
369.004,434.535,15.332
369.504,435.041,15.593
370.004,435.519,15.075
370.504,436.075,14.885
371.005,436.539,14.51
371.505,437.035,14.617
372.005,437.493,14.593
372.505,438.026,14.494
373.004,438.548,14.167
373.505,439.073,14.139
374.005,439.565,13.922
374.505,439.972,13.862
375.005,440.507,13.705
375.505,441.042,14.077
376.005,441.619,13.832
376.505,442.04,13.803
377.004,442.567,13.991
377.504,443.032,13.755
378.004,443.532,13.983
378.504,444.045,13.449
379.004,444.507,13.614
379.505,445.022,13.275
380.005,445.515,13.143
380.505,446.04,12.835
381.005,446.514,13.19
381.505,447.031,12.721
382.005,447.5,13.263
382.505,448.041,12.908
383.005,448.541,12.872
383.505,449.021,12.552
384.004,449.542,12.767
384.504,450.043,12.544
385.004,450.489,12.528
385.505,451.037,12.444
386.005,451.533,12.12
386.505,452.011,12.036
387.005,452.585,11.65
387.506,453.027,11.812
388.005,453.488,11.46
388.504,453.992,11.263
389.005,454.489,11.172
389.505,455.055,11.062
390.005,455.482,11.062
390.505,455.998,10.834
391.004,456.489,10.923
391.505,457.021,10.594
392.005,457.52,10.724
392.505,458.022,11.392
393.005,458.478,10.781
393.505,458.982,10.95
394.004,459.455,10.26
394.505,459.977,9.929
395.005,460.603,10.202
395.504,460.987,9.958
396.004,461.544,9.758
396.504,462.03,9.08
397.005,462.506,8.969
397.505,463.026,9.115
398.005,463.484,9.69
398.505,463.999,9.331
399.004,464.545,9.396
399.504,464.969,10.011
400.004,465.495,9.81
400.505,466.021,9.387
401.005,466.497,9.573
401.505,467.033,9.111
402.005,467.481,9.313
402.505,468.004,9.166
403.006,468.467,8.894
403.506,468.958,8.639
404.005,469.514,8.193
404.506,470.008,8.204
405.005,470.471,8.377
405.504,470.994,8.154
406.004,471.502,8.396
406.504,472.026,7.861
407.005,472.507,7.426
407.505,472.984,7.09
408.005,473.46,7.306
408.505,473.979,7.197
409.005,474.551,7.591
409.506,474.945,7.329
410.005,475.606,6.521
410.505,476.106,6.394
411.005,476.371,6.625
411.505,477.11,6.796
412.005,477.479,6.514
412.505,478.012,6.791
413.005,478.475,6.705
413.505,478.957,6.471
414.004,479.402,6.689
414.505,480.004,6.085
415.005,480.455,6.492
415.505,481.009,6.007
416.005,481.427,6.15
416.505,481.908,5.8
417.005,482.367,5.907
417.505,482.915,5.938
418.005,483.333,5.397
418.505,483.964,5.313
419.004,484.425,5.51
419.505,484.981,5.652
420.005,485.419,5.584
420.506,485.988,5.276
421.005,486.395,5.406
421.504,486.891,5.139
422.005,487.402,5.165
422.505,487.844,4.919
423.005,488.366,4.949
423.505,488.964,4.792
424.005,489.408,4.77
424.506,489.799,4.578
425.005,490.359,4.668
425.505,490.868,4.431
426.005,491.327,4.97
426.506,491.851,4.997
427.005,492.311,4.214
427.505,492.859,4.355
428.005,493.305,4.47
428.506,493.818,4.263
429.006,494.363,4.214
429.506,494.841,4.233
430.006,495.295,4.809
430.505,495.779,3.724
431.005,496.285,3.977
431.506,496.841,4.187
432.006,497.273,4.274
432.505,497.843,3.473
433.005,498.335,3.818
433.505,498.832,3.903
434.006,499.323,4.205
434.506,499.829,3.857
435.006,500.34,3.71
435.506,500.844,4.209
436.006,501.321,3.66
436.506,501.852,3.755
437.006,502.337,3.718
437.505,502.822,3.746
438.006,503.325,3.793
438.506,503.784,3.667
439.005,504.241,3.35
439.505,504.737,3.147
440.005,505.28,3.491
440.506,505.805,3.488
441.005,506.3,3.163
441.506,506.743,3.085
442.006,507.267,3.316
442.506,507.834,3.537
443.006,508.205,3.022
443.506,508.716,3.082
444.006,509.279,3.103
444.506,509.737,2.851
445.006,510.311,2.809
445.506,510.73,2.687
446.006,511.318,2.752
446.505,511.699,2.463
447.005,512.32,2.393
447.506,512.81,2.406
448.005,513.294,2.392
448.505,513.78,2.782
449.005,514.29,2.751
449.506,514.828,2.89
450.006,515.264,2.893
450.506,515.832,2.987
451.005,516.294,2.79
451.505,516.837,2.576
452.005,517.325,2.373
452.506,517.843,2.149
453.005,518.339,2.316
453.506,518.797,2.123
454.006,519.303,2.153
454.505,519.766,2.49
455.006,520.305,2.461
455.506,520.739,2.549
456.006,521.302,2.603
456.506,521.76,2.505
457.006,522.3,2.589
457.505,522.779,2.602
458.005,523.292,2.232
458.506,523.813,2.312
459.006,524.323,2.473
459.506,524.814,2.167
460.006,525.305,2.131
460.506,525.813,2.119
461.005,526.321,2.275
461.505,526.798,1.927
462.006,527.312,1.976
462.505,527.777,1.861
463.005,528.3,1.853
463.506,528.794,1.588
464.005,529.289,1.73
464.505,529.802,1.817
465.005,530.306,1.913
465.505,530.761,1.751
466.005,531.308,1.979
466.505,531.809,1.945
467.006,532.343,1.998
467.506,532.817,1.912
468.006,533.317,1.875
468.506,533.829,1.811
469.006,534.298,1.745
469.506,534.82,1.537
470.005,535.304,1.483
470.505,535.825,1.654
471.005,536.296,1.364
471.506,536.751,1.67
472.006,537.307,1.624
472.506,537.785,1.734
473.005,538.39,1.785
473.506,538.827,1.51
474.006,539.355,1.471
474.505,539.86,1.306
475.006,540.376,0.948
475.506,540.795,0.991
476.006,541.346,1.121
476.505,541.841,1.097
477.005,542.316,1.364
477.506,542.823,1.501
478.006,543.328,1.621
478.507,543.87,1.587
479.007,544.359,1.555
479.506,544.844,1.443
480.006,545.333,1.536
480.506,545.85,1.463
481.006,546.349,1.453
481.506,546.877,1.282
482.005,547.35,1.443
482.506,547.887,1.227
483.006,548.34,1.237
483.506,548.841,1.096
484.006,549.341,1.202
484.506,549.855,1.451
485.005,550.364,1.314
485.505,550.848,1.292
486.005,551.354,1.226
486.505,551.83,1.295
487.006,552.368,1.25
487.506,552.869,1.278
488.006,553.356,1.13
488.506,553.848,1.265
489.006,554.374,1.172
489.507,554.855,1.023
490.006,555.375,0.951
490.506,555.865,0.942
491.006,556.369,0.924
491.505,556.851,0.991
492.005,557.347,1.108
492.506,557.866,1.229
493.006,558.362,1.326
493.505,558.838,1.417
494.005,559.371,1.427
494.505,559.892,1.316
495.006,560.383,1.086
495.506,560.859,1.303
496.006,561.376,0.797
496.506,561.861,1.05
497.006,562.365,0.98
497.506,562.858,0.919
498.006,563.359,1.087
498.505,563.838,1.049
499.006,564.359,1.095
499.506,564.885,1.108
500.006,565.373,1.004
500.507,565.868,0.845
501.006,566.361,0.944
501.506,566.888,0.71
502.006,567.409,0.742
502.506,567.886,0.786
503.005,568.403,0.795
503.506,568.895,0.736
504.006,569.392,0.754
504.506,569.875,0.746
505.006,570.389,1.036
505.506,570.889,0.907
506.006,571.413,0.93
506.507,571.884,1.062
507.007,572.417,0.991
507.506,572.914,0.931
508.006,573.402,0.891
508.506,573.865,0.617
509.006,574.401,0.751
509.507,574.922,0.74
510.006,575.385,0.889
510.506,575.871,0.849
511.006,576.392,0.784
511.506,576.872,0.988
512.006,577.41,0.992
512.506,577.917,0.794
513.006,578.441,0.676
513.506,578.925,0.749
514.006,579.385,0.54
514.507,579.92,0.64
515.006,580.457,0.458
515.506,580.912,0.532
516.006,581.415,0.844
516.506,581.958,0.816
517.006,582.438,1.076
517.506,582.93,1.082
518.006,583.408,1.129
518.506,583.931,1.1
519.006,584.411,1.078
519.506,584.915,0.985
520.006,585.411,0.797
520.506,585.88,0.708
521.006,586.402,0.76
521.506,586.905,0.643
522.007,587.422,0.635
522.506,587.949,0.518
523.006,588.404,0.855
523.506,588.912,0.815
524.006,589.405,0.784
524.506,589.917,0.73
525.006,590.45,0.972
525.506,590.907,0.714
526.006,591.441,0.6
526.506,591.89,0.666
527.006,592.428,0.683
527.507,592.955,0.806
528.007,593.425,0.729
528.507,593.913,0.856
529.006,594.422,0.983
529.506,594.9,0.926
530.006,595.418,0.762
530.506,595.953,0.724
531.006,596.425,0.485
531.507,596.94,0.662
532.007,597.439,0.603
532.507,597.941,0.759
533.006,598.425,0.64
533.506,598.905,0.826
534.006,599.399,0.864
534.506,599.91,0.885
535.006,600.418,0.954
535.506,600.936,0.967
536.006,601.45,1.036
536.506,601.908,0.749
537.006,602.429,0.875
537.506,602.939,0.719
538.006,603.438,0.805
538.506,603.941,0.861
539.007,604.441,0.948
539.507,604.909,0.85
540.006,605.428,0.729
540.506,605.923,0.801
541.006,606.431,0.88
541.507,606.933,0.667
542.007,607.44,0.725
542.506,607.966,0.738
543.006,608.432,0.874
543.506,608.965,0.632
544.006,609.464,0.498
544.507,609.996,0.557
545.007,610.477,0.665
545.507,610.982,0.82
546.007,611.479,0.765
546.507,611.974,1.056
547.006,612.472,1.161
547.507,612.979,1.064
548.007,613.461,1.083
548.506,613.995,1.032
549.006,614.444,1.013
549.506,614.954,0.858
550.007,615.491,0.95
550.507,616,0.831
551.007,616.497,0.773
551.506,616.959,0.676
552.006,617.46,0.579
552.506,617.999,0.718
553.006,618.467,0.587
553.506,618.971,0.715
554.007,619.509,0.631
554.506,619.974,0.74
555.006,620.53,0.905
555.506,621.028,0.889
556.007,621.489,0.917
556.506,622.022,0.901
557.006,622.507,0.808
557.507,623.014,0.892
558.006,623.521,0.633
558.506,624.009,0.466
559.006,624.53,0.446
559.506,625.06,0.378
560.006,625.519,0.442
560.507,626.021,0.474
561.006,626.511,0.646
561.506,626.996,0.642
562.007,627.491,0.744
562.507,627.997,0.777
563.007,628.492,0.737
563.507,629.015,0.848
564.007,629.473,0.679
564.507,630.002,0.892
565.007,630.53,0.767
565.507,630.998,0.751
566.007,631.51,0.666
566.506,632.016,0.712
567.007,632.544,0.644
567.507,633.009,0.597
568.006,633.495,0.549
568.506,634.027,0.247
569.006,634.522,0.215
569.506,635.004,0.368
570.007,635.488,0.288
570.507,636.008,0.325
571.007,636.528,0.522
571.507,637.027,0.499
572.007,637.539,0.604
572.507,638.016,0.642
573.007,638.545,0.587
573.507,639.048,0.522
574.007,639.543,0.298
574.507,640.052,0.166
575.007,640.547,0.173
575.507,641.056,0.285
576.007,641.587,0.499
576.507,642.045,0.455
577.006,642.53,0.43
577.506,643.035,0.24
578.007,643.511,0.398
578.507,644.027,0.503
579.006,644.568,0.579
579.506,645.064,0.434
580.007,645.573,0.67
580.507,646.063,0.732
581.007,646.537,0.677
581.506,647.053,0.837
582.006,647.548,0.735
582.507,648.038,0.665
583.007,648.564,0.559
583.507,649.061,0.531
584.007,649.541,0.452
584.507,650.044,0.718
585.006,650.555,0.729
585.506,651.088,0.711
586.007,651.575,0.622
586.506,652.046,0.551
587.007,652.568,0.389
587.507,653.077,0.476
588.007,653.58,0.401
588.507,654.094,0.208
589.007,654.577,0.243
589.506,655.094,0.237
590.007,655.576,0.359
590.507,656.097,0.416
591.007,656.58,0.437
591.506,657.097,0.382
592.007,657.593,0.469
592.507,658.12,0.417
593.007,658.603,0.259
593.507,659.08,0.295
594.006,659.602,0.083
594.507,660.092,-0.024
595.008,660.585,0.001
595.508,661.092,0.008
596.007,661.566,-0.051
596.507,662.087,0.365
597.007,662.601,0.375
597.507,663.091,0.605
598.007,663.632,0.413
598.507,664.125,0.577
599.007,664.655,0.651
599.507,665.151,0.485
600.007,665.642,0.431
600.507,666.115,0.233
601.007,666.616,0.198
601.507,667.142,0.248
602.007,667.611,0.22
602.507,668.121,0.167
603.007,668.635,0.196
603.507,669.14,0.159
604.007,669.624,0.243
604.507,670.113,0.355
605.008,670.598,0.225
605.507,671.136,0.268
606.007,671.599,0.32
606.507,672.111,0.46
607.007,672.622,0.355
607.507,673.129,0.358
608.007,673.657,0.149
608.507,674.133,0.281
609.007,674.627,0.203
609.507,675.149,0.106
610.006,675.634,0.016
610.506,676.117,0.064
611.007,676.634,-0.037
611.507,677.133,0.244
612.007,677.622,0.177
612.508,678.133,0.25
613.007,678.632,0.479
613.507,679.133,0.261
614.008,679.661,0.394
614.507,680.137,0.192
615.007,680.628,0.325
615.507,681.171,0.417
616.007,681.643,0.579
616.507,682.125,0.283
617.007,682.651,0.467
617.507,683.165,0.484
618.007,683.662,0.401
618.507,684.154,0.136
619.007,684.653,0.258
619.508,685.153,0.094
620.008,685.633,-0.014
620.508,686.163,0.13
621.007,686.671,0.032
621.507,687.157,0.089
622.007,687.683,0.342
622.507,688.177,0.17
623.007,688.663,0.36
623.507,689.184,0.255
624.007,689.672,0.214
624.507,690.164,0
625.007,690.668,0
625.507,691.176,0
626.008,691.676,0
626.508,692.182,0
627.007,692.711,0
627.507,693.193,0
628.007,693.717,0
628.507,694.201,0
629.007,694.711,0
629.507,695.209,0
630.008,695.698,0
630.507,696.228,0
631.007,696.733,0
631.508,697.22,0
632.008,697.695,0
632.508,698.205,0
633.008,698.728,0
633.508,699.213,0
634.008,699.722,0
634.507,700.194,0
635.007,700.72,0
635.507,701.201,0
636.008,701.698,0
636.507,702.223,0
637.007,702.721,0
637.508,703.235,0
638.008,703.729,0
