Time (s),Mass (g),HRR (kW/m2)
0,0.00,2.29
1,0.00,2.73
2,0.02,2.49
3,-0.03,1.07
4,-0.06,4.30
5,-0.10,14.25
6,-0.13,47.29
7,-0.40,90.67
8,-0.52,137.25
9,-0.62,178.12
10,-0.71,212.29
11,-0.99,242.81
12,-1.13,261.16
13,-1.28,275.22
14,-1.41,284.61
15,-1.77,296.07
16,-1.92,295.72
17,-2.05,289.05
18,-2.18,284.29
19,-2.52,278.44
20,-2.68,281.10
21,-2.81,273.79
22,-2.93,263.42
23,-3.24,257.74
24,-3.37,254.43
25,-3.49,248.76
26,-3.60,244.05
27,-3.91,240.73
28,-4.01,235.55
29,-4.13,229.27
30,-4.25,222.26
31,-4.34,219.33
32,-4.64,216.00
33,-4.76,221.65
34,-4.88,215.51
35,-4.97,213.75
36,-5.27,203.64
37,-5.37,197.98
38,-5.47,194.50
39,-5.57,193.50
40,-5.65,193.27
41,-5.93,189.09
42,-6.04,190.90
43,-6.14,189.18
44,-6.22,185.30
45,-6.31,181.92
46,-6.58,179.82
47,-6.68,176.22
48,-6.78,169.90
49,-6.87,171.67
50,-6.94,171.39
51,-7.05,168.93
52,-7.17,167.49
53,-7.46,169.30
54,-7.54,166.55
55,-7.63,163.24
56,-7.72,158.35
57,-7.78,158.08
58,-7.89,157.70
59,-8.00,156.48
60,-8.11,153.94
61,-8.20,151.11
62,-8.31,151.16
63,-8.43,150.47
64,-8.54,146.57
65,-8.65,144.90
66,-8.76,144.72
67,-8.87,140.76
68,-8.98,134.74
69,-9.08,138.50
70,-9.18,136.61
71,-9.28,140.93
72,-9.37,139.44
73,-9.47,137.91
74,-9.58,138.89
75,-9.69,138.15
76,-9.80,134.80
77,-9.89,134.35
78,-9.99,133.48
79,-10.10,132.18
80,-10.20,132.59
81,-10.29,132.33
82,-10.39,132.21
83,-10.48,128.13
84,-10.58,128.64
85,-10.68,131.68
86,-10.77,130.03
87,-10.87,129.47
88,-10.96,129.51
89,-11.06,129.31
90,-11.15,131.31
91,-11.24,129.40
92,-11.34,129.45
93,-11.44,128.98
94,-11.53,129.03
95,-11.62,129.67
96,-11.71,126.98
97,-11.81,128.14
98,-11.90,125.38
99,-11.99,127.89
100,-12.09,129.82
101,-12.19,127.37
102,-12.28,127.53
103,-12.37,128.46
104,-12.46,124.49
105,-12.55,125.19
106,-12.63,125.88
107,-12.74,123.51
108,-12.83,123.59
109,-12.93,125.77
110,-13.02,124.27
111,-13.11,125.15
112,-13.21,123.16
113,-13.31,122.41
114,-13.40,121.43
115,-13.48,122.13
116,-13.57,119.53
117,-13.66,116.73
118,-13.76,116.32
119,-13.85,115.51
120,-13.94,116.50
121,-14.02,117.69
122,-14.11,117.70
123,-14.20,116.86
124,-14.29,118.52
125,-14.37,117.44
126,-14.45,118.38
127,-14.54,115.74
128,-14.63,118.69
129,-14.72,119.21
130,-14.80,119.62
131,-14.89,117.84
132,-14.98,119.26
133,-15.07,119.45
134,-15.15,113.60
135,-15.24,117.19
136,-15.33,117.15
137,-15.41,116.26
138,-15.49,116.28
139,-15.58,112.76
140,-15.68,113.69
141,-15.76,115.52
142,-15.84,113.34
143,-15.92,110.07
144,-16.01,111.82
145,-16.10,111.39
146,-16.18,112.65
147,-16.27,112.58
148,-16.34,116.48
149,-16.42,118.72
150,-16.50,116.95
151,-16.59,116.23
152,-16.67,115.94
153,-16.77,118.17
154,-16.85,114.07
155,-16.94,116.20
156,-17.03,113.51
157,-17.12,114.48
158,-17.20,113.34
159,-17.28,113.90
160,-17.36,117.45
161,-17.44,113.98
162,-17.53,114.45
163,-17.61,114.84
164,-17.70,115.67
165,-17.78,114.29
166,-17.87,114.74
167,-17.96,113.35
168,-18.04,110.90
169,-18.13,110.27
170,-18.21,112.20
171,-18.29,114.21
172,-18.37,110.85
173,-18.46,112.57
174,-18.54,111.52
175,-18.61,110.49
176,-18.70,110.61
177,-18.79,110.66
178,-18.87,110.55
179,-18.95,107.80
180,-19.02,109.99
181,-19.10,108.86
182,-19.18,110.00
183,-19.27,112.66
184,-19.35,111.20
185,-19.43,109.35
186,-19.51,107.89
187,-19.59,106.57
188,-19.67,105.88
189,-19.75,104.50
190,-19.83,104.84
191,-19.91,107.06
192,-19.98,109.81
193,-20.07,108.23
194,-20.16,107.99
195,-20.23,108.09
196,-20.30,109.50
197,-20.38,107.97
198,-20.48,107.25
199,-20.56,103.37
200,-20.63,105.76
201,-20.71,107.45
202,-20.80,104.71
203,-20.86,104.25
204,-20.94,106.15
205,-21.02,108.69
206,-21.10,106.11
207,-21.17,105.42
208,-21.26,106.13
209,-21.34,105.21
210,-21.42,104.75
211,-21.50,105.71
212,-21.58,105.53
213,-21.65,104.31
214,-21.72,105.59
215,-21.79,105.92
216,-21.88,108.18
217,-21.95,103.92
218,-22.03,104.73
219,-22.11,103.87
220,-22.20,104.69
221,-22.27,103.76
222,-22.34,100.55
223,-22.42,101.79
224,-22.48,104.04
225,-22.55,103.59
226,-22.63,104.80
227,-22.70,102.83
228,-22.77,99.99
229,-22.86,99.75
230,-22.94,98.54
231,-23.01,101.52
232,-23.08,103.33
233,-23.16,97.60
234,-23.23,98.33
235,-23.30,101.17
236,-23.38,99.45
237,-23.46,99.31
238,-23.52,99.99
239,-23.59,98.01
240,-23.66,99.06
241,-23.74,100.34
242,-23.83,101.22
243,-23.89,99.18
244,-23.95,98.78
245,-24.02,100.27
246,-24.09,98.52
247,-24.16,100.28
248,-24.24,99.07
249,-24.32,95.73
250,-24.39,96.11
251,-24.46,97.14
252,-24.53,97.13
253,-24.60,95.33
254,-24.67,98.02
255,-24.75,97.15
256,-24.82,95.75
257,-24.88,97.69
258,-24.95,96.65
259,-25.02,98.58
260,-25.09,96.16
261,-25.17,94.85
262,-25.25,94.84
263,-25.32,95.35
264,-25.38,94.27
265,-25.44,94.03
266,-25.51,94.28
267,-25.58,93.84
268,-25.65,95.73
269,-25.72,94.00
270,-25.78,92.28
271,-25.85,92.92
272,-25.92,91.41
273,-25.98,93.88
274,-26.04,92.75
275,-26.12,94.08
276,-26.19,93.25
277,-26.26,94.05
278,-26.33,95.21
279,-26.38,92.22
280,-26.45,91.00
281,-26.52,89.35
282,-26.59,90.46
283,-26.66,93.68
284,-26.73,91.11
285,-26.80,90.01
286,-26.87,92.53
287,-26.94,94.43
288,-27.00,92.43
289,-27.06,92.26
290,-27.12,89.76
291,-27.19,89.25
292,-27.26,89.56
293,-27.33,90.12
294,-27.40,91.88
295,-27.46,92.22
296,-27.53,93.05
297,-27.59,90.19
298,-27.66,92.55
299,-27.72,89.96
300,-27.79,90.57
301,-27.84,91.00
302,-27.90,90.36
303,-27.98,90.27
304,-28.05,90.76
305,-28.11,89.75
306,-28.17,89.99
307,-28.23,89.47
308,-28.30,88.50
309,-28.36,91.92
310,-28.43,91.21
311,-28.49,90.41
312,-28.55,90.18
313,-28.61,89.14
314,-28.68,86.94
315,-28.74,87.32
316,-28.81,87.27
317,-28.87,87.43
318,-28.93,90.14
319,-29.00,88.80
320,-29.06,86.41
321,-29.12,86.90
322,-29.17,85.03
323,-29.23,84.77
324,-29.29,83.14
325,-29.36,86.46
326,-29.44,88.77
327,-29.50,88.78
328,-29.55,88.15
329,-29.62,87.99
330,-29.68,84.98
331,-29.74,84.87
332,-29.80,86.01
333,-29.86,83.64
334,-29.92,85.04
335,-29.98,85.95
336,-30.04,85.94
337,-30.11,85.48
338,-30.17,83.14
339,-30.23,82.29
340,-30.29,83.99
341,-30.35,84.94
342,-30.41,86.28
343,-30.47,85.35
344,-30.53,86.48
345,-30.59,87.36
346,-30.66,85.68
347,-30.73,88.81
348,-30.79,87.77
349,-30.84,85.92
350,-30.91,86.50
351,-30.97,86.67
352,-31.04,86.14
353,-31.09,83.21
354,-31.15,82.87
355,-31.20,83.32
356,-31.27,84.92
357,-31.33,86.71
358,-31.39,84.89
359,-31.45,86.19
360,-31.51,87.00
361,-31.57,86.51
362,-31.64,84.25
363,-31.70,82.61
364,-31.76,81.47
365,-31.82,85.62
366,-31.87,84.73
367,-31.93,85.30
368,-31.99,83.47
369,-32.05,84.66
370,-32.11,83.86
371,-32.17,85.05
372,-32.23,82.77
373,-32.29,83.53
374,-32.35,85.10
375,-32.41,87.19
376,-32.47,84.46
377,-32.53,86.52
378,-32.58,84.99
379,-32.64,83.12
380,-32.70,83.59
381,-32.77,83.98
382,-32.83,82.53
383,-32.90,81.79
384,-32.96,83.67
385,-33.02,82.38
386,-33.07,84.64
387,-33.13,83.03
388,-33.19,83.27
389,-33.25,82.62
390,-33.31,85.58
391,-33.37,84.10
392,-33.43,83.06
393,-33.49,84.66
394,-33.55,83.65
395,-33.61,83.61
396,-33.68,83.69
397,-33.73,85.18
398,-33.79,82.34
399,-33.84,84.61
400,-33.90,84.01
401,-33.97,82.91
402,-34.03,83.91
403,-34.09,83.54
404,-34.15,83.94
405,-34.21,84.60
406,-34.27,83.65
407,-34.33,81.85
408,-34.39,82.44
409,-34.45,83.16
410,-34.50,84.09
411,-34.56,85.52
412,-34.62,84.24
413,-34.69,82.31
414,-34.74,83.03
415,-34.80,84.04
416,-34.86,85.14
417,-34.92,86.25
418,-34.98,86.38
419,-35.05,85.75
420,-35.10,84.14
421,-35.16,83.61
422,-35.22,84.58
423,-35.28,83.14
424,-35.34,83.35
425,-35.39,84.15
426,-35.44,84.07
427,-35.50,85.96
428,-35.57,86.92
429,-35.63,86.20
430,-35.69,87.08
431,-35.74,84.08
432,-35.81,82.40
433,-35.86,83.02
434,-35.93,83.06
435,-35.98,86.54
436,-36.05,85.14
437,-36.12,86.76
438,-36.17,89.15
439,-36.22,86.04
440,-36.29,85.42
441,-36.35,83.75
442,-36.40,83.35
443,-36.46,82.97
444,-36.53,82.90
445,-36.59,83.45
446,-36.65,86.26
447,-36.71,85.10
448,-36.76,85.62
449,-36.83,85.75
450,-36.90,82.58
451,-36.95,85.18
452,-37.01,83.32
453,-37.06,85.04
454,-37.12,81.79
455,-37.19,84.28
456,-37.25,82.63
457,-37.31,84.65
458,-37.37,84.09
459,-37.43,84.92
460,-37.49,85.04
461,-37.55,85.04
462,-37.61,82.09
463,-37.67,82.26
464,-37.72,85.75
465,-37.78,82.97
466,-37.84,87.00
467,-37.90,86.14
468,-37.96,85.32
469,-38.02,87.10
470,-38.07,83.59
471,-38.13,82.29
472,-38.20,84.71
473,-38.25,83.04
474,-38.31,82.92
475,-38.37,80.39
476,-38.43,83.18
477,-38.48,84.56
478,-38.55,83.58
479,-38.61,85.79
480,-38.67,86.53
481,-38.74,85.69
482,-38.79,82.71
483,-38.85,82.05
484,-38.91,81.97
485,-38.97,80.57
486,-39.02,80.59
487,-39.08,81.06
488,-39.14,81.89
489,-39.20,81.85
490,-39.25,84.15
491,-39.30,84.16
492,-39.37,84.19
493,-39.43,85.64
494,-39.49,83.16
495,-39.55,82.24
496,-39.61,83.08
497,-39.66,83.71
498,-39.72,84.03
499,-39.78,84.48
500,-39.85,81.93
501,-39.91,81.38
502,-39.96,80.83
503,-40.01,79.49
504,-40.07,82.28
505,-40.13,83.44
506,-40.19,81.72
507,-40.25,80.39
508,-40.30,81.02
509,-40.35,81.85
510,-40.41,80.66
511,-40.48,80.67
512,-40.53,80.19
513,-40.59,82.21
514,-40.65,81.59
515,-40.71,81.77
516,-40.76,80.87
517,-40.81,82.00
518,-40.87,82.08
519,-40.93,82.18
520,-40.98,82.04
521,-41.04,83.16
522,-41.09,81.29
523,-41.15,81.44
524,-41.21,80.11
525,-41.27,80.58
526,-41.34,80.67
527,-41.39,81.43
528,-41.44,79.07
529,-41.50,79.32
530,-41.56,81.02
531,-41.62,81.72
532,-41.67,79.61
533,-41.72,79.90
534,-41.78,80.12
535,-41.84,78.63
536,-41.90,79.72
537,-41.95,80.32
538,-42.00,78.85
539,-42.06,82.05
540,-42.11,79.55
541,-42.17,81.22
542,-42.22,79.02
543,-42.28,80.67
544,-42.34,78.41
545,-42.39,76.30
546,-42.44,76.83
547,-42.50,78.65
548,-42.56,77.38
549,-42.62,80.04
550,-42.68,78.76
551,-42.73,80.43
552,-42.78,78.29
553,-42.84,77.51
554,-42.90,74.88
555,-42.94,75.41
556,-43.00,76.66
557,-43.06,79.31
558,-43.11,80.86
559,-43.17,82.29
560,-43.23,83.36
561,-43.29,83.27
562,-43.34,79.71
563,-43.40,78.30
564,-43.45,75.19
565,-43.51,75.64
566,-43.56,77.17
567,-43.62,77.10
568,-43.66,75.51
569,-43.72,78.24
570,-43.78,79.10
571,-43.83,77.47
572,-43.88,77.04
573,-43.93,77.48
574,-43.99,76.44
575,-44.04,78.30
576,-44.10,75.32
577,-44.15,80.09
578,-44.21,79.85
579,-44.25,79.74
580,-44.29,80.71
581,-44.35,82.52
582,-44.41,80.49
583,-44.46,81.58
584,-44.51,78.43
585,-44.56,77.07
586,-44.63,77.45
587,-44.68,78.11
588,-44.74,78.43
589,-44.79,76.63
590,-44.85,76.76
591,-44.90,79.14
592,-44.96,78.73
593,-45.01,76.34
594,-45.06,76.10
595,-45.11,75.60
596,-45.17,76.00
597,-45.22,75.44
598,-45.28,76.29
599,-45.33,77.34
600,-45.39,77.04
601,-45.44,78.70
602,-45.49,76.99
603,-45.54,75.82
604,-45.60,75.39
605,-45.65,75.94
606,-45.69,75.69
607,-45.74,76.28
608,-45.80,76.31
609,-45.86,77.20
610,-45.91,76.83
611,-45.96,78.93
612,-46.01,76.18
613,-46.07,76.59
614,-46.12,76.29
615,-46.18,74.77
616,-46.23,76.31
617,-46.28,76.03
618,-46.33,74.80
619,-46.38,75.89
620,-46.43,76.96
621,-46.49,76.82
622,-46.54,76.15
623,-46.59,75.13
624,-46.64,75.89
625,-46.69,75.35
626,-46.74,76.00
627,-46.79,75.18
628,-46.85,76.61
629,-46.90,76.56
630,-46.95,78.03
631,-47.02,76.00
632,-47.06,75.48
633,-47.12,75.48
634,-47.17,73.74
635,-47.21,73.75
636,-47.26,72.14
637,-47.31,71.21
638,-47.36,74.08
639,-47.41,75.12
640,-47.46,72.47
641,-47.52,74.85
642,-47.57,74.21
643,-47.62,73.35
644,-47.67,74.58
645,-47.72,70.91
646,-47.77,72.54
647,-47.83,72.93
648,-47.89,73.04
649,-47.93,74.51
650,-47.98,72.75
651,-48.03,74.12
652,-48.09,75.30
653,-48.14,76.93
654,-48.19,74.82
655,-48.24,71.50
656,-48.29,73.44
657,-48.34,71.83
658,-48.39,73.26
659,-48.45,72.98
660,-48.49,75.80
661,-48.54,73.22
662,-48.59,73.34
663,-48.64,74.16
664,-48.69,75.65
665,-48.74,73.08
666,-48.80,73.64
667,-48.85,70.21
668,-48.90,72.91
669,-48.95,72.18
670,-48.99,74.43
671,-49.03,73.24
672,-49.08,72.41
673,-49.13,73.05
674,-49.19,73.86
675,-49.25,71.09
676,-49.29,73.54
677,-49.34,72.45
678,-49.39,74.04
679,-49.44,75.09
680,-49.49,74.81
681,-49.54,75.76
682,-49.58,75.16
683,-49.64,72.67
684,-49.69,70.54
685,-49.74,68.18
686,-49.79,67.60
687,-49.84,68.17
688,-49.89,70.89
689,-49.94,69.61
690,-49.99,72.88
691,-50.04,73.56
692,-50.09,74.60
693,-50.14,75.36
694,-50.19,75.26
695,-50.24,73.21
696,-50.29,72.03
697,-50.34,69.69
698,-50.38,73.05
699,-50.43,73.77
700,-50.48,74.58
701,-50.53,72.49
702,-50.58,71.92
703,-50.63,71.77
704,-50.68,71.46
705,-50.72,68.73
706,-50.77,71.62
707,-50.83,69.00
708,-50.88,71.31
709,-50.92,68.86
710,-50.97,69.95
711,-51.02,68.61
712,-51.07,73.03
713,-51.12,73.14
714,-51.17,74.30
715,-51.21,69.97
716,-51.26,72.05
717,-51.31,70.54
718,-51.36,71.00
719,-51.41,68.94
720,-51.46,71.49
721,-51.51,70.08
722,-51.54,70.05
723,-51.60,69.89
724,-51.65,69.69
725,-51.70,70.12
726,-51.74,68.03
727,-51.78,67.93
728,-51.83,71.73
729,-51.89,70.68
730,-51.93,70.21
731,-51.97,69.02
732,-52.02,69.56
733,-52.07,70.72
734,-52.12,70.88
735,-52.18,71.33
736,-52.22,72.74
737,-52.26,70.37
738,-52.31,70.63
739,-52.37,71.70
740,-52.41,71.85
741,-52.45,71.31
742,-52.50,72.75
743,-52.55,71.20
744,-52.59,70.06
745,-52.63,70.66
746,-52.68,68.20
747,-52.73,66.02
748,-52.77,66.83
749,-52.81,65.67
750,-52.87,67.50
751,-52.92,69.24
752,-52.98,68.94
753,-53.02,70.04
754,-53.06,69.76
755,-53.11,68.34
756,-53.16,68.51
757,-53.21,68.70
758,-53.25,67.50
759,-53.29,68.85
760,-53.34,69.77
761,-53.40,68.31
762,-53.44,69.35
763,-53.49,69.13
764,-53.53,65.78
765,-53.58,66.90
766,-53.63,66.78
767,-53.67,67.43
768,-53.72,65.31
769,-53.76,64.25
770,-53.81,65.55
771,-53.86,67.05
772,-53.91,66.97
773,-53.95,67.05
774,-54.00,67.00
775,-54.04,68.86
776,-54.08,67.55
777,-54.13,67.81
778,-54.18,68.67
779,-54.23,68.22
780,-54.27,68.23
781,-54.31,69.18
782,-54.36,67.67
783,-54.41,69.12
784,-54.46,68.40
785,-54.51,67.25
786,-54.56,66.14
787,-54.60,65.16
788,-54.64,65.38
789,-54.69,65.46
790,-54.75,65.61
791,-54.79,65.73
792,-54.82,64.73
793,-54.87,65.55
794,-54.92,64.38
795,-54.96,65.87
796,-55.01,66.28
797,-55.05,67.35
798,-55.09,65.21
799,-55.14,66.09
800,-55.18,64.96
801,-55.23,67.01
802,-55.28,66.19
803,-55.32,66.93
804,-55.36,66.94
805,-55.41,65.30
806,-55.46,66.16
807,-55.50,66.63
808,-55.55,65.91
809,-55.60,64.47
810,-55.64,66.54
811,-55.69,66.46
812,-55.73,67.25
813,-55.77,65.95
814,-55.82,62.74
815,-55.86,64.21
816,-55.90,64.91
817,-55.94,65.26
818,-55.98,65.75
819,-56.03,65.71
820,-56.07,65.66
821,-56.12,67.49
822,-56.16,65.77
823,-56.21,66.30
824,-56.25,65.42
825,-56.29,64.79
826,-56.34,65.95
827,-56.38,65.64
828,-56.42,65.29
829,-56.46,64.00
830,-56.51,65.84
831,-56.56,67.86
832,-56.61,68.49
833,-56.65,66.57
834,-56.69,65.64
835,-56.73,66.18
836,-56.78,64.46
837,-56.81,67.79
838,-56.85,65.80
839,-56.89,64.38
840,-56.94,64.22
841,-56.99,63.74
842,-57.03,62.67
843,-57.07,63.37
844,-57.11,63.53
845,-57.14,64.73
846,-57.19,63.48
847,-57.23,62.18
848,-57.28,61.39
849,-57.32,62.37
850,-57.36,63.93
851,-57.40,65.17
852,-57.45,64.75
853,-57.50,65.82
854,-57.54,65.56
855,-57.58,64.68
856,-57.62,61.79
857,-57.66,63.76
858,-57.70,64.85
859,-57.74,62.99
860,-57.78,63.22
861,-57.83,61.69
862,-57.87,64.49
863,-57.91,64.56
864,-57.95,63.76
865,-57.99,63.81
866,-58.04,62.99
867,-58.07,61.80
868,-58.11,59.09
869,-58.15,60.18
870,-58.19,61.76
871,-58.24,61.56
872,-58.27,63.87
873,-58.31,63.80
874,-58.36,64.57
875,-58.41,65.59
876,-58.45,64.02
877,-58.49,62.67
878,-58.53,60.25
879,-58.57,61.07
880,-58.60,59.77
881,-58.64,58.68
882,-58.68,61.01
883,-58.73,62.30
884,-58.77,63.89
885,-58.81,63.04
886,-58.86,60.20
887,-58.89,61.17
888,-58.92,60.67
889,-58.96,63.12
890,-59.00,62.65
891,-59.03,61.76
892,-59.07,61.10
893,-59.12,62.25
894,-59.16,63.47
895,-59.20,63.17
896,-59.24,61.55
897,-59.28,59.89
898,-59.34,60.13
899,-59.37,60.44
900,-59.40,62.38
901,-59.45,59.70
902,-59.48,59.28
903,-59.52,61.70
904,-59.56,61.96
905,-59.60,62.57
906,-59.64,60.08
907,-59.68,61.03
908,-59.72,60.20
909,-59.75,58.79
910,-59.79,59.63
911,-59.82,59.08
912,-59.86,57.77
913,-59.90,58.79
914,-59.94,59.00
915,-59.98,59.52
916,-60.01,61.26
917,-60.05,59.76
918,-60.08,58.43
919,-60.12,56.99
920,-60.16,57.40
921,-60.21,57.22
922,-60.25,57.39
923,-60.28,56.38
924,-60.33,57.22
925,-60.37,57.49
926,-60.41,59.84
927,-60.43,59.25
928,-60.46,60.63
929,-60.49,60.60
930,-60.53,59.96
931,-60.58,57.97
932,-60.61,60.23
933,-60.65,60.82
934,-60.69,60.45
935,-60.73,60.40
936,-60.77,61.61
937,-60.80,59.81
938,-60.84,60.19
939,-60.88,58.35
940,-60.92,58.43
941,-60.96,58.00
942,-61.00,58.72
943,-61.04,58.68
944,-61.07,59.68
945,-61.10,60.60
946,-61.14,56.68
947,-61.18,59.32
948,-61.23,58.28
949,-61.26,54.89
950,-61.30,58.46
951,-61.34,57.91
952,-61.37,56.83
953,-61.40,55.95
954,-61.44,57.53
955,-61.48,57.21
956,-61.51,58.26
957,-61.54,55.84
958,-61.59,55.77
959,-61.62,53.45
960,-61.65,54.21
961,-61.69,54.99
962,-61.72,55.14
963,-61.76,56.32
964,-61.80,56.29
965,-61.83,53.23
966,-61.87,54.03
967,-61.90,54.83
968,-61.94,53.29
969,-61.97,52.13
970,-62.00,52.30
971,-62.04,54.77
972,-62.07,55.10
973,-62.11,54.32
974,-62.14,53.78
975,-62.17,54.31
976,-62.20,53.98
977,-62.24,53.30
978,-62.27,53.56
979,-62.31,53.91
980,-62.34,54.63
981,-62.37,56.14
982,-62.41,53.32
983,-62.44,52.39
984,-62.47,55.19
985,-62.50,53.69
986,-62.53,52.63
987,-62.56,53.15
988,-62.60,52.83
989,-62.63,52.72
990,-62.66,53.94
991,-62.70,54.28
992,-62.74,53.47
993,-62.77,54.25
994,-62.80,55.55
995,-62.84,55.43
996,-62.87,55.36
997,-62.91,56.24
998,-62.94,56.12
999,-62.97,55.47
1000,-63.00,54.09
1001,-63.04,54.54
1002,-63.07,53.91
1003,-63.11,55.79
1004,-63.14,55.75
1005,-63.17,55.98
1006,-63.20,57.43
1007,-63.23,56.81
1008,-63.26,54.49
1009,-63.29,53.81
1010,-63.32,53.00
1011,-63.35,52.56
1012,-63.39,51.14
1013,-63.42,52.90
1014,-63.46,52.36
1015,-63.50,54.96
1016,-63.53,54.01
1017,-63.56,55.09
1018,-63.59,54.27
1019,-63.62,54.23
1020,-63.65,52.20
1021,-63.68,53.53
1022,-63.71,51.56
1023,-63.74,53.03
1024,-63.77,52.64
1025,-63.80,52.34
1026,-63.83,52.86
1027,-63.87,52.98
1028,-63.90,49.36
1029,-63.93,51.44
1030,-63.96,51.09
1031,-63.99,51.21
1032,-64.02,49.57
1033,-64.04,52.73
1034,-64.08,52.83
1035,-64.11,55.08
1036,-64.14,52.97
1037,-64.17,53.68
1038,-64.21,51.71
1039,-64.24,49.88
1040,-64.27,48.96
1041,-64.29,48.62
1042,-64.32,47.74
1043,-64.35,50.34
1044,-64.38,52.43
1045,-64.41,52.00
1046,-64.44,52.00
1047,-64.47,49.99
1048,-64.51,47.96
1049,-64.53,47.27
1050,-64.56,47.91
1051,-64.59,49.63
1052,-64.62,50.41
1053,-64.65,50.90
1054,-64.68,52.15
1055,-64.71,52.70
1056,-64.74,52.03
1057,-64.77,52.37
1058,-64.80,49.60
1059,-64.83,49.98
1060,-64.86,49.01
1061,-64.90,48.90
1062,-64.93,49.79
1063,-64.96,51.34
1064,-64.98,51.78
1065,-65.00,52.08
1066,-65.03,51.37
1067,-65.07,52.77
1068,-65.10,52.19
1069,-65.13,50.84
1070,-65.17,49.52
1071,-65.19,49.20
1072,-65.21,50.95
1073,-65.25,50.10
1074,-65.28,50.81
1075,-65.30,49.35
1076,-65.33,50.64
1077,-65.37,49.34
1078,-65.40,49.81
1079,-65.43,49.09
1080,-65.46,49.16
1081,-65.49,49.12
1082,-65.52,48.54
1083,-65.55,48.86
1084,-65.58,50.76
1085,-65.60,52.10
1086,-65.63,52.05
1087,-65.66,51.84
1088,-65.69,52.72
1089,-65.71,50.67
1090,-65.74,50.35
1091,-65.77,47.46
1092,-65.80,47.48
1093,-65.84,46.88
1094,-65.86,49.44
1095,-65.89,48.78
1096,-65.92,49.51
1097,-65.95,49.99
1098,-65.97,47.90
1099,-65.99,49.64
1100,-66.02,46.67
1101,-66.05,47.23
1102,-66.07,46.04
1103,-66.11,47.26
1104,-66.14,46.82
1105,-66.17,48.47
1106,-66.19,50.44
1107,-66.21,49.18
1108,-66.24,49.12
1109,-66.26,47.56
1110,-66.30,47.94
1111,-66.33,46.16
1112,-66.35,44.93
1113,-66.38,45.48
1114,-66.41,48.76
1115,-66.44,47.17
1116,-66.47,49.85
1117,-66.50,49.77
1118,-66.52,50.56
1119,-66.54,49.16
1120,-66.57,48.02
1121,-66.60,44.45
1122,-66.63,45.16
1123,-66.65,44.95
1124,-66.68,46.54
1125,-66.70,47.15
1126,-66.73,47.34
1127,-66.76,47.38
1128,-66.78,48.52
1129,-66.80,47.35
1130,-66.83,45.75
1131,-66.86,44.67
1132,-66.89,47.00
1133,-66.92,46.48
1134,-66.95,48.40
1135,-66.97,48.31
1136,-67.01,48.77
1137,-67.03,48.77
1138,-67.05,49.59
1139,-67.07,47.31
1140,-67.10,48.10
1141,-67.13,45.81
1142,-67.16,44.70
1143,-67.19,42.85
1144,-67.21,45.85
1145,-67.24,45.83
1146,-67.26,45.15
1147,-67.29,46.31
1148,-67.32,45.76
1149,-67.34,46.90
1150,-67.36,47.50
1151,-67.38,44.09
1152,-67.40,45.65
1153,-67.43,45.12
1154,-67.46,45.55
1155,-67.49,45.23
1156,-67.52,48.01
1157,-67.55,45.82
1158,-67.58,47.40
1159,-67.60,44.83
1160,-67.62,44.33
1161,-67.64,46.55
1162,-67.67,45.39
1163,-67.69,45.46
1164,-67.72,43.61
1165,-67.75,44.75
1166,-67.78,44.96
1167,-67.80,45.31
1168,-67.82,44.83
1169,-67.85,47.01
1170,-67.87,45.13
1171,-67.89,45.39
1172,-67.92,43.35
1173,-67.94,44.08
1174,-67.96,43.21
1175,-67.99,43.42
1176,-68.01,45.37
1177,-68.03,45.37
1178,-68.05,46.55
1179,-68.07,45.33
1180,-68.09,45.47
1181,-68.11,44.70
1182,-68.15,43.85
1183,-68.18,43.83
1184,-68.20,41.92
1185,-68.22,45.67
1186,-68.24,45.01
1187,-68.26,46.52
1188,-68.30,47.34
1189,-68.32,48.27
1190,-68.34,46.53
1191,-68.36,45.26
1192,-68.38,43.91
1193,-68.41,43.74
1194,-68.43,41.68
1195,-68.46,42.41
1196,-68.49,44.15
1197,-68.51,44.33
1198,-68.53,45.61
1199,-68.55,45.91
1200,-68.58,46.78
1201,-68.62,45.56
1202,-68.63,44.48
1203,-68.65,44.70
1204,-68.68,44.98
1205,-68.70,44.85
1206,-68.72,46.97
1207,-68.75,45.41
1208,-68.78,44.10
1209,-68.80,45.76
1210,-68.82,45.41
1211,-68.84,46.63
1212,-68.86,44.96
1213,-68.88,41.66
1214,-68.92,41.78
1215,-68.94,41.96
1216,-68.96,43.05
1217,-68.99,43.11
1218,-69.01,44.73
1219,-69.04,45.31
1220,-69.06,44.22
1221,-69.08,43.58
1222,-69.11,44.18
1223,-69.13,43.29
1224,-69.16,42.33
1225,-69.18,42.07
1226,-69.20,43.05
1227,-69.22,43.19
1228,-69.24,43.35
1229,-69.26,45.28
1230,-69.29,45.32
1231,-69.32,42.31
1232,-69.34,42.71
1233,-69.36,43.10
1234,-69.37,43.15
1235,-69.39,42.47
1236,-69.42,43.30
1237,-69.44,45.18
1238,-69.47,44.13
1239,-69.50,45.10
1240,-69.52,42.91
1241,-69.54,43.55
1242,-69.57,41.65
1243,-69.59,43.07
1244,-69.61,43.09
1245,-69.63,42.70
1246,-69.66,41.08
1247,-69.67,42.09
1248,-69.68,44.93
1249,-69.71,45.58
1250,-69.74,44.70
1251,-69.76,44.45
1252,-69.79,43.65
1253,-69.81,42.65
1254,-69.83,40.71
1255,-69.86,39.36
1256,-69.88,42.06
1257,-69.90,43.76
1258,-69.91,45.10
1259,-69.93,43.62
1260,-69.97,42.28
1261,-69.99,42.80
1262,-70.01,42.37
1263,-70.04,41.80
1264,-70.06,40.74
1265,-70.08,43.15
1266,-70.10,43.96
1267,-70.12,42.85
1268,-70.15,42.13
1269,-70.17,41.86
1270,-70.19,42.35
1271,-70.21,42.62
1272,-70.23,41.61
1273,-70.25,41.08
1274,-70.27,40.21
1275,-70.29,43.04
1276,-70.32,43.18
1277,-70.34,42.90
1278,-70.35,43.70
1279,-70.37,44.34
1280,-70.39,42.34
1281,-70.41,42.09
1282,-70.44,42.74
1283,-70.46,41.30
1284,-70.48,40.24
1285,-70.50,39.41
1286,-70.51,41.21
1287,-70.54,42.10
1288,-70.57,42.91
1289,-70.59,43.44
1290,-70.61,42.87
1291,-70.63,42.96
1292,-70.65,44.06
1293,-70.67,43.38
1294,-70.70,41.18
1295,-70.71,40.66
1296,-70.74,40.44
1297,-70.76,39.58
1298,-70.78,42.15
1299,-70.81,41.64
1300,-70.83,42.42
1301,-70.86,41.48
1302,-70.88,39.04
1303,-70.89,40.18
1304,-70.91,40.49
1305,-70.93,40.58
1306,-70.95,39.19
1307,-70.98,39.41
1308,-71.00,41.80
1309,-71.02,40.34
1310,-71.04,40.08
1311,-71.05,39.57
1312,-71.08,39.35
1313,-71.10,39.50
1314,-71.11,39.69
1315,-71.13,37.87
1316,-71.15,38.51
1317,-71.18,38.47
1318,-71.20,38.67
1319,-71.22,41.00
1320,-71.24,40.00
1321,-71.26,40.81
1322,-71.28,40.58
1323,-71.29,39.93
1324,-71.32,38.98
1325,-71.34,39.31
1326,-71.36,38.78
1327,-71.38,38.59
1328,-71.40,40.59
1329,-71.42,39.92
1330,-71.44,42.13
1331,-71.46,39.94
1332,-71.48,39.33
1333,-71.50,37.91
1334,-71.52,36.37
1335,-71.54,35.68
1336,-71.56,37.43
1337,-71.58,39.54
1338,-71.60,39.65
1339,-71.62,41.20
1340,-71.63,41.14
1341,-71.65,40.76
1342,-71.67,42.61
1343,-71.69,39.05
1344,-71.72,37.94
1345,-71.74,39.00
1346,-71.75,39.25
1347,-71.77,39.64
1348,-71.79,38.57
1349,-71.81,39.46
1350,-71.83,39.48
1351,-71.85,40.86
1352,-71.87,39.77
1353,-71.89,38.84
1354,-71.91,39.14
1355,-71.93,39.02
1356,-71.95,37.74
1357,-71.97,36.83
1358,-71.99,37.58
1359,-72.01,38.69
1360,-72.03,38.89
1361,-72.05,38.73
1362,-72.07,38.16
1363,-72.09,37.17
1364,-72.11,35.71
1365,-72.12,34.25
1366,-72.14,35.91
1367,-72.17,36.41
1368,-72.19,36.84
1369,-72.20,38.11
1370,-72.21,39.30
1371,-72.23,38.68
1372,-72.26,39.10
1373,-72.28,35.56
1374,-72.30,35.17
1375,-72.32,34.90
1376,-72.33,35.28
1377,-72.35,34.68
1378,-72.37,38.70
1379,-72.39,38.03
1380,-72.40,41.43
1381,-72.42,39.54
1382,-72.44,38.77
1383,-72.46,38.85
1384,-72.48,37.78
1385,-72.50,37.47
1386,-72.52,36.49
1387,-72.54,38.06
1388,-72.56,38.25
1389,-72.57,37.77
1390,-72.59,37.43
1391,-72.61,38.21
1392,-72.63,37.83
1393,-72.65,34.32
1394,-72.67,35.79
1395,-72.68,35.66
1396,-72.70,37.94
1397,-72.72,37.03
1398,-72.73,36.05
1399,-72.75,36.25
1400,-72.77,36.89
1401,-72.79,37.56
1402,-72.80,39.05
1403,-72.82,37.92
1404,-72.83,37.67
1405,-72.85,36.28
1406,-72.87,34.99
1407,-72.89,34.82
1408,-72.92,38.01
1409,-72.94,40.52
1410,-72.96,41.53
1411,-72.98,39.73
1412,-72.99,41.11
1413,-73.00,38.31
1414,-73.02,37.97
1415,-73.03,37.10
1416,-73.05,38.87
1417,-73.08,38.62
1418,-73.10,38.95
1419,-73.11,39.15
1420,-73.13,39.21
1421,-73.15,39.96
1422,-73.17,38.45
1423,-73.19,37.62
1424,-73.21,35.80
1425,-73.22,37.91
1426,-73.24,36.25
1427,-73.26,36.68
1428,-73.28,35.93
1429,-73.30,36.95
1430,-73.31,38.25
1431,-73.33,38.35
1432,-73.34,40.70
1433,-73.36,40.80
1434,-73.38,40.69
1435,-73.40,38.37
1436,-73.42,38.44
1437,-73.44,37.32
1438,-73.46,36.94
1439,-73.48,36.71
1440,-73.50,37.28
1441,-73.52,37.68
1442,-73.54,37.99
1443,-73.55,36.51
1444,-73.56,36.53
1445,-73.58,36.80
1446,-73.61,36.69
1447,-73.62,35.76
1448,-73.64,37.70
1449,-73.66,37.51
1450,-73.68,40.23
1451,-73.69,39.44
1452,-73.70,40.08
1453,-73.72,39.80
1454,-73.75,40.06
1455,-73.77,40.29
1456,-73.78,35.64
1457,-73.79,35.99
1458,-73.81,37.25
1459,-73.83,37.38
1460,-73.85,36.70
1461,-73.87,37.95
1462,-73.89,36.20
1463,-73.92,37.08
1464,-73.94,37.08
1465,-73.95,35.64
1466,-73.96,35.20
1467,-73.97,35.18
1468,-73.99,35.39
1469,-74.01,35.13
1470,-74.03,35.75
1471,-74.05,36.58
1472,-74.07,37.81
1473,-74.09,38.55
1474,-74.11,37.44
1475,-74.12,37.74
1476,-74.14,35.81
1477,-74.15,35.53
1478,-74.17,35.28
1479,-74.19,36.51
1480,-74.20,36.94
1481,-74.22,38.96
1482,-74.24,38.83
1483,-74.25,38.57
1484,-74.28,38.45
1485,-74.30,38.18
1486,-74.32,38.00
1487,-74.34,37.12
1488,-74.36,37.06
1489,-74.37,36.24
1490,-74.39,37.59
1491,-74.40,39.91
1492,-74.43,36.88
1493,-74.45,37.26
1494,-74.46,37.87
1495,-74.47,37.00
1496,-74.49,36.34
1497,-74.50,36.08
1498,-74.52,37.15
1499,-74.55,35.72
1500,-74.57,37.23
1501,-74.58,37.21
1502,-74.58,36.28
1503,-74.60,37.43
1504,-74.62,36.29
1505,-74.65,35.56
1506,-74.67,33.52
1507,-74.69,33.54
1508,-74.71,32.90
1509,-74.72,33.87
1510,-74.74,34.57
1511,-74.77,36.95
1512,-74.78,37.76
1513,-74.79,39.79
1514,-74.81,35.61
1515,-74.83,35.97
1516,-74.84,34.18
1517,-74.86,34.90
1518,-74.88,34.96
1519,-74.89,35.39
1520,-74.91,35.77
1521,-74.92,34.98
1522,-74.93,36.33
1523,-74.94,37.45
1524,-74.95,38.84
1525,-74.97,38.98
1526,-74.99,38.42
1527,-75.01,36.92
1528,-75.03,34.43
1529,-75.04,36.22
1530,-75.07,36.14
1531,-75.09,36.85
1532,-75.10,37.36
1533,-75.12,38.23
1534,-75.14,36.00
1535,-75.15,36.06
1536,-75.16,36.51
1537,-75.18,35.38
1538,-75.20,34.95
1539,-75.23,34.25
1540,-75.24,35.47
1541,-75.25,35.64
1542,-75.26,35.64
1543,-75.28,35.80
1544,-75.30,36.44
1545,-75.33,35.65
1546,-75.35,36.34
1547,-75.36,34.47
1548,-75.37,35.34
1549,-75.39,34.09
1550,-75.41,36.79
1551,-75.42,37.27
1552,-75.44,37.77
1553,-75.45,38.21
1554,-75.48,38.04
1555,-75.49,34.94
1556,-75.51,37.49
1557,-75.53,35.18
1558,-75.54,37.11
1559,-75.55,36.32
1560,-75.56,37.98
1561,-75.58,37.31
1562,-75.60,37.92
1563,-75.61,39.38
1564,-75.63,37.61
1565,-75.64,37.37
1566,-75.65,38.77
1567,-75.67,36.90
1568,-75.69,36.05
1569,-75.72,35.28
1570,-75.74,36.82
1571,-75.75,36.04
1572,-75.76,38.21
1573,-75.78,37.86
1574,-75.80,38.30
1575,-75.81,38.25
1576,-75.84,36.42
1577,-75.86,34.53
1578,-75.88,35.61
1579,-75.90,36.27
1580,-75.92,36.02
1581,-75.94,34.23
1582,-75.95,34.92
1583,-75.97,36.00
1584,-75.99,36.26
1585,-76.00,35.46
1586,-76.01,34.09
1587,-76.03,33.64
1588,-76.04,34.56
1589,-76.05,34.97
1590,-76.07,35.00
1591,-76.08,33.28
1592,-76.10,34.66
1593,-76.12,35.43
1594,-76.13,35.90
1595,-76.14,34.63
1596,-76.16,35.50
1597,-76.18,34.70
1598,-76.20,34.26
1599,-76.21,35.00
1600,-76.24,35.03
1601,-76.25,36.34
1602,-76.27,35.67
1603,-76.29,38.16
1604,-76.31,37.39
1605,-76.33,38.92
1606,-76.34,36.33
1607,-76.36,36.00
1608,-76.37,33.60
1609,-76.39,35.98
1610,-76.41,35.91
1611,-76.43,36.16
1612,-76.44,34.03
1613,-76.45,36.12
1614,-76.47,34.01
1615,-76.49,35.81
1616,-76.51,33.73
1617,-76.52,34.19
1618,-76.53,33.70
1619,-76.54,33.64
1620,-76.56,33.66
1621,-76.58,35.36
1622,-76.59,34.05
1623,-76.61,35.07
1624,-76.63,34.87
1625,-76.65,37.14
1626,-76.67,36.14
1627,-76.68,35.57
1628,-76.70,35.39
1629,-76.71,36.00
1630,-76.73,35.30
1631,-76.74,35.05
1632,-76.76,34.89
1633,-76.78,35.78
1634,-76.79,35.76
1635,-76.81,35.64
1636,-76.83,36.31
1637,-76.84,35.39
1638,-76.86,35.59
1639,-76.88,33.70
1640,-76.89,32.59
1641,-76.91,34.03
1642,-76.92,33.06
1643,-76.93,32.85
1644,-76.95,35.25
1645,-76.97,34.69
1646,-76.98,35.32
1647,-77.00,33.15
1648,-77.02,33.88
1649,-77.03,32.50
1650,-77.04,32.63
1651,-77.05,33.89
1652,-77.07,33.59
1653,-77.09,35.39
1654,-77.11,35.29
1655,-77.12,35.93
1656,-77.14,36.26
1657,-77.15,36.43
1658,-77.17,33.84
1659,-77.19,34.13
1660,-77.21,33.61
1661,-77.22,34.51
1662,-77.23,34.54
1663,-77.24,32.57
1664,-77.25,35.00
1665,-77.26,34.59
1666,-77.29,34.13
1667,-77.31,34.17
1668,-77.32,35.05
1669,-77.33,34.95
1670,-77.34,34.18
1671,-77.36,33.12
1672,-77.38,36.50
1673,-77.40,37.33
1674,-77.42,35.95
1675,-77.44,37.52
1676,-77.45,36.17
1677,-77.47,36.28
1678,-77.49,35.19
1679,-77.51,34.69
1680,-77.53,35.54
1681,-77.54,35.15
1682,-77.55,34.73
1683,-77.56,35.10
1684,-77.58,37.43
1685,-77.60,36.96
1686,-77.61,38.09
1687,-77.63,37.42
1688,-77.64,34.38
1689,-77.66,34.66
1690,-77.68,34.49
1691,-77.69,33.82
1692,-77.71,34.23
1693,-77.72,35.75
1694,-77.74,35.61
1695,-77.76,34.77
1696,-77.77,35.00
1697,-77.79,34.36
1698,-77.80,34.80
1699,-77.82,35.15
1700,-77.83,34.02
1701,-77.85,33.76
1702,-77.87,35.52
1703,-77.89,34.80
1704,-77.90,36.71
1705,-77.92,35.73
1706,-77.93,33.27
1707,-77.95,35.11
1708,-77.97,32.76
1709,-77.99,33.53
1710,-78.00,33.32
1711,-78.01,32.86
1712,-78.02,33.63
1713,-78.04,32.84
1714,-78.05,33.61
1715,-78.07,34.34
1716,-78.10,35.01
1717,-78.11,33.12
1718,-78.13,35.05
1719,-78.15,34.66
1720,-78.16,34.30
1721,-78.18,34.39
1722,-78.19,33.74
1723,-78.20,34.65
1724,-78.20,35.94
1725,-78.22,35.64
1726,-78.24,36.80
1727,-78.26,37.40
1728,-78.28,34.95
1729,-78.30,34.61
1730,-78.31,33.24
1731,-78.32,35.78
1732,-78.34,35.52
1733,-78.36,34.52
1734,-78.38,34.63
1735,-78.40,35.95
1736,-78.41,35.69
1737,-78.43,34.27
1738,-78.44,33.44
1739,-78.46,31.59
1740,-78.47,33.31
1741,-78.49,32.85
1742,-78.50,34.57
1743,-78.52,34.60
1744,-78.53,34.13
1745,-78.55,35.35
1746,-78.57,33.09
1747,-78.57,35.06
1748,-78.59,33.27
1749,-78.60,31.78
1750,-78.62,33.62
1751,-78.64,32.13
1752,-78.66,33.76
1753,-78.67,33.33
1754,-78.68,33.73
1755,-78.69,34.80
1756,-78.70,35.07
1757,-78.72,34.48
1758,-78.74,33.62
1759,-78.75,32.05
1760,-78.77,31.90
1761,-78.78,33.06
1762,-78.80,32.84
1763,-78.82,32.22
1764,-78.84,32.68
1765,-78.85,34.34
1766,-78.86,35.44
1767,-78.88,34.58
1768,-78.89,31.64
1769,-78.91,32.35
1770,-78.92,32.81
1771,-78.93,31.43
1772,-78.95,32.70
1773,-78.96,33.15
1774,-78.97,32.53
1775,-78.98,33.48
1776,-79.01,32.51
1777,-79.02,33.51
1778,-79.04,32.88
1779,-79.05,33.05
1780,-79.07,32.78
1781,-79.09,33.85
1782,-79.11,32.69
1783,-79.12,33.70
1784,-79.12,33.23
1785,-79.14,35.09
1786,-79.16,35.39
1787,-79.18,36.06
1788,-79.19,34.31
1789,-79.21,33.77
1790,-79.23,32.52
1791,-79.23,31.35
1792,-79.24,31.50
1793,-79.26,32.95
1794,-79.28,34.68
1795,-79.29,33.80
1796,-79.30,34.49
1797,-79.32,36.55
1798,-79.33,35.14
1799,-79.35,33.83
1800,-79.37,31.90
1801,-79.38,30.84
1802,-79.40,29.06
1803,-79.42,32.31
1804,-79.43,33.71
1805,-79.44,33.30
1806,-79.45,33.12
1807,-79.47,34.54
1808,-79.49,33.29
1809,-79.50,33.91
1810,-79.51,33.09
1811,-79.53,33.67
1812,-79.53,32.36
1813,-79.55,30.71
1814,-79.57,31.94
1815,-79.58,33.49
1816,-79.60,33.99
1817,-79.62,33.82
1818,-79.63,31.77
1819,-79.66,32.10
1820,-79.68,31.42
1821,-79.69,32.99
1822,-79.70,31.16
1823,-79.71,30.52
1824,-79.72,34.06
1825,-79.74,33.62
1826,-79.75,33.63
1827,-79.77,33.57
1828,-79.77,33.92
1829,-79.79,32.60
1830,-79.81,32.74
1831,-79.83,32.69
1832,-79.84,31.23
1833,-79.86,31.54
1834,-79.87,32.47
1835,-79.88,31.16
1836,-79.90,33.54
1837,-79.92,33.48
1838,-79.94,33.51
1839,-79.95,33.07
1840,-79.96,32.66
1841,-79.98,31.74
1842,-79.99,31.63
1843,-80.00,30.09
1844,-80.02,31.27
1845,-80.03,33.16
1846,-80.05,33.30
1847,-80.06,33.89
1848,-80.07,33.35
1849,-80.08,33.34
1850,-80.10,32.97
1851,-80.12,31.06
1852,-80.14,29.90
1853,-80.15,31.81
1854,-80.16,32.72
1855,-80.17,32.37
1856,-80.19,34.95
1857,-80.21,36.21
1858,-80.22,35.77
1859,-80.23,35.06
1860,-80.24,34.12
1861,-80.25,33.08
1862,-80.26,32.35
1863,-80.28,30.58
1864,-80.30,32.37
1865,-80.32,34.72
1866,-80.34,34.31
1867,-80.34,33.23
1868,-80.35,32.99
1869,-80.38,35.09
1870,-80.39,33.13
1871,-80.40,31.60
1872,-80.41,30.36
1873,-80.43,29.39
1874,-80.46,29.89
1875,-80.47,31.05
1876,-80.49,32.08
1877,-80.51,33.14
1878,-80.52,32.90
1879,-80.53,31.49
1880,-80.54,30.11
1881,-80.55,31.89
1882,-80.56,30.20
1883,-80.58,30.74
1884,-80.59,32.50
1885,-80.61,30.55
1886,-80.63,32.80
1887,-80.64,34.02
1888,-80.66,34.50
1889,-80.67,32.66
1890,-80.68,32.99
1891,-80.70,34.28
1892,-80.71,34.05
1893,-80.72,34.18
1894,-80.73,33.17
1895,-80.74,34.05
1896,-80.76,35.53
1897,-80.78,33.80
1898,-80.80,33.52
1899,-80.82,32.72
1900,-80.83,32.28
1901,-80.85,32.51
1902,-80.86,31.01
1903,-80.87,31.89
1904,-80.89,33.66
1905,-80.91,32.89
1906,-80.92,32.68
1907,-80.94,33.27
1908,-80.95,35.90
1909,-80.97,35.02
1910,-80.98,35.77
1911,-80.99,33.38
1912,-81.01,32.87
1913,-81.02,34.42
1914,-81.04,32.50
1915,-81.06,33.11
1916,-81.07,32.40
1917,-81.09,33.25
1918,-81.10,32.53
1919,-81.11,34.34
1920,-81.12,33.53
1921,-81.14,31.17
1922,-81.16,31.52
1923,-81.17,31.53
1924,-81.19,31.84
1925,-81.20,32.32
1926,-81.22,32.40
1927,-81.24,34.31
1928,-81.25,34.64
1929,-81.27,31.90
1930,-81.28,32.47
1931,-81.29,31.54
1932,-81.30,32.67
1933,-81.32,31.92
1934,-81.34,31.45
1935,-81.35,32.27
1936,-81.37,31.65
1937,-81.39,32.76
1938,-81.41,33.87
1939,-81.42,33.23
1940,-81.43,34.32
1941,-81.44,33.08
1942,-81.46,30.75
1943,-81.48,28.10
1944,-81.49,29.73
1945,-81.51,32.35
1946,-81.52,32.14
1947,-81.53,33.09
1948,-81.55,32.30
1949,-81.56,33.04
1950,-81.58,32.41
1951,-81.59,31.30
1952,-81.60,29.53
1953,-81.61,29.69
1954,-81.62,30.76
1955,-81.64,31.22
1956,-81.65,32.02
1957,-81.67,32.37
1958,-81.68,34.54
1959,-81.69,32.52
1960,-81.71,32.56
1961,-81.72,32.12
1962,-81.74,31.48
1963,-81.75,32.58
1964,-81.77,31.71
1965,-81.79,32.62
1966,-81.80,32.28
1967,-81.81,32.64
1968,-81.82,34.54
1969,-81.83,32.78
1970,-81.85,35.29
1971,-81.86,34.98
1972,-81.88,34.38
1973,-81.89,33.42
1974,-81.91,34.21
1975,-81.92,33.91
1976,-81.94,36.28
1977,-81.96,35.93
1978,-81.97,33.81
1979,-81.98,36.19
1980,-81.98,35.05
1981,-81.99,36.38
1982,-82.00,34.95
1983,-82.02,32.71
1984,-82.04,31.68
1985,-82.06,30.63
1986,-82.07,31.34
1987,-82.08,32.81
1988,-82.09,34.26
1989,-82.10,35.25
1990,-82.12,35.25
1991,-82.13,35.60
1992,-82.14,32.12
1993,-82.16,32.29
1994,-82.18,29.92
1995,-82.19,29.71
1996,-82.20,29.81
1997,-82.22,30.46
1998,-82.23,30.97
1999,-82.25,33.05
2000,-82.26,34.17
2001,-82.27,33.30
2002,-82.28,32.85
2003,-82.30,30.30
2004,-82.30,31.62
2005,-82.32,31.29
2006,-82.34,28.50
2007,-82.34,29.04
2008,-82.35,31.44
2009,-82.37,33.49
2010,-82.39,33.85
2011,-82.40,32.18
2012,-82.41,30.85
2013,-82.43,29.74
2014,-82.44,29.56
2015,-82.45,29.77
2016,-82.46,31.74
2017,-82.47,31.44
2018,-82.49,32.47
2019,-82.50,31.81
2020,-82.52,31.79
2021,-82.53,31.92
2022,-82.54,30.74
2023,-82.56,29.53
2024,-82.57,28.14
2025,-82.58,29.00
2026,-82.59,29.33
2027,-82.61,29.27
2028,-82.63,29.39
2029,-82.64,32.13
2030,-82.65,32.15
2031,-82.66,30.75
2032,-82.68,30.55
2033,-82.68,29.12
2034,-82.69,30.16
2035,-82.70,29.26
2036,-82.72,30.01
2037,-82.73,32.48
2038,-82.74,31.79
2039,-82.76,31.86
2040,-82.77,33.52
2041,-82.79,33.81
2042,-82.80,30.45
2043,-82.81,31.16
2044,-82.83,29.71
2045,-82.84,28.03
2046,-82.85,27.72
2047,-82.85,28.22
2048,-82.85,29.62
2049,-82.87,30.99
2050,-82.89,32.38
2051,-82.90,33.37
2052,-82.91,33.22
2053,-82.93,33.06
2054,-82.94,32.67
2055,-82.95,32.17
2056,-82.97,30.52
2057,-82.98,33.38
2058,-82.99,34.75
2059,-83.00,37.63
2060,-83.00,37.56
2061,-83.01,37.49
2062,-83.03,35.73
2063,-83.05,32.99
2064,-83.06,32.35
2065,-83.08,33.64
2066,-83.09,31.06
2067,-83.10,32.47
2068,-83.11,30.88
2069,-83.13,32.67
2070,-83.14,32.93
2071,-83.15,33.18
2072,-83.16,32.01
2073,-83.17,29.63
2074,-83.17,30.63
2075,-83.19,27.88
2076,-83.20,29.91
2077,-83.22,31.02
2078,-83.24,31.89
2079,-83.25,30.68
2080,-83.27,32.01
2081,-83.28,30.03
2082,-83.29,32.62
2083,-83.30,31.09
2084,-83.31,30.16
2085,-83.32,30.81
2086,-83.33,29.47
2087,-83.34,29.62
2088,-83.35,29.80
2089,-83.37,30.39
2090,-83.38,31.73
2091,-83.39,31.98
2092,-83.41,31.54
2093,-83.42,29.74
2094,-83.43,28.60
2095,-83.44,26.56
2096,-83.45,28.77
2097,-83.47,28.34
2098,-83.47,31.94
2099,-83.48,30.53
2100,-83.50,30.42
2101,-83.51,29.55
2102,-83.51,28.62
2103,-83.53,27.69
2104,-83.54,27.89
2105,-83.55,27.50
2106,-83.56,26.92
2107,-83.58,26.36
2108,-83.59,28.15
2109,-83.60,27.94
2110,-83.61,28.87
2111,-83.62,29.68
2112,-83.63,30.88
2113,-83.64,28.97
2114,-83.65,28.03
2115,-83.66,29.54
2116,-83.66,27.37
2117,-83.67,27.77
2118,-83.68,27.57
2119,-83.70,29.40
2120,-83.72,29.72
2121,-83.73,28.95
2122,-83.74,26.88
2123,-83.75,26.63
2124,-83.77,25.15
2125,-83.77,25.00
2126,-83.78,26.07
2127,-83.80,25.62
2128,-83.81,26.10
2129,-83.83,25.71
2130,-83.84,26.63
2131,-83.85,27.67
2132,-83.86,28.14
2133,-83.87,27.42
2134,-83.88,25.58
2135,-83.89,26.44
2136,-83.90,26.42
2137,-83.91,25.85
2138,-83.93,28.43
2139,-83.94,28.31
2140,-83.95,27.85
2141,-83.96,27.47
2142,-83.97,26.85
2143,-83.98,25.28
2144,-83.98,25.36
2145,-83.99,24.10
2146,-84.00,25.23
2147,-84.01,23.96
2148,-84.03,28.06
2149,-84.04,28.16
2150,-84.05,30.17
2151,-84.06,30.10
2152,-84.07,30.62
2153,-84.09,27.53
2154,-84.10,26.78
2155,-84.11,25.22
2156,-84.12,25.71
2157,-84.13,24.25
2158,-84.13,27.97
2159,-84.14,27.76
2160,-84.15,27.47
2161,-84.16,27.68
2162,-84.18,27.44
2163,-84.18,28.41
2164,-84.19,28.00
2165,-84.20,26.90
2166,-84.21,24.70
2167,-84.22,25.20
2168,-84.23,24.98
2169,-84.24,26.99
2170,-84.26,29.09
2171,-84.26,29.31
2172,-84.28,28.77
2173,-84.30,29.09
2174,-84.31,27.31
2175,-84.32,26.17
2176,-84.33,24.65
2177,-84.33,25.35
2178,-84.35,26.09
2179,-84.36,25.29
2180,-84.36,27.45
2181,-84.37,26.83
2182,-84.38,24.23
2183,-84.39,24.41
2184,-84.41,25.19
2185,-84.43,24.86
2186,-84.44,24.37
2187,-84.44,24.64
2188,-84.45,23.38
2189,-84.45,24.53
2190,-84.46,25.13
2191,-84.48,26.94
2192,-84.49,26.06
2193,-84.50,24.58
2194,-84.50,24.52
2195,-84.51,22.92
2196,-84.52,23.00
2197,-84.53,24.35
2198,-84.55,23.41
2199,-84.56,23.41
2200,-84.57,23.72
2201,-84.58,22.84
2202,-84.59,24.20
2203,-84.59,26.09
2204,-84.59,26.34
2205,-84.61,24.82
2206,-84.63,23.63
2207,-84.64,23.35
2208,-84.65,23.95
2209,-84.66,26.02
2210,-84.67,27.32
2211,-84.68,26.88
2212,-84.69,28.01
2213,-84.70,28.10
2214,-84.71,28.78
2215,-84.73,26.73
2216,-84.73,24.54
2217,-84.74,24.84
2218,-84.75,23.88
2219,-84.75,25.97
2220,-84.76,25.65
2221,-84.78,26.44
2222,-84.79,27.00
2223,-84.80,25.78
2224,-84.82,25.04
2225,-84.83,23.09
2226,-84.82,23.98
2227,-84.83,24.61
2228,-84.85,24.20
2229,-84.86,24.20
2230,-84.88,25.65
2231,-84.91,26.50
2232,-84.91,26.34
2233,-84.92,25.33
2234,-84.92,25.99
2235,-84.93,24.91
2236,-84.94,24.03
2237,-84.96,23.25
2238,-84.97,25.82
2239,-84.98,26.10
2240,-84.99,26.18
2241,-85.00,24.73
2242,-85.01,25.20
2243,-85.01,26.22
2244,-85.03,25.27
2245,-85.04,23.76
2246,-85.04,24.18
2247,-85.05,25.61
2248,-85.06,25.13
2249,-85.07,24.28
2250,-85.07,24.67
2251,-85.08,26.31
2252,-85.10,26.82
2253,-85.11,27.93
2254,-85.12,28.79
2255,-85.13,25.65
2256,-85.15,26.43
2257,-85.16,26.56
2258,-85.17,25.50
2259,-85.18,24.46
2260,-85.19,26.36
2261,-85.20,26.12
2262,-85.21,26.26
2263,-85.21,26.50
2264,-85.23,26.56
2265,-85.24,27.81
2266,-85.25,25.57
2267,-85.26,26.43
2268,-85.27,25.93
2269,-85.28,26.39
2270,-85.29,26.26
2271,-85.30,28.49
2272,-85.31,28.95
2273,-85.32,29.95
2274,-85.33,28.67
2275,-85.34,28.92
2276,-85.35,25.98
2277,-85.35,26.62
2278,-85.37,25.79
2279,-85.37,27.14
2280,-85.38,25.92
2281,-85.40,28.16
2282,-85.41,27.39
2283,-85.41,28.44
2284,-85.43,26.20
2285,-85.43,26.83
2286,-85.44,25.25
2287,-85.45,26.18
2288,-85.47,27.75
2289,-85.49,25.46
2290,-85.51,26.08
2291,-85.52,24.27
2292,-85.52,25.72
2293,-85.52,27.13
2294,-85.54,27.15
2295,-85.55,27.93
2296,-85.55,25.42
2297,-85.57,23.92
2298,-85.58,23.41
2299,-85.59,22.58
2300,-85.60,22.72
2301,-85.61,24.06
2302,-85.63,24.81
2303,-85.65,22.90
2304,-85.65,24.12
2305,-85.65,23.34
2306,-85.66,23.76
2307,-85.67,25.17
2308,-85.69,24.18
2309,-85.70,23.47
2310,-85.71,25.08
2311,-85.72,26.15
2312,-85.73,26.40
2313,-85.74,27.29
2314,-85.76,26.39
2315,-85.78,25.02
2316,-85.78,24.84
2317,-85.78,24.27
2318,-85.79,24.27
2319,-85.80,25.23
2320,-85.81,24.88
2321,-85.82,24.73
2322,-85.83,25.99
2323,-85.85,26.83
2324,-85.86,26.76
2325,-85.86,26.66
2326,-85.87,25.88
2327,-85.89,25.41
2328,-85.90,24.62
2329,-85.90,24.31
2330,-85.91,24.88
2331,-85.93,25.96
2332,-85.95,24.38
2333,-85.95,25.13
2334,-85.95,24.88
2335,-85.96,23.86
2336,-85.97,25.11
2337,-85.98,24.11
2338,-85.99,23.63
2339,-86.00,22.93
2340,-86.01,22.73
2341,-86.02,23.98
2342,-86.04,23.90
2343,-86.05,24.41
2344,-86.05,25.16
2345,-86.07,25.19
2346,-86.07,23.76
2347,-86.08,23.06
2348,-86.09,21.80
2349,-86.10,22.61
2350,-86.11,22.20
2351,-86.11,21.87
2352,-86.12,23.21
2353,-86.13,25.21
2354,-86.14,25.11
2355,-86.15,25.57
2356,-86.16,27.01
2357,-86.18,26.60
2358,-86.20,25.58
2359,-86.21,24.40
2360,-86.22,24.31
2361,-86.22,25.19
2362,-86.23,24.98
2363,-86.24,26.83
2364,-86.26,28.96
2365,-86.27,29.27
2366,-86.28,27.77
2367,-86.29,27.85
2368,-86.30,27.58
2369,-86.32,28.89
2370,-86.32,27.28
2371,-86.33,26.29
2372,-86.34,26.81
2373,-86.35,26.88
2374,-86.36,29.38
2375,-86.37,29.19
2376,-86.38,29.32
2377,-86.39,27.23
2378,-86.41,26.59
2379,-86.42,24.33
2380,-86.43,25.35
2381,-86.43,26.07
2382,-86.44,26.42
2383,-86.45,27.96
2384,-86.47,27.43
2385,-86.48,26.49
2386,-86.49,26.07
2387,-86.50,25.54
2388,-86.51,24.98
2389,-86.52,23.72
2390,-86.53,25.62
2391,-86.53,24.22
2392,-86.55,24.40
2393,-86.56,24.88
2394,-86.56,27.07
2395,-86.56,24.74
2396,-86.57,25.93
2397,-86.58,24.15
2398,-86.59,24.97
2399,-86.60,24.27
2400,-86.61,25.42
2401,-86.62,24.88
2402,-86.63,25.45
2403,-86.64,29.18
2404,-86.65,28.93
2405,-86.66,25.76
2406,-86.67,27.46
2407,-86.69,29.14
2408,-86.70,28.41
2409,-86.70,25.48
2410,-86.71,24.84
2411,-86.73,24.92
2412,-86.73,25.51
2413,-86.74,26.75
2414,-86.75,28.82
2415,-86.76,28.78
2416,-86.76,29.92
2417,-86.77,28.66
2418,-86.78,28.26
2419,-86.80,26.35
2420,-86.81,27.74
2421,-86.82,28.18
2422,-86.83,28.69
2423,-86.84,27.46
2424,-86.85,28.33
2425,-86.85,26.76
2426,-86.86,27.30
2427,-86.87,27.73
2428,-86.88,27.06
2429,-86.89,24.89
2430,-86.90,25.69
2431,-86.91,24.58
2432,-86.91,25.48
2433,-86.92,25.37
2434,-86.93,25.68
2435,-86.94,24.91
2436,-86.96,26.41
2437,-86.97,27.06
2438,-86.97,25.31
2439,-86.98,24.12
2440,-87.00,24.21
2441,-87.01,22.39
2442,-87.01,23.68
2443,-87.02,23.12
2444,-87.03,26.64
2445,-87.04,26.50
2446,-87.05,24.92
2447,-87.06,23.64
2448,-87.06,24.02
2449,-87.07,21.54
2450,-87.08,21.13
2451,-87.09,21.43
2452,-87.10,21.08
2453,-87.11,23.62
2454,-87.12,23.34
2455,-87.13,26.21
2456,-87.14,25.03
2457,-87.14,27.01
2458,-87.15,24.58
2459,-87.16,24.25
2460,-87.17,23.25
2461,-87.18,23.00
2462,-87.19,23.09
2463,-87.20,21.77
2464,-87.21,23.50
2465,-87.22,21.77
2466,-87.22,23.14
2467,-87.23,22.60
2468,-87.24,21.84
2469,-87.25,20.06
2470,-87.26,20.17
2471,-87.27,18.96
2472,-87.28,19.05
2473,-87.28,20.87
2474,-87.29,22.46
2475,-87.30,24.41
2476,-87.30,24.84
2477,-87.31,24.69
2478,-87.32,23.91
2479,-87.32,23.14
2480,-87.33,21.98
2481,-87.33,21.48
2482,-87.34,22.68
2483,-87.35,21.88
2484,-87.36,22.49
2485,-87.37,22.12
2486,-87.37,22.67
2487,-87.38,23.18
2488,-87.39,21.83
2489,-87.41,21.69
2490,-87.42,19.02
2491,-87.42,21.26
2492,-87.43,19.53
2493,-87.44,20.85
2494,-87.44,20.44
2495,-87.45,23.99
2496,-87.46,22.59
2497,-87.47,21.89
2498,-87.47,22.46
2499,-87.48,21.63
2500,-87.48,20.16
2501,-87.49,19.02
2502,-87.49,22.28
2503,-87.50,21.81
2504,-87.51,23.00
2505,-87.51,22.67
2506,-87.52,22.36
2507,-87.53,22.40
2508,-87.54,21.69
2509,-87.56,22.49
2510,-87.57,20.36
2511,-87.57,21.21
2512,-87.57,21.52
2513,-87.57,21.12
2514,-87.59,20.92
2515,-87.59,22.39
2516,-87.61,22.47
2517,-87.62,22.53
2518,-87.62,22.93
2519,-87.63,21.46
2520,-87.64,21.19
2521,-87.64,19.84
2522,-87.64,19.93
2523,-87.66,17.97
2524,-87.67,18.95
2525,-87.67,19.80
2526,-87.68,19.57
2527,-87.68,20.84
2528,-87.69,19.34
2529,-87.69,19.66
2530,-87.69,17.90
2531,-87.70,18.81
2532,-87.72,18.38
2533,-87.73,18.41
2534,-87.73,18.05
2535,-87.74,18.79
2536,-87.75,20.81
2537,-87.77,18.98
2538,-87.78,20.69
2539,-87.79,18.94
2540,-87.79,19.43
2541,-87.79,18.82
2542,-87.79,18.11
2543,-87.80,17.30
2544,-87.81,19.41
2545,-87.81,20.29
2546,-87.83,22.01
2547,-87.83,21.33
2548,-87.84,21.56
2549,-87.85,21.07
2550,-87.85,18.49
2551,-87.85,19.72
2552,-87.87,16.99
2553,-87.87,18.97
2554,-87.88,20.17
2555,-87.88,20.86
2556,-87.89,21.95
2557,-87.90,21.85
2558,-87.90,21.66
2559,-87.90,18.73
2560,-87.92,21.34
2561,-87.93,19.96
2562,-87.95,20.58
2563,-87.95,20.49
2564,-87.95,20.59
2565,-87.95,20.22
2566,-87.96,20.91
2567,-87.97,20.92
2568,-87.98,18.63
2569,-87.99,18.68
2570,-88.00,15.87
2571,-88.00,16.86
2572,-88.01,16.65
2573,-88.02,15.83
2574,-88.02,15.17
2575,-88.02,16.05
2576,-88.02,17.22
2577,-88.02,18.49
2578,-88.02,18.82
2579,-88.03,17.21
2580,-88.05,15.86
2581,-88.06,15.30
2582,-88.07,14.96
2583,-88.07,14.50
2584,-88.09,16.07
2585,-88.09,18.32
2586,-88.09,17.51
2587,-88.10,19.70
2588,-88.11,16.33
2589,-88.12,16.38
2590,-88.12,16.91
2591,-88.12,16.83
2592,-88.13,15.03
2593,-88.13,14.15
2594,-88.13,14.60
2595,-88.13,15.63
2596,-88.14,16.57
2597,-88.15,17.07
2598,-88.16,14.77
2599,-88.17,15.63
2600,-88.17,16.76
2601,-88.17,15.50
2602,-88.18,15.48
2603,-88.19,16.79
2604,-88.19,17.62
2605,-88.20,16.50
2606,-88.21,16.58
2607,-88.21,19.69
2608,-88.22,20.99
2609,-88.23,18.00
2610,-88.24,18.38
2611,-88.24,18.18
2612,-88.25,16.88
2613,-88.26,17.15
2614,-88.26,17.39
2615,-88.26,18.21
2616,-88.27,17.04
2617,-88.29,16.79
2618,-88.29,16.14
2619,-88.31,16.84
2620,-88.32,17.64
2621,-88.32,16.27
2622,-88.32,15.99
2623,-88.33,16.35
2624,-88.33,16.65
2625,-88.33,16.95
2626,-88.34,17.73
2627,-88.35,18.47
2628,-88.36,16.53
2629,-88.36,15.88
2630,-88.37,17.29
2631,-88.37,16.34
2632,-88.38,16.01
2633,-88.39,16.13
2634,-88.39,16.01
2635,-88.40,16.03
2636,-88.40,16.56
2637,-88.40,18.67
2638,-88.41,18.18
2639,-88.42,16.68
2640,-88.43,15.84
2641,-88.43,16.21
2642,-88.44,14.07
2643,-88.45,14.75
2644,-88.45,14.51
2645,-88.45,16.69
2646,-88.46,16.86
2647,-88.46,17.59
2648,-88.47,15.74
2649,-88.47,14.92
2650,-88.48,15.56
2651,-88.50,13.42
2652,-88.50,13.59
2653,-88.51,12.05
2654,-88.52,13.40
2655,-88.53,14.81
2656,-88.53,14.91
2657,-88.54,15.69
2658,-88.54,16.03
2659,-88.54,15.22
2660,-88.54,14.13
2661,-88.55,13.59
2662,-88.56,12.77
2663,-88.57,12.43
2664,-88.58,13.97
2665,-88.58,12.64
2666,-88.59,13.90
2667,-88.59,15.97
2668,-88.60,16.52
2669,-88.60,16.60
2670,-88.61,16.58
2671,-88.62,14.38
2672,-88.62,14.59
2673,-88.63,13.17
2674,-88.63,13.28
2675,-88.63,14.80
2676,-88.64,13.75
2677,-88.65,14.19
2678,-88.65,14.23
2679,-88.66,15.40
2680,-88.67,14.53
2681,-88.68,13.80
2682,-88.68,14.41
2683,-88.68,12.41
2684,-88.69,12.19
2685,-88.70,11.47
2686,-88.70,11.67
2687,-88.70,15.51
2688,-88.70,14.21
2689,-88.71,14.13
2690,-88.72,14.72
2691,-88.73,14.39
2692,-88.73,13.42
2693,-88.73,14.29
2694,-88.74,13.45
2695,-88.74,12.03
2696,-88.75,13.57
2697,-88.75,13.56
2698,-88.76,14.72
2699,-88.76,13.42
2700,-88.76,13.81
2701,-88.77,14.55
2702,-88.79,14.15
2703,-88.80,12.48
2704,-88.80,12.12
2705,-88.80,11.41
2706,-88.80,11.81
2707,-88.80,12.35
2708,-88.81,12.24
2709,-88.82,14.06
2710,-88.82,14.45
2711,-88.83,14.07
2712,-88.84,12.94
2713,-88.84,12.36
2714,-88.84,12.78
2715,-88.84,11.81
2716,-88.85,10.00
2717,-88.86,12.43
2718,-88.86,13.06
2719,-88.86,14.01
2720,-88.86,15.85
2721,-88.87,14.72
2722,-88.87,12.05
2723,-88.88,11.29
2724,-88.88,10.51
2725,-88.88,10.67
2726,-88.89,11.48
2727,-88.90,13.53
2728,-88.90,13.34
2729,-88.91,11.77
2730,-88.92,11.56
2731,-88.92,12.68
2732,-88.92,11.39
2733,-88.92,9.85
2734,-88.92,11.32
2735,-88.93,11.14
2736,-88.94,12.31
2737,-88.95,13.43
2738,-88.95,13.69
2739,-88.94,13.53
2740,-88.95,12.79
2741,-88.96,13.12
2742,-88.97,12.44
2743,-88.97,10.78
2744,-88.98,9.67
2745,-88.98,11.67
2746,-88.99,11.58
2747,-89.00,13.25
2748,-89.00,12.33
2749,-89.01,12.87
2750,-89.02,11.40
2751,-89.02,11.49
2752,-89.02,10.69
2753,-89.03,10.41
2754,-89.03,9.61
2755,-89.04,9.89
2756,-89.05,9.66
2757,-89.06,12.10
2758,-89.06,11.65
2759,-89.07,12.65
2760,-89.07,13.15
2761,-89.07,11.50
2762,-89.07,10.14
2763,-89.07,8.82
2764,-89.07,10.06
2765,-89.08,8.96
2766,-89.09,10.64
2767,-89.09,11.45
2768,-89.10,11.40
2769,-89.11,11.41
2770,-89.11,11.53
2771,-89.11,12.11
2772,-89.12,11.27
2773,-89.12,8.94
2774,-89.12,8.61
2775,-89.13,10.31
2776,-89.14,9.56
2777,-89.14,10.54
2778,-89.15,10.18
2779,-89.16,10.14
2780,-89.16,10.32
2781,-89.16,9.61
2782,-89.16,11.10
2783,-89.17,9.46
2784,-89.17,8.97
2785,-89.17,9.99
2786,-89.17,7.72
2787,-89.18,9.44
2788,-89.19,9.65
2789,-89.19,11.19
2790,-89.19,9.67
2791,-89.19,9.05
2792,-89.20,9.13
2793,-89.21,10.23
2794,-89.21,9.00
2795,-89.21,8.51
2796,-89.21,9.65
2797,-89.22,8.62
2798,-89.22,9.86
2799,-89.23,9.84
2800,-89.23,9.97
2801,-89.24,10.54
2802,-89.24,8.62
2803,-89.24,9.00
2804,-89.25,7.96
2805,-89.24,9.82
2806,-89.25,8.00
2807,-89.25,8.55
2808,-89.26,8.41
2809,-89.26,9.80
2810,-89.27,9.95
2811,-89.28,9.03
2812,-89.28,9.59
2813,-89.28,7.89
2814,-89.29,8.06
2815,-89.29,7.01
2816,-89.29,8.09
2817,-89.30,7.88
2818,-89.31,7.30
2819,-89.32,9.10
2820,-89.32,8.64
2821,-89.32,9.32
2822,-89.32,8.81
2823,-89.33,9.34
2824,-89.34,6.42
2825,-89.34,7.12
2826,-89.34,7.28
2827,-89.34,6.80
2828,-89.34,8.73
2829,-89.35,9.57
2830,-89.36,8.48
2831,-89.36,10.11
2832,-89.36,9.06
2833,-89.37,8.81
2834,-89.37,6.99
2835,-89.37,7.86
2836,-89.38,7.71
2837,-89.39,6.37
2838,-89.40,5.92
2839,-89.40,8.48
2840,-89.40,7.55
2841,-89.40,8.29
2842,-89.40,8.46
2843,-89.41,7.44
2844,-89.41,7.48
2845,-89.41,6.64
2846,-89.41,6.22
2847,-89.41,7.01
2848,-89.42,7.46
2849,-89.42,7.50
2850,-89.42,6.70
2851,-89.43,10.93
2852,-89.43,9.46
2853,-89.43,8.63
2854,-89.44,8.28
2855,-89.44,6.06
2856,-89.45,7.70
2857,-89.45,5.32
2858,-89.45,6.46
2859,-89.45,7.27
2860,-89.46,8.70
2861,-89.47,7.72
2862,-89.48,8.18
2863,-89.48,6.83
2864,-89.48,6.93
2865,-89.49,7.14
2866,-89.49,5.86
2867,-89.49,5.31
2868,-89.49,6.20
2869,-89.50,7.19
2870,-89.50,5.65
2871,-89.50,8.14
2872,-89.50,9.14
2873,-89.49,7.81
2874,-89.49,7.99
2875,-89.50,6.36
2876,-89.50,6.10
2877,-89.51,5.96
2878,-89.52,5.25
2879,-89.52,6.77
2880,-89.52,7.74
2881,-89.52,6.93
2882,-89.52,8.67
2883,-89.53,6.84
2884,-89.53,5.15
2885,-89.53,6.33
2886,-89.54,5.54
2887,-89.55,6.75
2888,-89.55,6.97
2889,-89.55,8.00
2890,-89.56,7.54
2891,-89.57,9.17
2892,-89.57,7.88
2893,-89.57,7.85
2894,-89.57,6.98
2895,-89.57,7.65
2896,-89.58,4.74
2897,-89.59,3.90
2898,-89.60,6.07
2899,-89.60,6.33
2900,-89.60,5.66
2901,-89.60,7.24
2902,-89.61,8.04
2903,-89.61,7.21
2904,-89.61,7.51
2905,-89.61,6.72
2906,-89.60,4.47
2907,-89.62,6.23
2908,-89.62,5.72
2909,-89.63,6.60
2910,-89.63,6.11
2911,-89.63,6.96
2912,-89.64,7.14
2913,-89.64,6.94
2914,-89.64,6.36
2915,-89.64,5.82
2916,-89.64,4.70
2917,-89.65,4.80
2918,-89.66,4.02
2919,-89.66,4.41
2920,-89.66,6.64
2921,-89.66,6.42
2922,-89.66,6.36
2923,-89.66,6.58
2924,-89.67,4.28
2925,-89.67,4.41
2926,-89.67,4.62
2927,-89.67,4.34
2928,-89.68,5.40
2929,-89.68,5.34
2930,-89.68,8.26
2931,-89.68,8.08
2932,-89.68,6.39
2933,-89.69,6.93
2934,-89.69,6.33
2935,-89.70,4.71
2936,-89.71,4.81
2937,-89.72,3.88
2938,-89.72,4.36
2939,-89.71,5.49
2940,-89.71,5.44
2941,-89.72,5.95
2942,-89.72,5.96
2943,-89.72,8.29
2944,-89.72,6.39
2945,-89.73,6.21
2946,-89.73,4.42
2947,-89.74,4.22
2948,-89.75,4.12
2949,-89.75,5.23
2950,-89.75,4.68
2951,-89.75,5.19
2952,-89.75,4.50
2953,-89.75,5.07
2954,-89.76,6.59
2955,-89.76,5.41
2956,-89.77,5.46
2957,-89.77,4.73
2958,-89.77,4.61
2959,-89.77,6.40
2960,-89.78,5.25
2961,-89.78,5.33
2962,-89.79,4.09
2963,-89.79,6.10
2964,-89.79,6.10
2965,-89.80,4.00
2966,-89.80,4.54
2967,-89.80,2.82
2968,-89.80,3.40
2969,-89.80,5.03
2970,-89.81,4.73
2971,-89.82,5.15
2972,-89.82,6.71
2973,-89.82,5.85
2974,-89.82,6.59
2975,-89.82,5.21
2976,-89.82,3.24
2977,-89.82,4.43
2978,-89.82,3.78
2979,-89.82,4.68
2980,-89.82,2.60
2981,-89.83,4.63
2982,-89.84,6.68
2983,-89.85,6.81
2984,-89.85,3.28
2985,-89.85,2.97
2986,-89.86,2.52
2987,-89.87,2.85
2988,-89.87,3.88
2989,-89.87,3.38
2990,-89.87,5.47
2991,-89.87,3.55
2992,-89.87,4.69
2993,-89.87,5.28
2994,-89.87,5.64
2995,-89.88,4.76
2996,-89.88,2.51
2997,-89.88,4.26
2998,-89.88,2.47
2999,-89.88,2.69
3000,-89.89,4.20
3001,-89.90,4.68
3002,-89.89,5.43
3003,-89.89,4.84
3004,-89.90,4.45
3005,-89.90,4.49
3006,-89.90,4.31
3007,-89.90,4.25
3008,-89.90,2.37
3009,-89.91,1.72
3010,-89.92,2.31
3011,-89.93,4.71
3012,-89.93,4.83
3013,-89.92,4.48
3014,-89.92,3.91
3015,-89.92,4.25
3016,-89.92,3.35
3017,-89.92,3.17
3018,-89.93,1.47
3019,-89.93,3.39
3020,-89.93,3.67
3021,-89.93,2.68
3022,-89.93,3.86
3023,-89.93,4.06
3024,-89.93,2.70
3025,-89.94,4.02
3026,-89.95,3.47
3027,-89.94,2.94
3028,-89.94,2.15
3029,-89.95,1.58
3030,-89.95,2.46
3031,-89.95,4.35
3032,-89.95,3.89
3033,-89.95,3.87
3034,-89.96,1.99
3035,-89.97,3.38
3036,-89.96,2.27
3037,-89.96,0.22
3038,-89.96,1.15
3039,-89.97,0.75
3040,-89.97,0.65
3041,-89.97,2.70
3042,-89.98,2.59
3043,-89.99,4.03
3044,-89.99,5.09
3045,-89.98,4.52
3046,-89.98,2.82
3047,-89.98,1.10
3048,-89.97,0.92
3049,-89.97,0.60
3050,-89.97,1.45
3051,-89.97,2.11
3052,-89.98,3.70
3053,-89.98,3.52
3054,-89.98,3.47
3055,-89.98,4.76
3056,-89.98,4.28
3057,-89.98,3.98
3058,-89.98,3.11
3059,-89.98,3.16
3060,-89.98,4.57
3061,-89.98,5.96
3062,-90.00,7.16
3063,-90.02,8.25
3064,-90.02,9.61
3065,-90.02,8.81
3066,-90.02,8.40
3067,-90.02,6.29
3068,-90.02,5.44
3069,-90.03,5.18
3070,-90.03,4.96
3071,-90.02,3.38
3072,-90.01,4.63
3073,-90.02,4.34
3074,-90.03,3.89
3075,-90.04,4.03
3076,-90.04,3.99
3077,-90.05,1.48
3078,-90.05,1.59
3079,-90.05,1.30
3080,-90.06,1.02
3081,-90.05,1.25
3082,-90.05,3.80
3083,-90.05,3.13
3084,-90.06,2.37
3085,-90.06,3.18
3086,-90.06,2.90
3087,-90.06,2.63
3088,-90.06,0.55
3089,-90.06,0.19
3090,-90.05,0.71
3091,-90.05,1.62
3092,-90.07,2.00
3093,-90.07,2.91
3094,-90.07,1.28
3095,-90.07,2.21
3096,-90.07,1.47
3097,-90.09,0.00
3098,-90.09,0.81
3099,-90.08,0.26
3100,-90.09,0.00
3101,-90.09,0.97
3102,-90.08,2.01
3103,-90.08,3.61
3104,-90.08,3.03
3105,-90.08,2.67
3106,-90.09,1.97
3107,-90.09,2.63
3108,-90.10,0.48
3109,-90.10,0.00
3110,-90.10,0.51
3111,-90.10,0.97
3112,-90.10,0.52
3113,-90.10,2.54
3114,-90.11,2.16
3115,-90.11,2.27
3116,-90.11,0.00
3117,-90.12,1.24
3118,-90.12,0.76
3119,-90.12,0.58
3120,-90.11,0.00
3121,-90.12,1.27
3122,-90.12,0.00
3123,-90.12,1.94
3124,-90.13,1.98
3125,-90.13,3.30
3126,-90.13,2.92
3127,-90.13,2.55
3128,-90.13,0.00
3129,-90.13,0.70
3130,-90.14,0.02
3131,-90.15,0.00
3132,-90.14,0.00
3133,-90.14,1.68
3134,-90.14,1.51
3135,-90.14,2.53
3136,-90.14,1.58
3137,-90.14,1.38
3138,-90.13,0.00
3139,-90.13,0.00
3140,-90.13,0.00
3141,-90.14,0.00
3142,-90.16,0.00
3143,-90.16,0.60
3144,-90.16,2.19
3145,-90.16,2.05
3146,-90.16,2.74
3147,-90.16,1.31
3148,-90.15,0.00
3149,-90.16,0.00
3150,-90.17,0.00
3151,-90.17,0.43
3152,-90.17,1.17
3153,-90.17,2.28
3154,-90.17,2.84
3155,-90.18,2.36
3156,-90.19,1.21
3157,-90.19,0.00
3158,-90.19,0.34
3159,-90.18,0.41
3160,-90.18,0.80
3161,-90.18,1.01
3162,-90.18,1.87
3163,-90.18,2.06
3164,-90.16,1.89
3165,-90.16,1.11
3166,-90.18,0.84
3167,-90.18,0.07
3168,-90.18,0.00
3169,-90.19,0.00
3170,-90.20,1.16
3171,-90.20,0.49
3172,-90.19,0.29
3173,-90.19,0.89
3174,-90.19,2.07
3175,-90.19,0.46
3176,-90.20,1.90
3177,-90.21,0.79
3178,-90.22,1.57
3179,-90.22,1.09
3180,-90.20,0.61
3181,-90.20,0.53
3182,-90.21,0.00
3183,-90.21,1.38
3184,-90.21,0.73
3185,-90.22,1.64
3186,-90.22,1.24
3187,-90.22,2.40
3188,-90.22,2.07
3189,-90.22,0.00
3190,-90.22,0.00
3191,-90.23,0.00
3192,-90.23,0.00
3193,-90.23,0.93
3194,-90.23,0.94
3195,-90.23,2.00
3196,-90.23,2.50
3197,-90.22,1.16
3198,-90.22,0.00
3199,-90.22,0.00
3200,-90.24,0.00
3201,-90.24,0.19
3202,-90.24,0.66
3203,-90.24,0.00
3204,-90.24,0.36
3205,-90.24,1.13
3206,-90.23,0.00
3207,-90.24,0.02
3208,-90.24,0.00
3209,-90.24,0.00
3210,-90.24,0.00
3211,-90.24,0.00
3212,-90.25,0.00
3213,-90.26,0.02
3214,-90.26,0.77
3215,-90.25,0.32
3216,-90.25,0.29
3217,-90.26,0.75
3218,-90.26,0.17
3219,-90.26,1.07
3220,-90.25,0.00
3221,-90.25,1.02
3222,-90.26,0.46
3223,-90.26,1.53
3224,-90.26,0.19
3225,-90.26,1.26
3226,-90.27,1.35
3227,-90.27,0.56
3228,-90.27,0.00
3229,-90.27,0.00
3230,-90.28,0.00
3231,-90.28,0.00
3232,-90.28,0.00
3233,-90.29,0.27
3234,-90.29,0.00
3235,-90.29,1.48
3236,-90.29,1.08
3237,-90.29,0.79
3238,-90.28,0.00
3239,-90.28,0.38
3240,-90.28,0.00
3241,-90.28,0.00
3242,-90.28,0.00
3243,-90.29,0.81
3244,-90.30,1.46
3245,-90.30,1.93
3246,-90.30,0.00
3247,-90.30,0.00
3248,-90.30,0.00
3249,-90.30,0.05
3250,-90.29,0.00
3251,-90.29,0.00
3252,-90.30,0.00
3253,-90.30,0.10
3254,-90.30,0.00
3255,-90.30,0.32
3256,-90.30,1.12
3257,-90.31,1.88
3258,-90.31,0.93
3259,-90.31,0.00
3260,-90.31,0.00
3261,-90.32,0.00
3262,-90.32,0.00
3263,-90.32,0.00
3264,-90.32,0.57
3265,-90.33,0.22
3266,-90.33,0.00
3267,-90.34,0.57
3268,-90.34,0.99
3269,-90.33,0.00
3270,-90.33,0.00
3271,-90.33,0.00
3272,-90.33,0.00
3273,-90.34,0.00
3274,-90.34,0.00
3275,-90.34,0.15
3276,-90.34,0.81
3277,-90.33,0.00
3278,-90.33,0.00
3279,-90.33,0.00
3280,-90.33,0.00
3281,-90.33,0.00
3282,-90.34,0.00
3283,-90.35,0.00
3284,-90.34,0.00
3285,-90.34,0.46
3286,-90.34,0.44
3287,-90.34,0.34
3288,-90.34,0.41
3289,-90.35,0.12
3290,-90.35,0.00
3291,-90.35,0.41
3292,-90.35,0.00
3293,-90.35,0.00
3294,-90.36,0.00
3295,-90.36,0.00
3296,-90.36,0.00
3297,-90.36,0.27
3298,-90.36,0.00
3299,-90.36,0.00
3300,-90.36,0.12
3301,-90.35,0.00
3302,-90.36,0.00
3303,-90.36,0.00
3304,-90.36,0.00
3305,-90.36,0.00
3306,-90.36,0.00
3307,-90.36,0.91
3308,-90.36,0.14
3309,-90.37,1.21
3310,-90.37,0.00
3311,-90.38,0.00
3312,-90.38,0.00
3313,-90.37,0.00
3314,-90.37,0.00
3315,-90.36,0.00
3316,-90.37,0.00
3317,-90.38,0.61
3318,-90.38,1.49
3319,-90.37,0.00
3320,-90.37,0.00
3321,-90.37,0.00
3322,-90.38,0.00
3323,-90.38,0.00
3324,-90.39,0.00
3325,-90.39,0.00
3326,-90.39,0.00
3327,-90.39,0.17
3328,-90.39,0.21
3329,-90.39,0.37
3330,-90.39,0.00
3331,-90.39,0.00
3332,-90.38,0.00
3333,-90.38,0.00
3334,-90.39,0.00
3335,-90.40,0.00
3336,-90.40,0.14
3337,-90.40,0.00
3338,-90.39,0.76
3339,-90.40,0.00
3340,-90.40,0.26
3341,-90.40,0.00
3342,-90.39,0.00
3343,-90.39,0.00
3344,-90.39,0.00
3345,-90.40,0.00
3346,-90.40,0.00
3347,-90.40,0.14
3348,-90.39,0.00
3349,-90.39,0.00
3350,-90.39,0.00
3351,-90.39,0.00
3352,-90.40,0.00
3353,-90.40,0.00
3354,-90.40,0.00
3355,-90.41,0.00
3356,-90.40,0.00
3357,-90.40,0.00
3358,-90.40,0.00
3359,-90.40,0.00
3360,-90.40,0.00
3361,-90.41,0.00
3362,-90.41,0.00
3363,-90.41,0.00
3364,-90.40,0.00
3365,-90.41,0.00
3366,-90.41,0.00
3367,-90.41,0.00
3368,-90.41,0.00
3369,-90.41,0.00
3370,-90.41,0.00
3371,-90.42,0.00
3372,-90.42,0.00
3373,-90.42,0.00
3374,-90.42,0.00
3375,-90.42,0.00
3376,-90.42,0.86
3377,-90.42,0.12
3378,-90.41,0.00
3379,-90.42,0.00
3380,-90.43,0.00
3381,-90.43,0.00
3382,-90.43,0.00
3383,-90.43,0.00
3384,-90.43,0.00
3385,-90.42,0.00
3386,-90.43,0.00
3387,-90.43,0.00
3388,-90.43,0.00
3389,-90.43,0.00
3390,-90.43,0.00
3391,-90.42,0.00
3392,-90.42,0.00
3393,-90.43,0.00
3394,-90.44,0.00
3395,-90.44,0.00
3396,-90.45,0.00
3397,-90.45,0.00
3398,-90.45,0.00
3399,-90.45,0.00
3400,-90.45,0.00
3401,-90.45,0.00
3402,-90.44,0.00
3403,-90.43,0.00
3404,-90.43,0.00
3405,-90.44,0.00
3406,-90.45,0.00
3407,-90.45,0.00
3408,-90.45,0.00
3409,-90.45,0.00
3410,-90.46,0.00
3411,-90.46,0.00
3412,-90.46,0.00
3413,-90.46,0.00
3414,-90.46,0.00
3415,-90.46,0.00
3416,-90.47,0.00
3417,-90.47,0.00
3418,-90.47,0.00
3419,-90.47,0.00
3420,-90.47,0.00
3421,-90.47,0.00
3422,-90.47,0.00
3423,-90.46,0.00
3424,-90.44,0.00
3425,-90.44,0.00
3426,-90.44,0.00
3427,-90.44,0.00
3428,-90.44,0.00
3429,-90.44,0.00
3430,-90.44,0.00
3431,-90.44,0.00
3432,-90.45,0.00
3433,-90.45,0.00
3434,-90.45,0.00
3435,-90.45,0.00
3436,-90.46,0.00
3437,-90.46,0.00
3438,-90.44,0.00
3439,-90.44,0.00
3440,-90.46,0.00
3441,-90.47,0.00
3442,-90.47,0.00
3443,-90.47,0.00
3444,-90.47,0.00
3445,-90.47,0.00
3446,-90.46,0.00
3447,-90.47,0.00
3448,-90.46,0.00
3449,-90.46,0.00
3450,-90.47,0.75
3451,-90.46,0.00
3452,-90.46,0.00
3453,-90.47,0.00
3454,-90.47,0.00
3455,-90.46,0.00
3456,-90.46,0.00
3457,-90.47,0.00
3458,-90.47,0.00
3459,-90.48,0.09
3460,-90.48,0.00
3461,-90.49,0.00
3462,-90.49,0.00
3463,-90.49,0.00
3464,-90.49,0.00
3465,-90.49,0.00
3466,-90.49,0.00
3467,-90.50,0.00
3468,-90.50,0.00
3469,-90.50,0.00
3470,-90.50,0.09
3471,-90.50,0.00
3472,-90.50,0.00
3473,-90.50,0.00
3474,-90.49,0.00
3475,-90.49,0.00
3476,-90.49,0.00
3477,-90.49,0.00
3478,-90.49,0.00
3479,-90.49,0.00
3480,-90.49,0.27
3481,-90.49,0.00
3482,-90.50,0.27
3483,-90.49,0.00
3484,-90.49,0.00
3485,-90.50,0.00
3486,-90.51,0.00
3487,-90.51,0.00
3488,-90.51,0.58
3489,-90.51,0.02
3490,-90.51,0.00
3491,-90.51,0.00
3492,-90.51,0.00
3493,-90.51,0.00
3494,-90.51,0.00
3495,-90.51,0.00
3496,-90.51,0.00
3497,-90.51,0.00
3498,-90.51,0.00
3499,-90.51,0.00
3500,-90.52,0.00
3501,-90.52,0.00
3502,-90.52,0.32
3503,-90.52,0.00
3504,-90.52,0.00
3505,-90.52,0.00
3506,-90.52,0.00
3507,-90.52,0.00
3508,-90.52,0.00
3509,-90.53,0.91
3510,-90.53,0.00
3511,-90.53,0.79
3512,-90.53,0.00
3513,-90.53,0.00
3514,-90.53,0.00
3515,-90.53,0.00
3516,-90.53,0.00
3517,-90.53,0.00
3518,-90.53,0.00
3519,-90.53,0.00
3520,-90.53,0.02
3521,-90.53,0.00
3522,-90.53,0.00
3523,-90.53,0.00
3524,-90.53,0.00
3525,-90.53,0.00
3526,-90.54,0.00
3527,-90.54,0.00
3528,-90.54,0.00
3529,-90.54,0.00
3530,-90.54,0.00
3531,-90.53,0.00
3532,-90.53,0.58
3533,-90.54,0.00
3534,-90.54,0.00
3535,-90.54,0.00
3536,-90.53,0.00
3537,-90.53,0.00
3538,-90.53,0.00
3539,-90.53,0.00
3540,-90.53,0.00
3541,-90.53,0.00
3542,-90.53,0.00
3543,-90.54,0.00
3544,-90.54,0.00
3545,-90.53,0.00
3546,-90.53,0.00
3547,-90.54,0.00
3548,-90.54,0.29
3549,-90.54,0.00
3550,-90.54,0.00
3551,-90.54,0.00
3552,-90.54,0.00
3553,-90.54,0.00
3554,-90.54,0.00
3555,-90.54,0.00
3556,-90.54,0.00
3557,-90.54,0.00
3558,-90.54,0.00
3559,-90.54,0.00
3560,-90.54,0.00
3561,-90.54,0.00
3562,-90.54,0.00
3563,-90.53,0.00
3564,-90.54,0.00
3565,-90.54,0.00
3566,-90.54,0.00
3567,-90.54,0.00
3568,-90.54,0.00
3569,-90.55,0.00
3570,-90.55,0.00
3571,-90.55,0.00
3572,-90.55,0.00
3573,-90.55,0.00
3574,-90.55,0.00
3575,-90.55,0.00
3576,-90.57,0.00
3577,-90.57,0.00
3578,-90.56,0.00
3579,-90.55,0.00
3580,-90.55,0.00
3581,-90.56,0.00
3582,-90.56,0.00
3583,-90.56,0.00
3584,-90.56,0.00
3585,-90.56,0.00
3586,-90.57,0.00
3587,-90.57,0.00
3588,-90.56,0.00
3589,-90.56,0.00
3590,-90.56,0.00
3591,-90.55,0.00
3592,-90.55,0.00
3593,-90.56,0.00
3594,-90.55,0.00
3595,-90.55,0.00
3596,-90.55,0.00
3597,-90.55,0.00
3598,-90.55,0.00
3599,-90.55,0.00
3600,-90.55,0.00
3601,-90.55,0.00
3602,-90.56,0.00
3603,-90.57,0.00
3604,-90.57,0.00
3605,-90.57,0.00
3606,-90.56,0.00
3607,-90.56,0.00
3608,-90.57,0.00
3609,-90.57,0.00
3610,-90.57,0.00
3611,-90.57,0.00
3612,-90.58,0.00
3613,-90.58,0.00
3614,-90.58,0.00
3615,-90.58,0.00
3616,-90.58,0.00
3617,-90.57,0.00
3618,-90.57,0.00
3619,-90.57,0.00
3620,-90.57,0.00
3621,-90.57,0.00
3622,-90.57,0.00
3623,-90.58,0.00
3624,-90.57,0.00
3625,-90.57,0.00
3626,-90.57,0.00
3627,-90.57,0.00
3628,-90.57,0.00
3629,-90.57,0.00
3630,-90.57,0.00
3631,-90.58,0.00
3632,-90.58,0.00
3633,-90.58,0.00
3634,-90.57,0.00
3635,-90.57,0.00
3636,-90.57,0.00
3637,-90.57,0.00
3638,-90.57,0.00
3639,-90.58,0.00
3640,-90.58,0.00
3641,-90.58,0.00
3642,-90.58,0.00
3643,-90.59,0.00
3644,-90.59,0.00
3645,-90.58,0.00
3646,-90.58,0.00
3647,-90.58,0.00
3648,-90.58,0.00
3649,-90.59,0.00
3650,-90.59,0.00
3651,-90.59,0.00
3652,-90.59,0.00
3653,-90.58,0.00
3654,-90.58,0.00
3655,-90.58,0.00
3656,-90.58,0.00
3657,-90.58,0.00
3658,-90.59,0.00
3659,-90.58,0.00
3660,-90.58,0.00
3661,-90.58,0.00
3662,-90.59,0.00
3663,-90.59,0.00
3664,-90.59,0.00
3665,-90.59,0.00
3666,-90.58,0.00
3667,-90.58,0.00
3668,-90.57,0.00
3669,-90.57,0.00
3670,-90.58,0.00
3671,-90.59,0.00
3672,-90.57,0.00
3673,-90.57,0.00
3674,-90.58,0.00
3675,-90.59,0.00
3676,-90.59,0.00
3677,-90.58,
