Time,MLR_mean,Temp_avg_all4,MLR_error,Temperature_Error
[s],[kg/s/m2],[K],[kg/s/m2],[K]
0,0,309.2903896,0,1.438438046
0.133,0,309.4826629,0,1.480297768
0.266,0,309.6712533,0,1.484485169
0.399,0,309.7896063,0,1.423794617
0.532,0,309.6871675,0,1.351123979
0.665,0,309.7705279,0,1.270811531
0.798,0,309.6867838,0,1.292610249
0.931,0,309.5301946,0,1.359560109
1.064,0,309.4446221,0,1.382337016
1.197,0,309.4295308,0,1.40280102
1.331,0,309.4064047,0,1.419311375
1.463,0,309.3757175,0,1.424220658
1.596,0,309.3739942,0,1.425085529
1.729,0,309.3606838,0,1.42773203
1.862,0,309.3683583,0,1.426399756
1.996,0,309.3403427,0,1.419409731
2.129,0,309.3733917,0,1.417690776
2.262,0,309.3593764,0,1.413502365
2.395,0,309.3702958,0,1.408594187
2.528,0,309.3568128,0,1.410366161
2.661,0,309.3689042,0,1.407050782
2.794,0,309.3578522,0,1.412225577
2.927,0,309.3451539,0,1.412199789
3.06,0,309.3498294,0,1.413208894
3.193,0,309.3919485,0,1.395252837
3.326,0,309.4397966,0,1.378406957
3.459,0,309.482627,0,1.366420909
3.592,0,309.5115764,0,1.381466842
3.725,0,309.5256341,0,1.382348293
3.858,0,309.4987249,0,1.396744896
3.991,0,309.5357573,0,1.404431542
4.124,0,309.5397593,0,1.386202094
4.257,0,309.5291833,0,1.387936724
4.39,0,309.5082986,0,1.398562016
4.523,0,309.4993878,0,1.395522282
4.656,0,309.5110266,0,1.389331623
4.789,0,309.501279,0,1.380326939
4.922,0,309.4941093,0,1.376422361
5.055,0,309.4943135,0,1.381366461
5.188,0,309.4954184,0,1.386481296
5.321,0,309.4556042,0,1.398856162
5.454,0,309.4138006,0,1.409349992
5.587,0,309.3863946,0,1.410905814
5.72,0,309.3932167,0,1.399695407
5.853,0,309.3783392,0,1.407690596
5.986,0,309.3936378,0,1.415889595
6.119,0,309.3883452,0,1.405883762
6.252,0,309.3857941,0,1.401807819
6.385,0,309.3924667,0,1.40541022
6.518,0,309.3931732,0,1.411599069
6.651,0,309.4152771,0,1.404295278
6.784,0,309.4189265,0,1.411934107
6.917,0,309.3928281,0,1.410353385
7.05,0,309.3996844,0,1.420819259
7.183,0,309.4053389,0,1.409046067
7.316,0,309.4110925,0,1.406357378
7.449,0,309.4234582,0,1.395042716
7.582,0,309.4141251,0,1.388580693
7.715,0,309.3973394,0,1.368711845
7.848,0,309.3860725,0,1.374770267
7.981,0,309.3828795,0,1.37119546
8.114,0,309.3892222,0,1.380488569
8.247,0,309.3920543,0,1.372994065
8.38,0,309.3611084,0,1.370353903
8.513,0,309.4093471,0,1.353269031
8.646,0,309.4431077,0,1.353865841
8.779,0,309.4644374,0,1.350547327
8.912,0,309.4536461,0,1.340672543
9.045,0,309.4746394,0,1.334808334
9.178,0,309.4746788,0,1.334191668
9.311,0,309.4534558,0,1.335808466
9.444,0,309.4401168,0,1.343794835
9.577,0,309.4512307,0,1.333528652
9.711,0,309.4731332,0,1.334929065
9.844,0,309.5059744,0,1.348628806
9.977,0,309.5327538,0,1.354426564
10.11,0,309.5463776,0,1.3471404
10.243,0,309.5145843,0,1.360651373
10.376,0,309.5108186,0,1.360571742
10.509,0,309.5150376,0,1.3589299
10.642,0,309.5136064,0,1.354565789
10.775,0,309.5233256,0,1.3570367
10.908,0,309.4894358,0,1.357359418
11.041,0,309.5235872,0,1.346031082
11.174,0,309.5268829,0,1.356252625
11.307,0,309.5065501,0,1.348794413
11.44,0,309.5247623,0,1.347344467
11.573,0,309.5255878,0,1.346578333
11.706,0,309.5415594,0,1.349986519
11.839,0,309.574565,0,1.363045116
11.972,0,309.5731158,0,1.354774508
12.105,0,309.6045091,0,1.349013083
12.238,0,309.5906785,0,1.355216395
12.372,0,309.5787202,0,1.365760111
12.504,0,309.5845339,0,1.345546887
12.637,0,309.5901648,0,1.344256668
12.77,0,309.5890049,0,1.350068632
12.903,0,309.5947385,0,1.347795828
13.036,0,309.6408977,0,1.341842707
13.169,0,309.6251802,0,1.339363363
13.302,0,309.649749,0,1.344548275
13.435,0,309.6820946,0,1.346749227
13.568,0,309.6796113,0,1.349935281
13.701,0,309.6375928,0,1.36314215
13.835,0,309.6364257,0,1.373431666
13.967,0,309.6585604,0,1.372655603
14.1,0,309.6943146,0,1.379075242
14.233,0,309.7094485,0,1.363165159
14.366,0,309.7140371,0,1.359039288
14.5,0,309.7407537,0,1.355991882
14.632,0,309.7587473,0,1.358489425
14.766,0,309.749486,0,1.363400755
14.899,0,309.7773627,0,1.367841209
15.031,0,309.8150553,0,1.38715609
15.164,0,309.8292274,0,1.381123876
15.297,0,309.8427413,0,1.380395994
15.431,0,309.8870622,0,1.390060056
15.564,0,309.9082716,0,1.38876696
15.697,0,309.9395465,0,1.385019812
15.83,0,309.9607239,0,1.39150155
15.963,0,309.9575896,0,1.4120803
16.096,0,309.9200218,0,1.389068263
16.229,0,309.9409277,0,1.380730593
16.362,0,309.9484804,0,1.371112841
16.495,0,309.9920291,0,1.376940336
16.628,0,310.0233114,0,1.38232066
16.76,0,310.0503447,0,1.384057519
16.894,0,310.0775487,0,1.381487133
17.027,0,310.114542,0,1.377859423
17.16,0,310.1277772,0,1.384640677
17.293,0,310.1877701,0,1.374082978
17.426,0,310.1915384,0,1.381991534
17.559,0,310.2441825,0,1.384736776
17.692,0,310.2724849,0,1.378326804
17.825,0,310.3141162,0,1.377119441
17.958,0,310.3809505,0,1.370979949
18.091,0,310.4091178,0,1.374474617
18.224,0,310.4536035,0,1.364803807
18.357,0,310.4752366,0,1.362888881
18.49,0,310.5280687,0,1.370043409
18.623,0,310.5498221,0,1.369195469
18.756,0,310.6002673,0,1.365329661
18.889,0,310.6534442,0,1.367540271
19.022,0,310.6913095,0,1.368620591
19.155,0,310.7322726,0,1.36330287
19.288,0,310.7430584,0,1.364058432
19.421,0,310.8294851,0,1.361516281
19.554,0,310.8661926,0,1.365612311
19.687,0,310.9034635,0,1.372926098
19.82,0,310.9220159,0,1.372106518
19.953,0,310.9846707,0,1.385397262
20.086,0,311.035466,0,1.38699338
20.219,0,311.0729418,0,1.379456118
20.352,0,311.0910793,0,1.384794816
20.485,0,311.1560635,0,1.384452047
20.618,0,311.1826388,0,1.389313607
20.751,0,311.2582963,0,1.385222653
20.884,0,311.2838412,0,1.386496167
21.017,0,311.3422048,0,1.39156307
21.15,0,311.436673,0,1.38005622
21.283,0,311.4857346,0,1.382824279
21.416,0,311.5460457,0,1.377508074
21.549,0,311.5894773,0,1.371293849
21.682,0,311.6624603,0,1.37563867
21.815,0,311.6959756,0,1.379965061
21.948,0,311.7616909,0,1.380699946
22.081,0,311.8799018,0,1.353794077
22.214,0,311.9445252,0,1.359849526
22.347,0,312.0274921,0,1.359398266
22.48,0,312.0803275,0,1.35694255
22.613,0,312.1206852,0,1.352037858
22.746,0,312.2095042,0,1.36010542
22.88,0,312.2831242,0,1.359807242
23.013,0,312.341046,0,1.373176749
23.145,0,312.4345315,0,1.360581752
23.278,0,312.5049741,0,1.358456214
23.411,0,312.5267413,0,1.349651258
23.544,0,312.5842422,0,1.358846045
23.677,0,312.6503188,0,1.352906261
23.81,0,312.7240979,0,1.342147066
23.943,0,312.7948248,0,1.343101939
24.076,0,312.8718094,0,1.343487843
24.209,0,312.8762147,0,1.37087132
24.342,0,312.9554496,0,1.372929944
24.475,0,313.0285988,0,1.385613002
24.608,0,313.0765192,0,1.387525857
24.741,0,313.1364426,0,1.391115215
24.874,0,313.2505815,0,1.395859664
25.007,0,313.3201556,0,1.39110697
25.14,0,313.4053023,0,1.390416418
25.273,0,313.4688293,0,1.394502301
25.406,0,313.5592753,0,1.39453879
25.539,0,313.6863733,0,1.391148416
25.672,0,313.7766233,0,1.393710188
25.805,0,313.8536108,0,1.401643815
25.938,0,313.9239137,0,1.410350448
26.071,0,314.0481249,0,1.394581105
26.204,0,314.134608,0,1.380916501
26.337,0,314.2435811,0,1.378564454
26.47,0,314.3229082,0,1.367161411
26.603,0,314.407475,0,1.368309131
26.736,0,314.4964985,0,1.379435856
26.869,0,314.5706298,0,1.374489274
27.002,0,314.6516978,0,1.377656072
27.135,0,314.7367391,0,1.373573186
27.268,0,314.8493471,0,1.372955242
27.401,0,314.9375744,0,1.37646438
27.534,0,315.0224331,0,1.377696834
27.667,0,315.1047587,0,1.377655183
27.8,0,315.1954273,0,1.377326717
27.934,0,315.2830256,0,1.383049315
28.067,0,315.3833129,0,1.375012017
28.2,0,315.4850197,0,1.369585678
28.332,0,315.5895638,0,1.382184179
28.466,0,315.7001709,0,1.374178266
28.599,0,315.7809062,0,1.389950419
28.732,0,315.8917293,0,1.386124998
28.864,0,315.9830469,0,1.385930346
28.998,0,316.1057797,0,1.379459815
29.131,0,316.2017555,0,1.377413062
29.264,0,316.3020131,0,1.378004543
29.397,0,316.3946917,0,1.385812349
29.53,0,316.4869583,0,1.386657315
29.663,0,316.6189334,0,1.383257058
29.796,0,316.7210833,0,1.377663649
29.929,0,316.8159565,0,1.38258699
30.062,0,316.9067602,0,1.391063678
30.195,0,317.0416339,0,1.388051287
30.328,0,317.1470464,0,1.39192915
30.461,0,317.2685561,0,1.395499068
30.594,0,317.3635224,0,1.389453953
30.727,0,317.4552178,0,1.399662465
30.86,0,317.5685951,0,1.394651479
30.993,0,317.6773358,0,1.393731864
31.126,0,317.8209799,0,1.392121084
31.259,0,317.9148384,0,1.386372828
31.392,0,318.0357014,0,1.390807713
31.525,0,318.1615496,0,1.398556575
31.658,0,318.2308485,0,1.397154883
31.791,0,318.3679859,0,1.366363364
31.924,0,318.4887701,0,1.384273032
32.057,0,318.6119581,0,1.389478446
32.19,0,318.7480564,0,1.383313243
32.323,0,318.8655921,0,1.390106089
32.456,0,318.959328,0,1.393439625
32.589,0,319.078144,0,1.396635089
32.722,0,319.1669228,0,1.399474099
32.855,0,319.2963488,0,1.404084165
32.988,0,319.4397946,0,1.393967155
33.121,0,319.567863,0,1.390428797
33.254,0,319.6787172,0,1.398623191
33.387,0,319.8331705,0,1.385176472
33.52,0,319.9340766,0,1.384762312
33.653,0,320.0808414,0,1.391780738
33.786,0,320.2108497,0,1.382716509
33.919,0,320.3337089,0,1.376270258
34.052,0,320.4771351,0,1.380646362
34.185,0,320.5967198,0,1.379373879
34.318,0,320.7029498,0,1.387220231
34.451,0,320.8527801,0,1.380713979
34.584,0,320.9513594,0,1.378280704
34.717,0,321.0509898,0,1.399855641
34.85,0,321.2071943,0,1.396504075
34.983,0,321.3404952,0,1.410879257
35.116,0,321.483066,0,1.406314736
35.249,0,321.5921045,0,1.414725098
35.382,0,321.7160164,0,1.410642374
35.515,0,321.8514196,0,1.408691663
35.898,0,322.1134328,0,1.363966725
36.031,0,322.2532938,0,1.346916078
36.164,0,322.3626628,0,1.362242753
36.297,0,322.5001925,0,1.357056445
36.43,0,322.6485077,0,1.35930484
36.563,0,322.7886184,0,1.354931908
36.64,0,322.9053687,0,1.363427242
36.774,0,323.1118816,0,1.381680212
36.907,0,323.2533801,0,1.375670756
37.04,0,323.3884065,0,1.375189307
37.173,0,323.5272285,0,1.384977386
37.306,0,323.6737594,0,1.385453507
37.439,0,323.8046133,0,1.376823387
37.572,0,323.9701959,0,1.37999408
37.705,0,324.1081684,0,1.376097316
37.838,0,324.2350032,0,1.379429334
37.971,0,324.3766142,0,1.380690952
38.104,0,324.5291611,0,1.377567955
38.237,0,324.6814426,0,1.37149212
38.37,0,324.8266368,0,1.367211848
38.503,0,324.9867015,0,1.368325518
38.636,0,325.118719,0,1.36826781
38.757,0,325.2394671,0,1.381236986
38.89,0,325.3965651,0,1.394019515
39.023,0,325.5033498,0,1.374701766
39.156,0,325.6198798,0,1.370140569
39.289,0,325.7553895,0,1.373002701
39.422,0,325.9131737,0,1.368835696
39.555,0,326.0408324,0,1.36457746
39.64,0,326.1615288,0,1.378130704
39.773,0,326.3229744,0,1.370772607
39.906,0,326.4753033,0,1.365738975
40.039,0,326.5975958,0,1.368616129
40.172,0,326.7505925,0,1.369379857
40.305,0,326.8883827,0,1.381181035
40.438,0,327.0710146,0,1.366220843
40.571,0,327.2300846,0,1.367688911
40.704,0,327.3823675,0,1.370224222
40.837,0,327.5612123,0,1.359735868
40.97,0,327.6933211,0,1.348917287
41.103,0,327.8724483,0,1.361135085
41.236,0,328.0094891,0,1.356545522
41.37,0,328.1559462,0,1.361332058
41.503,0,328.3003065,0,1.343042662
41.635,0,328.4859224,0,1.347318245
41.768,0,328.6180188,0,1.347047553
41.902,0,328.7590951,0,1.344301149
42.034,0,328.9030408,0,1.348298691
42.168,0,329.061031,0,1.35105008
42.301,0,329.2135521,0,1.341762603
42.433,0,329.3523909,0,1.337433711
42.567,0,329.512479,0,1.333507549
42.7,0,329.6531721,0,1.339828708
42.833,0,329.7854406,0,1.333229322
42.966,0,329.9746272,0,1.33530266
43.098,0,330.1004252,0,1.343930682
43.232,0,330.3140297,0,1.336997569
43.365,0,330.447286,0,1.34146694
43.498,0,330.6081051,0,1.33270656
43.631,0,330.7659597,0,1.337076974
43.762,0,330.9111791,0,1.33492211
43.895,0,331.0717754,0,1.329471867
44.028,0,331.2416597,0,1.332188598
44.161,0,331.3789369,0,1.325107709
44.294,0,331.5570187,0,1.317155465
44.427,0,331.6902654,0,1.326499806
44.56,0,331.8685062,0,1.32817503
44.693,0,331.9993641,0,1.33105876
44.826,0,332.146614,0,1.314479783
44.959,0,332.3766808,0,1.30100038
45.092,0,332.5466857,0,1.299095821
45.225,0,332.6967322,0,1.285952813
45.358,0,332.8315319,0,1.291078233
45.491,0,333.002345,0,1.28475192
45.624,0,333.1732006,0,1.288113386
45.757,0,333.305094,0,1.292782027
45.89,0,333.4697019,0,1.28799893
46.023,0,333.5875943,0,1.281250266
46.156,0,333.7565939,0,1.280780447
46.289,0,333.9240789,0,1.279066893
46.422,0,334.0589795,0,1.2770042
46.555,0,334.2314282,0,1.267737125
46.688,0,334.3789878,0,1.275666514
46.821,0,334.5306968,0,1.271736949
46.954,0,334.6308545,0,1.294161858
47.087,0,334.7739444,0,1.295811928
47.22,0,334.8691949,0,1.273514988
47.353,0,334.9617222,0,1.243409757
47.486,0,335.0309777,0,1.215807368
47.619,0,335.1089962,0,1.185007041
47.769,0,335.2046637,0,1.145356647
48.018,0,335.4012114,0,1.066187845
48.151,0,335.4651877,0,1.042707753
48.284,0,336.2492785,0,1.295117057
48.417,0,336.4027933,0,1.290782104
48.55,0,336.5395725,0,1.299483934
48.682,0,336.7101426,0,1.290554359
48.815,0,336.8728092,0,1.293589588
48.948,0,337.0548603,0,1.289577531
49.081,0,337.1601265,0,1.295909894
49.214,0,337.3350643,0,1.30496419
49.348,0,337.4887561,0,1.302950039
49.48,0,337.6720978,0,1.300941963
49.613,0,337.8156271,0,1.300282633
49.747,0,337.9764871,0,1.300854805
49.88,0,338.2167441,0,1.341613212
50.013,0,338.3573463,0,1.346524872
50.146,0,338.4791538,0,1.351123038
50.279,0,338.6073281,0,1.347419788
50.412,0,338.7416869,0,1.336715544
50.545,0,338.9141771,0,1.328556826
50.677,0,339.0515947,0,1.335330856
50.81,0,339.1726712,0,1.332528687
50.943,0,339.3066736,0,1.315203921
51.076,0,339.4368751,0,1.319479409
51.209,0,339.5803247,0,1.323222384
51.342,0,339.7479507,0,1.329831442
51.475,0,339.8967399,0,1.346179666
51.608,0,340.0388704,0,1.344998387
51.741,0,340.2073883,0,1.346695765
51.874,0,340.3572819,0,1.339674205
52.007,0,340.5158354,0,1.334962113
52.14,0,340.7080511,0,1.336160325
52.273,0,340.8733338,0,1.327916571
52.406,0,341.0220489,0,1.342091322
52.539,0,341.1963237,0,1.358256083
52.672,0,341.3641634,0,1.364781613
52.805,0,341.5364419,0,1.368884872
52.938,0,341.7134228,0,1.364582086
53.072,0,341.8152307,0,1.361677823
53.204,0,342.0292925,0,1.336849847
53.337,0,342.162433,0,1.316964087
53.47,0,342.2824753,0,1.308172425
53.603,0,342.369523,0,1.29260708
53.736,0,342.4941946,0,1.295245259
53.869,0,342.6471889,0,1.28238806
54.002,0,342.8460993,0,1.290186062
54.135,0,343.034602,0,1.295618822
54.269,0,343.1496332,0,1.313091168
54.401,0,343.2861836,0,1.31953411
54.534,0,343.4088077,0,1.310853841
54.668,0,343.5241811,0,1.299327929
54.801,0,343.6648537,0,1.281529525
54.934,0,343.7909631,0,1.274111178
55.067,0,343.8973246,0,1.273004737
55.199,0,344.0625192,0,1.257465932
55.333,0,344.1922301,0,1.24322951
55.466,0,344.3011642,0,1.221431485
55.599,0,344.4503256,0,1.205120762
55.732,0,344.5752201,0,1.203747205
55.864,0,344.7434338,0,1.199724531
55.998,0,344.9545146,0,1.210130411
56.131,0,345.0833831,0,1.217453202
56.264,0,345.2200176,0,1.223705409
56.397,0,345.3705601,0,1.232299857
56.53,0,345.5397216,0,1.22765595
56.663,0,345.6757666,0,1.246497471
56.796,0,345.8409207,0,1.267508004
56.929,0,346.0375856,0,1.286876375
57.062,0,346.2029593,0,1.29749854
57.195,0,346.3885992,0,1.302410214
57.328,0,346.565025,0,1.313670447
57.461,0,346.7589701,0,1.318818644
57.594,0,346.9444495,0,1.322478296
57.727,0,347.1041271,0,1.339058982
57.86,0,347.3205942,0,1.348780778
57.993,0,347.5128971,0,1.350407729
58.126,0,347.6950278,0,1.350369786
58.259,0,347.8579599,0,1.348109974
58.392,0,348.0184381,0,1.332944756
58.525,0,348.1568649,0,1.341236895
58.658,0,348.3051678,0,1.359425338
58.791,0,348.4529012,0,1.365078979
58.924,0,348.5775076,0,1.369457635
59.057,0,348.645298,0,1.374181995
59.19,0,348.7576453,0,1.353110938
59.323,0,348.8597715,0,1.337318164
59.456,0,348.9932152,0,1.321966678
59.589,0,349.1602872,0,1.336076715
59.722,0,349.3771245,0,1.349784502
59.855,0,349.5409192,0,1.364412966
59.988,0,349.730226,0,1.383499931
60.121,0,349.8608273,0,1.372185975
60.254,0,349.9625259,0,1.348091955
60.387,0,350.0476023,0,1.336919277
60.52,0,350.145195,0,1.332756355
60.653,0,350.2771308,0,1.313945736
60.786,0,350.4424438,0,1.31073726
60.919,0,350.5937752,0,1.329246016
61.052,0,350.7470502,0,1.3314205
61.185,0,350.8616501,0,1.360842528
61.318,0,351.0079935,0,1.384831247
61.451,0,351.1796181,0,1.396429745
61.584,0,351.3043484,0,1.389814705
61.717,0,351.4543102,0,1.393968696
61.85,0,351.5995882,0,1.387936537
61.983,0,351.7171867,0,1.388983708
62.116,0,351.8613767,0,1.386381688
62.249,0,351.9872434,0,1.391136936
62.382,0,352.1137789,0,1.390062881
62.515,0,352.3343327,0,1.38863344
62.648,0,352.5182791,0,1.419259133
62.781,0,352.7447801,0,1.445343526
62.914,0,352.9353158,0,1.476419992
63.047,0,353.1145814,0,1.499376937
63.18,0,353.2938913,0,1.500293874
63.313,0,353.5012885,0,1.497539494
63.446,0,353.6568672,0,1.481250233
63.579,0,353.84661,0,1.473459178
63.712,0,354.0518993,0,1.47212058
63.845,0,354.2563373,0,1.485379658
63.978,0,354.3910198,0,1.487089178
64.111,0,354.4887678,0,1.500601204
64.244,0,354.5815993,0,1.508876261
64.377,0,354.6176189,0,1.509439857
64.51,0,354.6584067,0,1.513211513
64.643,0,354.7338191,0,1.519984654
64.776,0,354.8551585,0,1.536346966
64.909,0,355.0752191,0,1.523172289
65.042,0,355.4179202,0,1.461461797
65.175,0,355.5831184,0,1.434419176
65.308,0,355.7576803,0,1.425623816
65.441,0,355.866853,0,1.40707094
65.574,0,355.9474881,0,1.376272098
65.707,0,356.0697635,0,1.330335851
65.84,0,356.1760544,0,1.289591543
65.973,0,356.3215135,0,1.275626588
66.106,0,356.4788175,0,1.266649367
66.239,0,356.6020785,0,1.253968031
66.372,0,356.7294332,0,1.274068004
66.505,0,356.8812162,0,1.305685422
66.638,0,357.0183606,0,1.353065674
66.771,0,357.1057069,0,1.397790788
66.905,0,357.2158599,0,1.431583743
67.037,0,357.3111977,0,1.438213916
67.17,0,357.4044847,0,1.441052698
67.304,0,357.4934985,0,1.423384529
67.436,0,357.5793041,0,1.423078406
67.569,0,357.6864782,0,1.413501386
67.702,0,357.8572892,0,1.39999793
67.836,0,358.0173004,0,1.40768749
67.968,0,358.2319828,0,1.420144176
68.102,0,358.3634296,0,1.453936988
68.235,0,358.532047,0,1.458213664
68.368,0,358.7353219,0,1.466822001
68.501,0,358.8475491,0,1.465306469
68.633,0,358.9670535,0,1.430132988
68.767,0,359.1542874,0,1.409016939
68.9,0,359.4124756,0,1.415688837
69.033,0,359.6435771,0,1.404845624
69.166,0,359.8806216,0,1.382295423
69.299,0,360.0866943,0,1.350273165
69.432,0,360.2675657,0,1.320795226
69.565,0,360.4082327,0,1.294630979
69.698,0,360.4814136,0,1.27674041
69.831,0,360.5755702,0,1.262627853
69.964,0,360.6389951,0,1.25164462
70.097,0,360.7815643,0,1.212332553
70.23,0,360.9694129,0,1.202195138
70.363,0,361.1875872,0,1.215050262
70.496,0,361.3941744,0,1.243654878
70.629,0,361.6154186,0,1.26681687
70.762,0,361.8392638,0,1.276751002
70.895,0,361.9925285,0,1.289623161
71.028,0,362.1024681,0,1.27676489
71.161,0,362.2106361,0,1.281734164
71.294,0,362.367535,0,1.283258427
71.427,0,362.4835824,0,1.304322233
71.56,0,362.6290682,0,1.327981553
71.693,0,362.8280772,0,1.358794333
71.826,0,363.066227,0,1.410358471
71.959,0,363.22125,0,1.453693025
72.092,0,363.3326605,0,1.47551808
72.225,0,363.408312,0,1.485253255
72.358,0,363.5493934,0,1.507186114
72.491,0,363.6535449,0,1.524705906
72.624,0,363.8184275,0,1.562840933
72.757,0,363.9278711,0,1.581102877
72.89,0,364.0981848,0,1.593646987
73.023,0,364.2426719,0,1.597214013
73.156,0,364.4086112,0,1.615904962
73.289,0,364.5680072,0,1.643381775
73.422,0,364.6735291,0,1.662620522
73.555,0,364.7492011,0,1.666505468
73.688,0,364.8991001,0,1.689987776
73.821,0,365.1711264,0,1.678751948
73.954,0,365.434262,0,1.65151085
74.087,0,365.6238884,0,1.605124033
74.22,0,365.7369318,0,1.567457378
74.353,0,365.8412898,0,1.526479531
74.486,0,365.9230984,0,1.482290205
74.619,0,366.0265819,0,1.472807499
74.752,0,366.1319411,0,1.486915842
74.885,0,366.2492197,0,1.497565069
75.018,0,366.3341605,0,1.511965462
75.151,0,366.4273326,0,1.526154901
75.284,0,366.4872954,0,1.530030273
75.417,0,366.5501186,0,1.533249166
75.55,0,366.6918165,0,1.521533493
75.683,0,366.8564162,0,1.520574858
75.816,0,366.9735146,0,1.524068275
75.949,0,367.1402797,0,1.521555184
76.083,0,367.2992502,0,1.516284224
76.215,0,367.4123211,0,1.487266612
76.348,0,367.4265475,0,1.448384134
76.481,0,367.5060041,0,1.410106529
76.614,0,367.648009,0,1.386317206
76.747,0,367.7734264,0,1.372247319
76.88,0,367.8320568,0,1.369717254
77.013,0,367.9102206,0,1.34304396
77.146,0,368.0261081,0,1.337533343
77.279,0,368.214614,0,1.348644101
77.412,0,368.4312439,0,1.388009394
77.545,0,368.6997399,0,1.439258108
77.678,0,369.0122247,0,1.484438537
77.811,0,369.3434717,0,1.539282541
77.944,0,369.5395828,0,1.583089975
78.078,0,369.6820875,0,1.619102944
78.211,0,369.7917207,0,1.65099258
78.343,0,369.8063921,0,1.659878721
78.476,0,369.7500545,0,1.643985657
78.609,0,369.7505728,0,1.616557333
78.742,0,369.9119995,0,1.573707979
78.875,0,370.0699543,0,1.559371123
79.008,0,370.1949485,0,1.565351933
79.141,0,370.2939185,0,1.556764002
79.274,0,370.4030947,0,1.519108065
79.407,0,370.5460622,0,1.512475377
79.54,0,370.6518841,0,1.526596228
79.673,0,370.7407228,0,1.541136328
79.806,0,370.9523032,0,1.56667572
79.939,0,371.1596585,0,1.587902749
80.072,0,371.3786636,0,1.590254922
80.206,0,371.6233111,0,1.582176421
80.338,0,371.8165579,0,1.589032538
80.471,0,372.0638373,0,1.59252664
80.605,0,372.3474373,0,1.5934963
80.737,0,372.5841188,0,1.615739282
80.871,0,372.637664,0,1.589839035
81.004,0,372.6581687,0,1.547395492
81.137,0,372.6815368,0,1.537898078
81.27,0,372.7470365,0,1.553988598
81.402,0,372.8337352,0,1.573032795
81.536,0,372.9386517,0,1.592998287
81.669,0,373.1234691,0,1.60229424
81.802,0,373.3405634,0,1.626905919
81.935,0,373.5645424,0,1.615967832
82.068,0,373.7489615,0,1.590012298
82.201,0,373.9014717,0,1.554632274
82.334,0,374.0187357,0,1.508018015
82.467,0,374.1252848,0,1.463499019
82.6,0,374.2434898,0,1.446743572
82.733,0,374.3361718,0,1.446386733
82.866,0,374.5414683,0,1.458350635
82.999,0,374.7013225,0,1.45253005
83.132,0,374.7651742,0,1.418202069
83.265,0,374.8624388,0,1.399381231
83.398,0,375.0880437,0,1.460501692
83.531,0,375.272826,0,1.527544483
83.664,0,375.372039,0,1.550777751
83.797,0,375.450442,0,1.613580099
83.93,0,375.5624262,0,1.672448886
84.063,0,375.6601702,0,1.732279035
84.196,0,375.7635835,0,1.782082985
84.329,0,375.806306,0,1.821104569
84.462,0,376.0186049,0,1.880448665
84.595,0,376.1892557,0,1.90828657
84.728,0,376.2876036,0,1.918624317
84.861,0,376.2118119,0,1.838887942
84.994,0,376.1747266,0,1.75449222
85.127,0,376.3591918,0,1.769259165
85.26,0,376.6243921,0,1.808882182
85.393,0,376.9198491,0,1.841580174
85.526,0,377.2328441,0,1.869135825
85.659,0,377.4071801,0,1.786950975
85.792,0,377.5516953,0,1.732707612
85.925,0,377.59417,0,1.706522644
86.058,0,377.5833778,0,1.696974299
86.191,0,377.5506113,0,1.721533379
86.324,0,377.6017385,0,1.71853601
86.457,0,377.8556647,0,1.668880514
86.59,0,378.2541131,0,1.66603822
86.723,0,378.585204,0,1.683845583
86.856,0,378.8974862,0,1.724843357
86.989,0,379.044949,0,1.751083136
87.122,0,379.2084652,0,1.75979873
87.255,0,379.2458655,0,1.783827787
87.388,0,379.1878576,0,1.813511933
87.521,0,379.2144322,0,1.855248684
87.654,0,379.36682,0,1.830002926
87.787,0,379.5418323,0,1.757981247
87.92,0,379.5903164,0,1.650809623
88.053,0,379.4635216,0,1.572643406
88.186,0,379.4293934,0,1.531647366
88.319,0,379.5745394,0,1.568490916
88.452,0,379.9074764,0,1.638584864
88.585,0,380.0488656,0,1.631734622
88.718,0,380.0566515,0,1.587739104
88.851,0,380.1123104,0,1.623124366
88.984,0,380.2667276,0,1.705952343
89.117,0,380.3318142,0,1.752390268
89.25,0,380.4730399,0,1.809975932
89.384,0,380.6255822,0,1.847984087
89.516,0,380.8431378,0,1.857943454
89.649,0,381.0126213,0,1.842269874
89.782,0,381.1020453,0,1.840397651
89.915,0,381.1504964,0,1.858065799
90.048,0,381.2481481,0,1.877899435
90.181,0,381.355638,0,1.867016408
90.314,0,381.5089858,0,1.87880191
90.447,0,381.701771,0,1.896468424
90.581,0,381.8978011,0,1.908738063
90.713,0,382.0187355,0,1.909345671
90.846,0,382.1253661,0,1.921148423
90.979,0,382.1701514,0,1.944030913
91.112,0,382.2205923,0,1.939023232
91.246,0,382.2063188,0,1.911771119
91.378,0,382.1650945,0,1.883793194
91.512,0,382.121116,0,1.885460795
91.644,0,382.2812775,0,1.960287672
91.777,0,382.4771862,0,2.041225227
91.91,0,382.6977704,0,2.108696057
92.043,0,382.8324789,0,2.149564322
92.176,0,382.9137937,0,2.141871494
92.309,0,383.0189716,0,2.086432306
92.442,0,383.2886422,0,2.00518401
92.575,0,383.5158444,0,1.963719781
92.708,0,383.6279601,0,1.966706233
92.841,0,383.7532509,0,1.967092087
92.974,0,383.8767275,0,1.988873468
93.107,0,384.0179249,0,2.027877964
93.24,0,384.1313929,0,2.030452666
93.373,0,384.3169212,0,2.025335509
93.506,0,384.594918,0,1.996274704
93.639,0,384.8386478,0,1.977576772
93.773,0,385.0634367,0,1.958665881
93.905,0,385.1592047,0,1.948869241
94.038,0,385.1419562,0,1.981695747
94.171,0,384.9967056,0,2.01582189
94.305,0,385.0500295,0,1.999144732
94.438,0,385.1563132,0,1.959211674
94.571,0,385.2922812,0,1.936536388
94.704,0,385.4764813,0,1.943814597
94.837,0,385.6678963,0,1.94529152
94.969,0,385.8235178,0,1.958555857
95.103,0,386.0269321,0,1.952592963
95.236,0,386.1980788,0,1.911441359
95.369,0,386.2959153,0,1.854644355
95.502,0,386.3172649,0,1.810612577
95.634,0,386.3203978,0,1.770179659
95.768,0,386.3888813,0,1.749971259
95.901,0,386.4998628,0,1.774255923
96.034,0,386.6175936,0,1.792478521
96.167,0,386.7952916,0,1.833045221
96.3,0,386.9457166,0,1.874724806
96.433,0,387.0566411,0,1.910071964
96.566,0,387.2339532,0,1.942313915
96.699,0,387.3723276,0,1.963362099
96.832,0,387.5713172,0,1.963317045
96.965,0,387.7336899,0,1.902857076
97.098,0,387.831109,0,1.851368934
97.231,0,387.9111828,0,1.836341946
97.364,0,388.0764997,0,1.793770636
97.497,0,388.2144383,0,1.769467631
97.63,0,388.3045097,0,1.763819602
97.763,0,388.3489077,0,1.762326751
97.896,0,388.2781627,0,1.69533533
98.029,0,388.2304398,0,1.710121547
98.162,0,388.4506199,0,1.764974816
98.295,0,388.6976316,0,1.806592231
98.428,0,388.9562373,0,1.860450667
98.561,0,389.0936352,0,1.861491056
98.694,0,389.4473528,0,1.97093933
98.827,0,389.7694333,0,2.088336517
98.96,0,389.8659694,0,2.081709258
99.093,0,389.769957,0,2.012345522
99.226,0,389.6779735,0,1.900243973
99.359,0,389.6891586,0,1.768741805
99.492,0,389.7898783,0,1.649385248
99.625,0,389.9250152,0,1.620118505
99.758,0,390.1711562,0,1.669832188
99.891,0,390.4299205,0,1.748053426
100.024,0,390.623286,0,1.814339942
100.157,0,390.6945246,0,1.827687875
100.29,0,390.8229524,0,1.882406851
100.423,0,391.051063,0,1.981522784
100.556,0,391.3244378,0,2.065935312
100.689,0,391.6652101,0,2.129874218
100.822,0,391.9956732,0,2.175424664
100.955,0,392.2854654,0,2.249184048
101.088,0,392.4472133,0,2.346281505
101.221,0,392.6763505,0,2.392248218
101.354,0,392.9860258,0,2.42445063
101.487,0,393.2131118,0,2.429286804
101.62,0,393.4661305,0,2.372901717
101.753,0,393.6777863,0,2.317541997
101.886,0,393.8102675,0,2.239324168
102.019,0,393.8107548,0,2.161351619
102.152,0,393.7861504,0,2.064581286
102.285,0,393.7000525,0,1.968906598
102.418,0,393.5919911,0,1.955120105
102.551,0,393.5372087,0,2.015180347
102.684,0,393.4636437,0,2.082412829
102.817,0,393.4050382,0,2.136927276
102.95,0,393.2890025,0,2.184978935
103.083,0,393.3522206,0,2.138869625
103.216,0,393.6688032,0,2.004087217
103.349,0,393.9604554,0,1.900047428
103.482,0,394.3125404,0,1.832380333
103.615,0,394.581297,0,1.855230614
103.748,0,394.7332723,0,1.884352775
103.881,0,394.7236565,0,1.876233732
104.014,0,394.7034656,0,1.86111253
104.147,0,394.8094204,0,1.820381364
104.28,0,394.9617427,0,1.766724
104.413,0,395.1464861,0,1.757447559
104.546,0,395.2770826,0,1.792771615
104.679,0,395.4033215,0,1.838068619
104.812,0,395.4957526,0,1.85974866
104.945,0,395.6448862,0,1.839900898
105.079,0,395.8240737,0,1.808790108
105.212,0,396.0023774,0,1.769213681
105.344,0,396.2451408,0,1.721611506
105.478,0,396.4415537,0,1.768266066
105.61,0,396.5644382,0,1.805603387
105.743,0,396.7380585,0,1.792004965
105.876,0,396.9696505,0,1.771810061
106.009,0,397.2030687,0,1.763347594
106.142,0,397.4250007,0,1.746208744
106.275,0,397.6667816,0,1.716828239
106.409,0,397.8405045,0,1.685396417
106.541,0,397.9733701,0,1.686350198
106.674,0,398.0336745,0,1.71058914
106.807,0,398.1562976,0,1.763144568
106.941,0,398.249562,0,1.756921788
107.073,0,398.3019697,0,1.759601094
107.207,0,398.4223692,0,1.723486588
107.34,0,398.5265761,0,1.671794151
107.473,0,398.5603504,0,1.648260334
107.606,0,398.5357699,0,1.659087752
107.738,0,398.5759091,0,1.671816067
107.872,0,398.669849,0,1.652117896
108.005,0,398.8004706,0,1.561061228
108.138,0,398.80274,0,1.525541697
108.271,0,398.8838825,0,1.527871311
108.404,0,399.0744514,0,1.532767471
108.537,0,399.3699907,0,1.456355023
108.67,0,399.626219,0,1.361088971
108.803,0,399.8211313,0,1.309131611
108.936,0,399.9697257,0,1.285459023
109.069,0,399.8563177,0,1.25692433
109.202,0,399.8277567,0,1.301741635
109.335,0,400.0157728,0,1.410991407
109.468,0,400.1919475,0,1.460125449
109.601,0,400.4654672,0,1.517793942
109.734,0,400.9127751,0,1.621257896
109.867,0,401.4073901,0,1.784669072
110,0,401.6953841,0,1.853130388
110.133,0,401.8546621,0,1.879433588
110.266,0,401.9387787,0,1.853009866
110.399,0,402.0717474,0,1.776807008
110.532,0,402.1037135,0,1.626913161
110.665,0,402.2185563,0,1.559317986
110.798,0,402.2624986,0,1.484837486
110.931,0,402.215616,0,1.414897831
111.064,0,402.1237315,0,1.365000038
111.197,0,402.0773949,0,1.357424353
111.33,0,402.0659372,0,1.357634173
111.463,0,402.1178634,0,1.401165824
111.596,0,402.2545784,0,1.455902935
111.729,0,402.4596988,0,1.492044918
111.862,0,402.6751463,0,1.502820323
111.995,0,402.8369921,0,1.47670917
112.128,0,402.9243682,0,1.42046865
112.261,0,402.9877062,0,1.368658477
112.394,0,403.0079372,0,1.302609926
112.527,0,402.9944958,0,1.253756839
112.66,0,402.9219425,0,1.217467605
112.793,0,402.9688447,0,1.247495712
112.926,0,403.1049373,0,1.30368147
113.059,0,403.2071959,0,1.332317175
113.192,0,403.1874166,0,1.295093002
113.325,0,403.2120999,0,1.282414005
113.458,0,403.5811534,0,1.283493189
113.591,0,403.9536065,0,1.312578928
113.724,0,404.2450792,0,1.311789663
113.857,0,404.494603,0,1.299111898
113.99,0,404.6783084,0,1.319235559
114.123,0,404.8403213,0,1.373099967
114.256,0,405.034045,0,1.43608398
114.389,0,405.1966656,0,1.457717738
114.522,0,405.2577158,0,1.460333834
114.655,0,405.252236,0,1.497017323
114.788,0,405.5832965,0,1.451082837
114.921,0,405.87033,0,1.430505481
115.054,0,406.0075369,0,1.429884794
115.187,0,406.061132,0,1.395425527
115.32,0,405.8930776,0,1.296711148
115.453,0,406.1848158,0,1.304163399
115.586,0,406.5023124,0,1.362179012
115.719,0,406.5070017,0,1.326061889
115.852,0,406.4325482,0,1.253497037
115.985,0,406.6740359,0,1.265033468
116.118,0,406.9897292,0,1.330434406
116.251,0,407.1022141,0,1.341701148
116.384,0,407.1891982,0,1.336006985
116.517,0,407.2358033,0,1.300180121
116.65,0,407.2365861,0,1.2494788
116.783,0,407.1239355,0,1.213655704
116.916,0,407.2413934,0,1.221850917
117.049,0,407.7357691,0,1.368259149
117.182,0,408.1126276,0,1.470832234
117.315,0,408.3787287,0,1.497845297
117.448,0,408.4473631,0,1.488026633
117.581,0,408.4383935,0,1.506412273
117.714,0,408.3670362,0,1.530318585
117.847,0,408.3953968,0,1.576242894
117.98,0,408.3971185,0,1.52946022
118.113,0,408.3385596,0,1.350085384
118.246,0,408.4410655,0,1.13554669
118.379,0,408.8909787,0,1.044643314
118.512,0,409.3235537,0,1.028883512
118.646,0,409.8038378,0,1.02299906
118.778,0,410.1232725,0,1.075168374
118.911,0,410.4815973,0,1.190597853
119.044,0,410.8257273,0,1.321278222
119.178,0,411.1336363,0,1.404176059
119.311,0,411.2540115,0,1.438789303
119.444,0,411.1114934,0,1.356856872
119.576,0,411.1145471,0,1.315353232
119.709,0,411.4147938,0,1.344034282
119.842,0,411.7031239,0,1.285960588
119.975,0,411.8080317,0,1.202134065
120.108,0,411.8885112,0,1.148885568
120.241,0,412.0747264,0,1.085090196
120.374,0,412.4100434,0,0.996704078
120.507,0,412.7451258,0,0.952362414
120.64,0,413.0292441,0,0.947961405
120.773,0,413.2866355,0,0.932317191
120.906,0,413.4500199,0,0.965204171
121.039,0,413.5781698,0,1.026430801
121.171,0,413.7408625,0,1.072827727
121.305,0,413.9010431,0,1.124109966
121.438,0,414.0198385,0,1.139884894
121.571,0,414.1295973,0,1.156519281
121.704,0,414.3337607,0,1.178218836
121.837,0,414.4720897,0,1.206337811
121.97,0,414.6686687,0,1.255063552
122.103,0,414.862573,0,1.304433689
122.236,0,415.0687297,0,1.306118283
122.369,0,415.3067336,0,1.279131429
122.502,0,415.5656719,0,1.276528654
122.635,0,415.7214398,0,1.320197193
122.768,0,415.7224898,0,1.282904597
122.901,0,415.705119,0,1.21551019
123.034,0,415.765557,0,1.170381251
123.167,0,415.8010709,0,1.161461098
123.3,0,415.8750945,0,1.156124065
123.433,0,415.9523951,0,1.181628674
123.566,0,415.9078126,0,1.202465862
123.699,0,415.8588229,0,1.214827925
123.832,0,415.9861385,0,1.243812376
123.965,0,416.2322066,0,1.245284925
124.098,0,416.4815075,0,1.212195499
124.231,0,416.7112109,0,1.175388952
124.364,0,416.8614964,0,1.149676527
124.497,0,416.9910669,0,1.13083413
124.63,0,417.0302195,0,1.110769839
124.765,0,417.0367439,0,1.089343139
124.898,0,417.0875125,0,1.08446372
125.031,0,417.1427608,0,1.091358045
125.164,0,417.1211033,0,1.049162306
125.297,0,417.2707374,0,1.06759378
125.43,0,417.6841985,0,1.189239876
125.563,0,418.0444753,0,1.23839491
125.696,0,418.2777008,0,1.268646605
125.829,0,418.3842329,0,1.23364058
125.962,0,418.4399245,0,1.192356722
126.095,0,418.4964687,0,1.188140101
126.228,0,418.7174341,0,1.261356203
126.361,0,419.0836503,0,1.35083734
126.494,0,419.404179,0,1.365037124
126.627,0,419.6247384,0,1.352483628
126.76,0,419.6979265,0,1.335751
126.893,0,419.699642,0,1.284858078
127.026,0,419.6906352,0,1.231637979
127.159,0,419.5921449,0,1.192725984
127.292,0,419.6332508,0,1.16549769
127.425,0,419.8488055,0,1.187715478
127.558,0,420.2256246,0,1.215988492
127.691,0,420.4786208,0,1.222017742
127.824,0,420.6149891,0,1.20987099
127.957,0,420.7689266,0,1.182733589
128.09,0,421.0184955,0,1.138088127
128.223,0,421.3078016,0,1.096208026
128.356,0,421.6041142,0,1.084804363
128.489,0,421.7196393,0,1.12323593
128.622,0,421.7106768,0,1.151314422
128.755,0,421.6348032,0,1.164933596
128.888,0,421.6551195,0,1.158109286
129.021,0,421.7359903,0,1.152928594
129.154,0,421.8654039,0,1.16615807
129.287,0,422.142724,0,1.205482824
129.42,0,422.5733305,0,1.256318691
129.553,0,423.0009198,0,1.372055174
129.686,0,423.4482098,0,1.507862026
129.819,0,423.9328815,0,1.656888543
129.952,0,424.3367672,0,1.777637646
130.085,0,424.6054546,0,1.828753593
130.218,0,424.7198518,0,1.822363014
130.351,0,424.7696331,0,1.769836592
130.484,0,424.776985,0,1.656843205
130.617,0,424.7723749,0,1.626013475
130.75,0,424.750298,0,1.535042816
130.883,0,424.6985335,0,1.347614589
131.016,0,424.9195102,0,1.21427828
131.149,0,425.0571906,0,1.137763959
131.282,0,424.9583808,0,1.057287078
131.415,0,424.7943072,0,1.098400205
131.548,0,424.7424853,0,1.208969555
131.681,0,424.8664386,0,1.283498599
131.814,0,425.0659407,0,1.332574343
131.947,0,425.206663,0,1.318214436
132.08,0,425.2458314,0,1.276599868
132.213,0,425.2504335,0,1.245902088
132.346,0,425.2301494,0,1.229376523
132.48,0,425.6121206,0,1.192043185
132.613,0,425.8362147,0,1.183255628
132.746,0,426.010702,0,1.132691844
132.879,0,426.0786616,0,1.108566978
133.012,0,426.1693419,0,1.10997794
133.144,0,426.3151334,0,1.129185572
133.277,0,426.6164019,0,1.214037861
133.41,0,426.9244,0,1.256951296
133.543,0,427.1239544,0,1.309760309
133.676,0,427.2273886,0,1.417412799
133.809,0,427.3686964,0,1.485981373
133.942,0,427.5510505,0,1.396856259
134.075,0,427.4858033,0,1.257805179
134.208,0,427.4981564,0,1.194112594
134.342,0,427.5880294,0,1.155934487
134.475,0,427.7267666,0,1.112085943
134.608,0,427.7302174,0,1.033587583
134.74,0,427.68859,0,0.950982597
134.874,0,427.7549274,0,0.900917021
135.007,0,427.7647067,0,0.868895153
135.14,0,427.740608,0,0.865581307
135.273,0,427.8430488,0,0.907245549
135.405,0,428.0342287,0,0.955001643
135.539,0,428.2894427,0,0.938511734
135.672,0,428.3148266,0,0.942030434
135.805,0,428.313917,0,1.010995556
135.938,0,428.6089455,0,1.105708339
136.071,0,429.0894778,0,1.219778004
136.204,0,429.4401685,0,1.339207912
136.337,0,429.5739558,0,1.409961205
136.47,0,429.6612033,0,1.401173427
136.603,0,429.7645129,0,1.373996321
136.736,0,429.9966757,0,1.347232357
136.869,0,430.1833471,0,1.301950546
137.002,0,430.3028969,0,1.199185919
137.135,0,430.400201,0,1.065855859
137.268,0,430.4835455,0,0.940882863
137.401,0,430.6319927,0,0.814033444
137.534,0,430.7389882,0,0.78762313
137.667,0,430.9413086,0,0.871915023
137.8,0,431.3763093,0,0.96723526
137.933,0,431.8697727,0,1.05964966
138.066,0,432.1578116,0,1.073069456
138.199,0,432.291134,0,1.007274341
138.332,0,432.3468838,0,0.986513019
138.465,0,432.366465,0,1.05991744
138.598,0,432.2365747,0,1.194305654
138.731,0,432.0540945,0,1.158263077
138.864,0,431.9154414,0,1.075084474
138.997,0,432.0991872,0,1.047514434
139.13,0,432.457594,0,1.091290101
139.263,0,432.9049247,0,1.044522197
139.396,0,433.3082663,0,1.033434312
139.529,0,433.489226,0,1.094206325
139.662,0,433.7187013,0,1.179220373
139.795,0,434.0035833,0,1.195140083
139.928,0,434.009104,0,1.214976036
140.061,0,434.1814024,0,1.157231605
140.194,0,434.3633919,0,1.09282804
140.327,0,434.4887922,0,1.044359816
140.46,0,434.5215256,0,1.058322667
140.593,0,434.6101765,0,1.091130638
140.726,0,434.6229566,0,1.090160664
140.859,0,434.6224495,0,1.088205905
140.992,0,434.7441369,0,1.062437379
141.125,0,435.030297,0,1.099039897
141.258,0,435.6113253,0,1.178157951
141.391,0,436.2997816,0,1.24526487
141.524,0,436.7327069,0,1.29292794
141.657,0,437.0220696,0,1.356378741
141.79,0,437.4034168,0,1.409843477
141.923,0,437.7479228,0,1.43056702
142.056,0,437.9774728,0,1.429456012
142.189,0,438.0953889,0,1.40341558
142.322,0,438.1341623,0,1.352668609
142.455,0,438.2338182,0,1.255412402
142.588,0,438.1459671,0,1.171153272
142.721,0,437.9144717,0,1.027041108
142.855,0,437.7582084,0,0.969798272
142.988,0,437.7333922,0,0.949132366
143.12,0,437.8678793,0,0.931107977
143.253,0,438.0239941,0,0.941390566
143.386,0,438.2510874,0,0.974067586
143.519,0,438.5411026,0,0.995498695
143.652,0,438.9103123,0,0.997058681
143.785,0,439.3881299,0,1.073261704
143.918,0,439.725943,0,1.220029381
144.051,0,439.809386,0,1.324500187
144.184,0,439.6186047,0,1.311043395
144.317,0,439.4387079,0,1.288895325
144.45,0,439.4184476,0,1.374159282
144.583,0,439.5496298,0,1.460106599
144.716,0,439.7843648,0,1.486447753
144.849,0,439.9720452,0,1.485255027
144.983,0,440.2097537,0,1.462143941
145.115,0,440.5241016,0,1.453508443
145.248,0,440.6999232,0,1.464221846
145.381,0,440.8506186,0,1.479094847
145.514,0,440.9975202,0,1.489565999
145.647,0,441.0028839,0,1.474804516
145.78,0,440.9087204,0,1.452347751
145.914,0,440.9452334,0,1.422399152
146.046,0,440.9370958,0,1.419181036
146.18,0,440.8455314,0,1.387282464
146.313,0,440.5651442,0,1.348109952
146.446,0,440.4557787,0,1.296913425
146.579,0,440.5846282,0,1.253181924
146.712,0,440.7019485,0,1.252018701
146.844,0,440.7940175,0,1.21371163
146.977,0,440.8727405,0,1.156737085
147.11,0,440.8803844,0,1.077311049
147.243,0,441.0709845,0,1.040451772
147.376,0,441.4989393,0,1.070047032
147.509,0,441.9339257,0,1.131533112
147.643,0,442.3837436,0,1.153986479
147.776,0,442.6090395,0,1.222868299
147.909,0,442.6113096,0,1.280491457
148.042,0,442.482071,0,1.206041554
148.175,0,442.3776145,0,1.094304804
148.308,0,442.3532779,0,0.948243285
148.441,0,442.4128834,0,0.884786447
148.574,0,442.6154817,0,0.922466519
148.707,0,442.908052,0,0.981214616
148.84,0,443.2214782,0,0.990990511
148.973,0,443.3356981,0,0.964031058
149.106,0,443.4006426,0,0.982185574
149.239,0,443.5195399,0,1.073928362
149.372,0,443.6886261,0,1.160584218
149.505,0,443.9491511,0,1.21080534
149.638,0,444.115281,0,1.233800757
149.771,0,444.1364703,0,1.258154454
149.904,0,444.127177,0,1.269977194
150.037,0,444.2484079,0,1.291542078
150.17,0,444.3512386,0,1.301837019
150.303,0,444.3601748,0,1.272935198
150.436,0,444.3561493,0,1.225712003
150.569,0,444.4458193,0,1.236980381
150.702,0,444.6281082,0,1.316412289
150.835,0,444.8097272,0,1.391828773
150.968,0,444.9787113,0,1.434989741
151.101,0,445.2390447,0,1.429774364
151.234,0,445.4895409,0,1.418307269
151.367,0,445.7152759,0,1.393406173
151.5,0,445.900167,0,1.370941574
151.633,0,446.096478,0,1.369178301
151.766,0,446.2722756,0,1.405223028
151.899,0,446.3894893,0,1.448612702
152.032,0,446.4394283,0,1.475352289
152.165,0,446.5345956,0,1.50327217
152.298,0,446.5172843,0,1.508036053
152.431,0,446.4623902,0,1.511725867
152.564,0,446.4691235,0,1.543820788
152.697,0,446.5293574,0,1.599621924
152.83,0,446.725921,0,1.63047426
152.963,0,446.9590073,0,1.638669198
153.096,0,447.1938541,0,1.593496285
153.229,0,447.5570789,0,1.637343589
153.362,0,447.9797905,0,1.711631816
153.495,0,448.3504386,0,1.732503798
153.628,0,448.499399,0,1.713827091
153.761,0,448.4796388,0,1.735951836
153.894,0,448.5082873,0,1.834490852
154.027,0,448.5063129,0,1.860286009
154.16,0,448.491589,0,1.842181819
154.293,0,448.5318697,0,1.7807702
154.426,0,448.651836,0,1.717413401
154.559,0,448.881097,0,1.61696996
154.692,0,449.0493983,0,1.558437522
154.825,0,449.1905571,0,1.493150594
154.958,0,449.369182,0,1.439860334
155.091,0,449.6256204,0,1.348991171
155.224,0,449.7650695,0,1.339472044
155.357,0,449.8989421,0,1.426884892
155.49,0,450.1213753,0,1.512136883
155.623,0,450.3933617,0,1.599213723
155.756,0,450.6706231,0,1.6337866
155.889,0,450.8213016,0,1.655204654
156.022,0,450.9280623,0,1.673514926
156.155,0,450.8598635,0,1.67901403
156.288,0,450.7383364,0,1.723840119
156.421,0,450.6422507,0,1.780687912
156.554,0,450.6711238,0,1.835920221
156.687,0,450.6554418,0,1.877481522
156.82,0,450.8195238,0,1.887411092
156.953,0,450.9337007,0,1.894238067
157.086,0,450.9958558,0,1.866360361
157.219,0,451.0959557,0,1.830013895
157.352,0,451.1200445,0,1.807824426
157.485,0,451.16222,0,1.815398239
157.618,0,451.230898,0,1.838051094
157.751,0,451.3354028,0,1.852580382
157.884,0,451.5016227,0,1.845063728
158.017,0,451.7087881,0,1.819823436
158.15,0,451.9524906,0,1.793552946
158.283,0,452.1778396,0,1.744131435
158.416,0,452.3309354,0,1.693110964
158.55,0,452.4108993,0,1.656300739
158.683,0,452.4748366,0,1.618971592
158.815,0,452.5400716,0,1.615439513
158.948,0,452.5370644,0,1.607348629
159.081,0,452.4848327,0,1.614646466
159.214,0,452.4243126,0,1.599974772
159.347,0,452.3496663,0,1.559180531
159.48,0,452.4734758,0,1.54153022
159.613,0,452.7860341,0,1.627118522
159.747,0,453.0609509,0,1.721578637
159.88,0,453.3306221,0,1.829024791
160.013,0,453.6015013,0,1.887435914
160.146,0,453.678614,0,1.895177267
160.279,0,453.4798699,0,1.840304061
160.412,0,453.3419183,0,1.850040666
160.545,0,453.3749159,0,1.907203619
160.677,0,453.403055,0,1.912677457
160.811,0,453.4373336,0,1.923336532
160.943,0,453.4948963,0,1.88287928
161.076,0,453.8531872,0,1.763788566
161.21,0,454.4294917,0,1.742657556
161.343,0,454.8512964,0,1.793377411
161.476,0,454.8900467,0,1.735619553
161.609,0,454.877115,0,1.73945082
161.741,0,454.763541,0,1.726289877
161.875,0,454.8859029,0,1.718372705
162.008,0,455.0218654,0,1.778729394
162.141,0,455.1765573,0,1.849762447
162.274,0,455.4908424,0,1.941127062
162.407,0,455.9526612,0,1.975302007
162.54,0,456.3597331,0,2.014334514
162.673,0,456.5315415,0,2.084483474
162.806,0,456.6091997,0,2.08675576
162.939,0,456.7157578,0,2.063111406
163.072,0,456.8194282,0,2.064113757
163.205,0,456.8672968,0,2.10684035
163.338,0,456.8600368,0,2.137130612
163.471,0,456.8245281,0,2.201297655
163.604,0,456.8802327,0,2.260935182
163.737,0,456.9333569,0,2.246688462
163.87,0,457.1073488,0,2.133172344
164.003,0,457.1299105,0,2.098656
164.136,0,456.8920083,0,2.176949615
164.269,0,456.615974,0,2.234647362
164.402,0,456.6048765,0,2.296515591
164.535,0,456.8119858,0,2.457741776
164.668,0,457.0918666,0,2.515351269
164.801,0,457.5093293,0,2.408058049
164.934,0,457.7090123,0,2.348790272
165.067,0,457.6304402,0,2.327102701
165.2,0,457.4875254,0,2.363999385
165.333,0,457.45086,0,2.367439806
165.466,0,457.5026642,0,2.258327739
165.599,0,457.6105501,0,2.141399167
165.732,0,457.8035544,0,2.132290637
165.865,0,457.9722763,0,2.181709759
165.998,0,458.0141674,0,2.250999097
166.131,0,458.0571368,0,2.30584884
166.264,0,458.2398054,0,2.385239801
166.397,0,458.4631461,0,2.333113663
166.53,0,458.8842197,0,2.205169208
166.663,0,459.2740556,0,2.069389717
166.796,0,459.6831386,0,2.01145082
166.929,0,459.9582732,0,2.051457843
167.062,0,459.9748662,0,2.163549498
167.195,0,459.781519,0,2.218134882
167.328,0,459.7830588,0,2.189703677
167.461,0,459.5657525,0,2.265205241
167.594,0,459.4352456,0,2.354957511
167.727,0,459.5706714,0,2.260745526
167.86,0,459.8001518,0,2.229939831
167.993,0,460.1239546,0,2.204021479
168.126,0,460.3011477,0,2.217748163
168.259,0,460.2901848,0,2.200110901
168.392,0,459.986956,0,2.061610449
168.525,0,459.9091357,0,2.039829826
168.658,0,460.062243,0,2.14041978
168.791,0,460.4077829,0,2.237171926
168.924,0,460.7525904,0,2.296518451
169.057,0,461.0699406,0,2.419991189
169.19,0,461.3265865,0,2.377479735
169.323,0,461.5315663,0,2.181768138
169.456,0,461.48752,0,2.07386325
169.589,0,461.229626,0,2.087987623
169.722,0,461.1785998,0,2.054525595
169.855,0,461.2655535,0,2.110208195
169.988,0,461.1988657,0,2.295168453
170.121,0,461.2888779,0,2.495603101
170.254,0,461.5002256,0,2.621040721
170.387,0,461.748157,0,2.700168363
170.52,0,461.9604438,0,2.746242324
170.653,0,462.1201786,0,2.752670929
170.786,0,462.3144373,0,2.730621993
170.919,0,462.6854023,0,2.690575359
171.052,0,462.9017707,0,2.760986886
171.185,0,462.9713229,0,2.934287234
171.318,0,462.958926,0,3.126288301
171.451,0,462.9515459,0,3.277903998
171.584,0,463.0166502,0,3.304248575
171.717,0,463.095882,0,3.237205266
171.85,0,463.0409874,0,3.241382379
171.983,0,462.8710852,0,3.22023474
172.116,0,463.1265343,0,3.25250057
172.249,0,463.5504326,0,3.309209284
172.382,0,463.895711,0,3.430365171
172.515,0,463.862905,0,3.592312316
172.648,0,463.4114089,0,3.715402481
172.781,0,463.1110506,0,3.749694639
172.914,0,463.1233747,0,3.833610367
173.047,0,463.3704986,0,3.796658492
173.18,0,463.5923026,0,3.710931257
173.314,0,463.6550763,0,3.61502496
173.447,0,463.912844,0,3.586167964
173.58,0,464.3943419,0,3.554581713
173.713,0,464.8994121,0,3.550528725
173.846,0,465.1202857,0,3.587638791
173.979,0,465.1968321,0,3.630896748
174.112,0,465.1363704,0,3.687126435
174.245,0,464.9314222,0,3.75906152
174.377,0,464.657675,0,3.842498929
174.51,0,464.5324716,0,3.87508918
174.644,0,464.6332742,0,3.776441191
174.777,0,464.6957043,0,3.661888257
174.91,0,464.7629802,0,3.63988677
175.043,0,464.8572726,0,3.653888127
175.176,0,465.0095322,0,3.704661532
175.309,0,464.9928702,0,3.843476486
175.442,0,465.0103625,0,3.969829789
175.575,0,465.0761691,0,4.069503526
175.708,0,465.1434442,0,4.127993298
175.841,0,465.1561208,0,4.17830723
175.974,0,465.1840752,0,4.221091007
176.107,0,465.2568539,0,4.304083874
176.24,0,465.2593662,0,4.396469437
176.373,0,465.1942826,0,4.47685495
176.506,0,465.1479382,0,4.539750428
176.639,0,465.103505,0,4.575474054
176.772,0,465.101007,0,4.596276852
176.905,0,465.1181628,0,4.602417626
177.038,0,465.1939706,0,4.606307703
177.171,0,465.1238463,0,4.620609611
177.304,0,465.1524819,0,4.621441732
177.437,0,465.2942828,0,4.555041698
177.57,0,465.6688372,0,4.472799938
177.703,0,466.0770919,0,4.416158939
177.836,0,466.4867833,0,4.387504715
177.969,0,466.8792915,0,4.419822611
178.102,0,467.0379698,0,4.510998733
178.235,0,466.8033349,0,4.558090805
178.368,0,466.4082188,0,4.661882016
178.501,0,466.2359593,0,4.732469978
178.634,0,466.0993738,0,4.661135893
178.767,0,466.4910311,0,4.617524384
178.9,0,466.7874757,0,4.533545731
179.033,0,467.0108201,0,4.541342082
179.166,0,467.2716651,0,4.677820338
179.299,0,467.445329,0,4.798326179
179.432,0,467.5279618,0,4.868788868
179.565,0,467.6509945,0,4.916432623
179.697,0,467.7294408,0,4.926793732
179.83,0,467.7519429,0,4.89357469
179.963,0,467.6058313,0,4.868285695
180.096,0,467.5085427,0,4.869407744
180.229,0,467.4883918,0,4.857859811
180.362,0,467.6358584,0,4.834603892
180.495,0,467.8039899,0,4.81126257
180.628,0,467.7638805,0,4.668892184
180.761,0,467.9542327,0,4.606555217
180.894,0,468.3139891,0,4.627720389
181.027,0,468.8312009,0,4.762014663
181.16,0,469.4938664,0,4.92413
181.293,0,470.0018276,0,5.034142595
181.426,0,470.2761799,0,5.066646726
181.559,0,470.3595195,0,5.039529548
181.692,0,470.4267424,0,5.01170724
181.825,0,470.5195979,0,4.993771573
181.958,0,470.7106916,0,4.971786143
182.091,0,470.8671258,0,4.958662993
182.224,0,471.0395339,0,4.956430709
182.357,0,471.1908925,0,4.979033776
182.49,0,471.3103253,0,4.971614345
182.623,0,471.3968356,0,4.932962633
182.756,0,471.4856276,0,4.882371177
182.889,0,471.5928307,0,4.863126679
183.022,0,471.8162115,0,4.927859911
183.155,0,471.8415795,0,4.947648589
183.288,0,471.7902347,0,4.928751969
183.421,0,471.7333418,0,4.908231775
183.554,0,471.8230424,0,4.917644883
183.687,0,471.938147,0,4.901809849
183.82,0,471.9144408,0,4.867006371
183.953,0,472.1946914,0,5.000298536
184.086,0,472.4358624,0,5.177088248
184.219,0,472.4904918,0,5.294187466
184.352,0,472.5786797,0,5.341612726
184.485,0,472.7903961,0,5.302511299
184.618,0,473.0659352,0,5.190009178
184.751,0,473.3256172,0,5.10222674
184.884,0,473.5819244,0,5.155014052
185.018,0,473.8900567,0,5.307194401
185.15,0,474.2707868,0,5.426010428
185.283,0,474.67982,0,5.535531237
185.416,0,475.005541,0,5.675049344
185.549,0,475.1174229,0,5.772393492
185.682,0,475.3998359,0,5.834577982
185.816,0,475.6131197,0,5.834581165
185.948,0,475.6345418,0,5.801983629
186.081,0,475.5503512,0,5.762267462
186.214,0,475.3738857,0,5.701584197
186.347,0,475.2032238,0,5.628992712
186.48,0,475.2310044,0,5.584509985
186.613,0,475.3208301,0,5.560116433
186.746,0,475.5323817,0,5.581614341
186.879,0,475.6164755,0,5.63216086
187.013,0,475.5982894,0,5.724172739
187.146,0,475.5531654,0,5.785790941
187.279,0,475.7049849,0,5.712811713
187.412,0,475.9714132,0,5.63229358
187.545,0,476.234588,0,5.583682939
187.678,0,476.3701257,0,5.499709818
187.811,0,476.336707,0,5.334815353
187.944,0,476.2510686,0,5.169673509
188.077,0,476.2581304,0,5.171880376
188.21,0,476.449242,0,5.216204861
188.343,0,476.6780998,0,5.213306035
188.476,0,476.7591915,0,5.174218602
188.609,0,476.6579913,0,5.201264491
188.742,0,476.6835703,0,5.193577435
188.875,0,476.8651704,0,5.066535882
189.008,0,476.9956175,0,4.98125187
189.141,0,476.8499697,0,4.97821719
189.274,0,476.8233914,0,4.940125598
189.407,0,476.5818988,0,4.966122278
189.54,0,476.3592989,0,5.020652469
189.673,0,476.5084638,0,4.988150096
189.806,0,476.8732139,0,4.926263052
189.939,0,477.104881,0,5.008830136
190.072,0,477.1679213,0,5.123532133
190.205,0,477.3846205,0,5.051273147
190.338,0,477.6619924,0,4.892365061
190.471,0,477.8425063,0,4.821754056
190.604,0,477.9525278,0,4.796091349
190.737,0,478.0290747,0,4.837599036
190.87,0,478.135392,0,4.971549814
191.003,0,478.3815403,0,5.049068902
191.136,0,478.5944499,0,5.018703477
191.269,0,478.7649503,0,4.978502236
191.402,0,478.9304944,0,4.929162613
191.535,0,479.0027225,0,4.893167754
191.668,0,478.9674775,0,4.848379229
191.801,0,478.8931512,0,4.840606642
191.934,0,478.8316213,0,4.888476263
192.067,0,478.7785498,0,4.982692822
192.2,0,478.8487095,0,5.032108729
192.333,0,478.9628119,0,5.062936754
192.466,0,479.0898284,0,5.050250117
192.599,0,479.3677309,0,5.010034249
192.732,0,479.6838092,0,4.949245829
192.865,0,479.887618,0,4.901435791
192.998,0,479.8672533,0,4.892156744
193.131,0,479.8461499,0,4.889051132
193.264,0,479.9104004,0,4.940466271
193.397,0,479.8890267,0,4.904421157
193.53,0,479.8487063,0,4.861354243
193.663,0,479.7170355,0,4.913658324
193.796,0,479.4426164,0,5.022481467
193.929,0,479.2822409,0,5.147656863
194.062,0,479.386079,0,5.264684373
194.195,0,479.602537,0,5.362125994
194.328,0,480.0790734,0,5.383526746
194.461,0,480.8396923,0,5.377856084
194.594,0,481.6110114,0,5.384763464
194.727,0,482.1301321,0,5.424327622
194.86,0,482.4286919,0,5.385929528
194.993,0,482.4833829,0,5.310655012
195.126,0,482.5359711,0,5.256374312
195.259,0,482.5036505,0,5.283788014
195.392,0,482.4587037,0,5.394283458
195.525,0,482.3618851,0,5.54154409
195.658,0,482.2557568,0,5.604786239
195.791,0,482.2257745,0,5.57363124
195.924,0,482.3187727,0,5.576024165
196.057,0,482.3878014,0,5.600554433
196.19,0,482.5020831,0,5.569818882
196.323,0,482.7349809,0,5.527473596
196.456,0,482.9494689,0,5.590050612
196.589,0,482.6355866,0,5.829458361
196.723,0,482.3074487,0,5.883461257
196.855,0,482.2699772,0,5.748793371
196.988,0,482.6628216,0,5.490238019
197.121,0,483.1525603,0,5.343958208
197.254,0,483.5535584,0,5.327533019
197.387,0,483.8796652,0,5.3549745
197.52,0,484.1146648,0,5.308362563
197.653,0,484.151661,0,5.299723625
197.786,0,484.2139683,0,5.283840906
197.919,0,484.2804506,0,5.232591723
198.052,0,484.300428,0,5.240131409
198.185,0,484.2891978,0,5.283245555
198.318,0,484.344262,0,5.313329103
198.451,0,484.3231997,0,5.301386694
198.584,0,484.3162126,0,5.287941297
198.717,0,484.5354389,0,5.415525622
198.85,0,484.8626236,0,5.524973227
198.983,0,485.3179656,0,5.579241291
199.116,0,485.6892433,0,5.606370799
199.249,0,485.9449451,0,5.574557798
199.382,0,485.9790885,0,5.566095863
199.515,0,485.9195648,0,5.54552963
199.649,0,485.8434694,0,5.493224998
199.781,0,485.8258241,0,5.380343201
199.914,0,485.8111635,0,5.195194812
200.048,0,485.9208121,0,4.941622831
200.181,0,485.8373387,0,4.798326491
200.314,0,485.7460383,0,4.746038896
200.446,0,485.7781738,0,4.835345466
200.58,0,485.6074131,0,4.828760545
200.713,0,485.5124076,0,4.783776896
200.846,0,485.8480512,0,4.669634729
200.979,0,486.2558027,0,4.506804906
201.112,0,486.5919208,0,4.41034598
201.245,0,486.8242934,0,4.483705926
201.378,0,486.7826357,0,4.654330298
201.51,0,487.0776374,0,4.789089618
201.644,0,487.6793995,0,4.91199879
201.777,0,488.3742474,0,4.929601728
201.91,0,488.74833,0,4.872832719
202.043,0,488.8660831,0,4.826286887
202.176,0,488.7680747,0,4.801741114
202.309,0,488.5077113,0,4.837552261
202.442,0,488.2851402,0,4.89154654
202.575,0,488.0932321,0,4.961545766
202.708,0,488.0057337,0,5.030154909
202.841,0,488.3256143,0,5.021827059
202.974,0,488.7295032,0,5.011414114
203.107,0,489.0431052,0,5.024871935
203.24,0,489.4164407,0,5.077469598
203.373,0,489.6711592,0,5.156485014
203.506,0,489.9444608,0,5.232766642
203.639,0,490.1612532,0,5.290630126
203.772,0,490.2000769,0,5.302518422
203.905,0,490.0636286,0,5.313456494
204.038,0,489.9243081,0,5.342218489
204.171,0,489.9072253,0,5.354425494
204.304,0,490.1390716,0,5.489310629
204.437,0,490.517838,0,5.625174345
204.57,0,490.815306,0,5.705591239
204.702,0,490.966842,0,5.719759353
204.835,0,490.9188152,0,5.66309868
204.968,0,490.8885309,0,5.602464094
205.101,0,490.9453364,0,5.579511146
205.234,0,490.9732126,0,5.588657878
205.367,0,490.9885586,0,5.650591383
205.5,0,491.0598132,0,5.71545063
205.633,0,491.1603121,0,5.760590243
205.766,0,491.2454273,0,5.800812039
205.899,0,491.36305,0,5.822179274
206.032,0,491.5313379,0,5.880341771
206.165,0,491.6567985,0,5.926547884
206.298,0,491.7809841,0,5.934880739
206.431,0,491.9658385,0,5.946338128
206.564,0,492.0985414,0,5.950346469
206.697,0,492.2219819,0,5.955829585
206.83,0,492.3072596,0,5.956654362
206.963,0,492.3357043,0,5.933702235
207.096,0,492.2912138,0,5.909622198
207.229,0,492.2863942,0,5.885160544
207.362,0,492.405293,0,5.880677563
207.495,0,492.6559134,0,5.890139505
207.628,0,493.0014372,0,5.902733999
207.761,0,493.3368466,0,5.866044599
207.894,0,493.8237698,0,5.890045542
208.027,0,494.2681348,0,5.898948243
208.16,0,494.6038011,0,5.862366084
208.293,0,494.8268762,0,5.828404118
208.426,0,494.935983,0,5.786574464
208.559,0,494.932558,0,5.745316849
208.692,0,494.8193372,0,5.73137538
208.825,0,494.7437774,0,5.700182958
208.958,0,494.7458496,0,5.645284488
209.091,0,494.6282039,0,5.649163562
209.224,0,494.5616499,0,5.564893398
209.357,0,494.5231849,0,5.525872535
209.49,0,494.5889606,0,5.492622005
209.623,0,494.6840673,0,5.427507001
209.756,0,494.8037958,0,5.456520889
209.889,0,494.8844961,0,5.445319941
210.022,0,495.1428327,0,5.33750127
210.155,0,495.4051551,0,5.225172028
210.288,0,495.6785003,0,5.245572901
210.421,0,495.8641295,0,5.395068658
210.554,0,496.1732968,0,5.650087586
210.687,0,496.4134847,0,5.671615097
210.82,0,496.508446,0,5.561113796
210.953,0,496.7975606,0,5.520638323
211.086,0,497.2860741,0,5.541433146
211.219,0,497.8268958,0,5.586296454
211.352,0,498.2106025,0,5.632271463
211.485,0,498.5596625,0,5.619989644
211.618,0,498.6501583,0,5.466774662
211.751,0,498.5055371,0,5.363370512
211.884,0,498.441859,0,5.338869104
212.017,0,498.2448804,0,5.262951689
212.15,0,498.0055835,0,5.148959132
212.283,0,498.1247538,0,5.236088575
212.419,0,498.2456371,0,5.331468391
212.549,0,498.3340656,0,5.423041441
212.683,0,499.1044701,0,5.317095058
212.815,0,499.5477922,0,5.375345134
212.948,0,500.0394137,0,5.485625489
213.082,0,500.5041273,0,5.563121125
213.215,0,500.8704556,0,5.548078817
213.347,0,501.266025,0,5.542045877
213.48,0,501.6306833,0,5.530563266
213.613,0,501.8715,0,5.51317946
213.747,0,501.8580142,0,5.432120438
213.88,0,501.4758154,0,5.217134925
214.013,0,501.2884087,0,5.179072859
214.146,0,501.1935516,0,5.222225616
214.279,0,501.2525445,0,5.27543189
214.412,0,501.4601529,0,5.328640172
214.545,0,501.5517435,0,5.376023153
214.678,0,501.6817533,0,5.393870781
214.811,0,501.9094326,0,5.365479465
214.944,0,502.0838709,0,5.269611342
215.077,0,502.0645328,0,5.148605918
215.21,0,501.953638,0,5.099976234
215.343,0,502.0698032,0,5.07408577
215.476,0,502.2184337,0,5.083190172
215.609,0,502.14213,0,5.125041902
215.742,0,502.147149,0,5.258133619
215.875,0,502.1098937,0,5.345476381
216.008,0,502.0805461,0,5.552326635
216.141,0,501.8413648,0,5.685217609
216.274,0,501.7114712,0,5.71628727
216.407,0,501.7568113,0,5.721837442
216.54,0,502.3994211,0,5.953150845
216.673,0,502.8418445,0,6.078778954
216.806,0,503.0880925,0,6.092056349
216.939,0,503.6105706,0,6.23912923
217.072,0,504.2593138,0,6.384474624
217.205,0,504.7964277,0,6.488963138
217.338,0,505.2296356,0,6.537782776
217.471,0,505.4408183,0,6.52665788
217.604,0,505.3342167,0,6.414068447
217.737,0,504.9120455,0,6.164705561
217.87,0,504.636668,0,5.987181082
218.003,0,504.8095674,0,5.980738505
218.136,0,505.2523045,0,6.044381213
218.269,0,506.0346673,0,6.266946677
218.402,0,506.8797813,0,6.366328101
218.535,0,507.3807568,0,6.424515854
218.668,0,507.4367742,0,6.394045125
218.801,0,507.3567971,0,6.255806213
218.934,0,507.1703686,0,6.111410439
219.067,0,507.0726407,0,5.970658879
219.2,0,506.9659085,0,5.824672739
219.333,0,506.8991779,0,5.760240388
219.466,0,506.8582676,0,5.694915472
219.599,0,506.9016872,0,5.680218221
219.732,0,506.9740071,0,5.723652959
219.865,0,507.0776325,0,5.763647998
219.998,0,507.1261577,0,5.801089851
220.131,0,507.319973,0,5.91817626
220.264,0,507.6246745,0,6.013062803
220.397,0,507.8804392,0,6.074699298
220.53,0,508.1281073,0,6.075744299
220.663,0,508.4650886,0,5.915524999
220.796,0,508.7029382,0,5.716742398
220.93,0,508.6806482,0,5.543933697
221.062,0,508.4998086,0,5.472855967
221.195,0,508.3725107,0,5.455561239
221.328,0,508.4809343,0,5.448718008
221.461,0,508.5701686,0,5.443015628
221.594,0,508.6036405,0,5.468844895
221.727,0,508.7172366,0,5.511398235
221.86,0,508.7518322,0,5.625373402
221.993,0,508.6976293,0,5.785376141
222.126,0,508.5275389,0,5.927207089
222.259,0,508.4037197,0,5.996891801
222.392,0,508.2831713,0,6.005049072
222.525,0,508.3304862,0,5.984301221
222.658,0,508.306792,0,5.959914876
222.791,0,508.2724764,0,5.937365467
222.924,0,508.2536038,0,5.953165584
223.057,0,508.4328281,0,6.159735122
223.19,0,509.016224,0,6.291298047
223.323,0,510.0425928,0,6.094765483
223.456,0,510.6838398,0,5.969743949
223.59,0,510.8099282,0,5.892330699
223.722,0,510.7781638,0,5.820886067
223.855,0,510.8909229,0,5.775610826
223.988,0,511.1107803,0,5.781563119
224.121,0,511.2249484,0,5.812531549
224.254,0,511.1942069,0,5.865877189
224.387,0,511.1003585,0,5.957638538
224.52,0,510.8940175,0,5.997687656
224.653,0,510.6635035,0,5.934934417
224.786,0,510.5828608,0,5.760819899
224.919,0,511.3673362,0,5.990720843
225.053,0,512.1336943,0,6.099165552
225.185,0,512.8265509,0,6.159438421
225.318,0,513.1398634,0,6.177215598
225.451,0,513.3204169,0,6.040930474
225.584,0,513.3539756,0,5.741061279
225.717,0,513.4741735,0,5.604235939
225.85,0,513.5797429,0,5.668680704
225.983,0,513.9898202,0,5.900587199
226.116,0,514.3871555,0,6.055583674
226.249,0,514.5865243,0,6.132638246
226.382,0,514.5459274,0,6.075652587
226.516,0,514.4717373,0,5.991831148
226.65,0,514.6046941,0,5.928040822
226.783,0,514.7500989,0,5.796070938
226.916,0,514.9978691,0,5.659275619
227.049,0,515.3320721,0,5.664737746
227.183,0,515.6044002,0,5.694511657
227.316,0,515.9424287,0,5.669468463
227.448,0,516.0661315,0,5.534689758
227.582,0,516.0580862,0,5.435184096
227.714,0,516.1230547,0,5.463498511
227.846,0,516.2310316,0,5.50740573
227.98,0,516.3618744,0,5.543193189
228.113,0,516.4656331,0,5.597101307
228.246,0,516.5517709,0,5.626394227
228.379,0,516.6517374,0,5.60768762
228.512,0,517.0198192,0,5.528596404
228.645,0,517.5144484,0,5.526275009
228.778,0,517.9076171,0,5.539707092
228.911,0,518.4839314,0,5.760811504
229.044,0,519.1625748,0,6.158730757
229.177,0,519.7333286,0,6.325056613
229.31,0,520.2266852,0,6.268366294
229.443,0,520.4510473,0,6.101823351
229.576,0,520.791357,0,6.128430275
229.709,0,521.2711586,0,6.309816787
229.842,0,521.7856892,0,6.481115187
229.975,0,522.1184309,0,6.589543985
230.108,0,522.4277767,0,6.594507969
230.241,0,522.6598807,0,6.541019528
230.374,0,522.7987826,0,6.421798835
230.507,0,523.1052558,0,6.327361607
230.64,0,523.5781944,0,6.234263448
230.773,0,523.8860572,0,6.239341741
230.906,0,524.1148645,0,6.223863607
231.039,0,524.2444011,0,6.311402255
231.172,0,524.4698526,0,6.46025796
231.305,0,524.7437622,0,6.550481863
231.438,0,525.0195247,0,6.579548377
231.571,0,525.0889078,0,6.537435495
231.704,0,525.0650216,0,6.471577153
231.837,0,524.9965748,0,6.419607318
231.97,0,524.953003,0,6.386607411
232.103,0,525.0254742,0,6.31651127
232.236,0,525.1702863,0,6.206404201
232.369,0,525.3918009,0,6.068281424
232.502,0,525.6427,0,5.929285452
232.635,0,525.8689321,0,5.818215298
232.768,0,526.0713095,0,5.72990479
232.901,0,526.4117461,0,5.685365741
233.034,0,526.7259208,0,5.676646641
233.167,0,526.8648186,0,5.640525486
233.3,0,526.9638418,0,5.626111218
233.433,0,527.0233616,0,5.625768762
233.566,0,527.0217012,0,5.644307085
233.699,0,527.1802731,0,5.658326318
233.832,0,527.4521949,0,5.686666697
233.965,0,527.6777554,0,5.732473939
234.098,0,527.8354267,0,5.741316613
234.231,0,527.9839739,0,5.671487158
234.364,0,528.1208417,0,5.649617621
234.497,0,528.374396,0,5.596279311
234.63,0,529.2755035,0,5.745038844
234.763,0,530.2584111,0,5.811903324
234.896,0,531.1136389,0,5.801334181
235.029,0,531.5878406,0,5.554196697
235.162,0,532.0416496,0,5.452776609
235.295,0,532.4477674,0,5.46564776
235.428,0,532.6342742,0,5.541642686
235.561,0,532.5957336,0,5.58339652
235.694,0,532.6376683,0,5.52050582
235.827,0,532.6572509,0,5.314266049
235.96,0,532.8388548,0,5.088964193
236.093,0,533.0284836,0,4.864582057
236.226,0,533.1631615,0,4.843351094
236.359,0,533.8776717,0,4.892485268
236.492,0,535.1572442,0,5.008684287
236.626,0,536.2076413,0,5.239782492
236.758,0,536.9112723,0,5.432143818
236.891,0,537.0780516,0,5.568709664
237.024,0,536.9785424,0,5.70963988
237.157,0,536.8340083,0,5.78149777
237.29,0,536.7686268,0,5.779601096
237.423,0,536.6169323,0,5.626838386
237.556,0,536.6684917,0,5.487548122
237.689,0,536.7074751,0,5.464405938
237.822,0,536.9295802,0,5.455041753
237.955,0,537.0398274,0,5.433086516
238.088,0,536.9382733,0,5.349860996
238.221,0,536.7975148,0,5.248075366
238.354,0,537.1362296,0,5.079680117
238.487,0,537.7146355,0,4.936576984
238.62,0,537.9895284,0,4.868284159
238.753,0,537.9141008,0,4.770883631
238.886,0,538.0536789,0,4.667017118
239.019,0,538.8666869,0,4.749705587
239.152,0,539.9541113,0,4.89315042
239.285,0,540.8600657,0,5.020670378
239.418,0,542.0102018,0,5.293165327
239.551,0,542.7451565,0,5.448449503
239.684,0,543.1892238,0,5.383614117
239.817,0,543.3121526,0,5.253433366
239.95,0,543.7429839,0,5.268637756
240.083,0,544.0355808,0,5.205108166
240.216,0,544.5647554,0,5.325104432
240.349,0,544.7849844,0,5.330588289
240.482,0,544.5883647,0,5.336460465
240.615,0,544.3480417,0,5.270882998
240.749,0,544.336608,0,5.261021008
240.881,0,545.0576867,0,5.475088442
241.014,0,546.155229,0,5.646528027
241.147,0,547.2231977,0,5.792103718
241.28,0,548.1515039,0,5.74326739
241.414,0,548.8134208,0,5.693201013
241.547,0,549.4722052,0,5.713097368
241.68,0,550.0884404,0,5.677659188
241.813,0,550.2801718,0,5.624140227
241.946,0,550.0713209,0,5.573117739
242.079,0,549.6428148,0,5.501230234
242.212,0,549.0589715,0,5.439115162
242.345,0,548.5944821,0,5.381855475
242.478,0,548.4957407,0,5.317842736
242.611,0,548.8177756,0,5.268382538
242.744,0,549.2515142,0,5.261957915
242.877,0,549.5815077,0,5.34134347
243.01,0,549.77524,0,5.350297459
243.143,0,549.808754,0,5.248936449
243.276,0,549.7621391,0,5.087573763
243.409,0,549.6057229,0,5.029524152
243.542,0,549.7106987,0,4.964358574
243.675,0,550.2287298,0,4.935067426
243.808,0,550.8468881,0,4.945491149
243.941,0,551.5718691,0,4.995868384
244.074,0,552.1195168,0,4.976836922
244.207,0,552.6197753,0,4.848960323
244.34,0,552.7761752,0,4.67709724
244.473,0,552.9399478,0,4.50885747
244.606,0,553.3280162,0,4.510081587
244.739,0,554.3412486,0,4.887967512
244.872,0,555.1791072,0,5.074229738
245.005,0,555.6528253,0,5.154360861
245.138,0,555.8721354,0,5.272856502
245.271,0,555.845474,0,5.357452452
245.404,0,555.7726946,0,5.339780674
245.537,0,555.9024207,0,5.214766796
245.67,0,556.0548427,0,5.112579792
245.803,0,556.4384431,0,5.102853362
245.936,0,556.9397321,0,5.097559714
246.069,0,557.2463649,0,4.92862254
246.202,0,557.2064545,0,4.777976843
246.335,0,556.914976,0,4.623396764
246.468,0,556.6389123,0,4.257803875
246.601,0,556.8368986,0,4.270834873
246.734,0,557.345993,0,4.40158961
246.867,0,558.0008839,0,4.644573586
247,0,558.7924692,0,4.928061307
247.133,0,559.5854223,0,5.012212425
247.266,0,560.2311727,0,5.019215849
247.399,0,561.2445402,0,5.159876243
247.532,0,562.0759055,0,5.21826381
247.665,0,562.6738456,0,5.190679918
247.798,0,563.4393926,0,5.35618061
247.931,0,564.0382697,0,5.353072358
248.064,0,564.5682841,0,5.28579553
248.197,0,564.8533863,0,5.211006097
248.33,0,564.9393428,0,5.246739962
248.463,0,564.9223842,0,5.254192524
248.596,0,564.7792519,0,5.214451192
248.729,0,564.7234641,0,5.162053717
248.862,0,564.6906935,0,5.172212565
248.995,0,564.907787,0,5.179008237
249.128,0,565.2049633,0,5.215285685
249.261,0,565.7050459,0,5.144944319
249.394,0,566.7316014,0,5.245077348
249.527,0,567.8811409,0,5.305699251
249.66,0,569.1765757,0,5.51521993
249.793,0,569.4975966,0,5.618346455
249.926,0,569.8644432,0,5.790018714
250.059,0,570.4680119,0,5.783151088
250.192,0,571.209051,0,5.869763969
250.325,0,572.7201046,0,6.038201071
250.458,0,573.9293178,0,6.22218753
250.591,0,574.9534414,0,6.430654552
250.724,0,575.2639133,0,6.407768055
250.857,0,575.0180025,0,6.279819525
250.99,0,574.1852371,0,6.224128653
251.123,0,573.4852365,0,6.15860489
251.256,0,573.8693695,0,6.171985998
251.389,0,574.6202901,0,6.292534913
251.522,0,574.696101,0,6.091842434
251.655,0,574.1023129,0,5.960313324
251.788,0,573.7735712,0,5.920149642
251.921,0,573.9454389,0,5.843327561
252.054,0,574.3954255,0,5.96166587
252.187,0,575.0847776,0,6.124578525
252.321,0,576.0212951,0,6.304072512
252.454,0,575.9744109,0,6.209820109
252.586,0,575.0605898,0,6.013635662
252.719,0,574.3595388,0,5.873233315
252.852,0,574.2227739,0,5.757667548
252.985,0,574.2483051,0,5.567056816
253.118,0,573.8038447,0,5.343462974
253.251,0,573.8855146,0,5.332380774
253.384,0,574.8754841,0,5.543123551
253.517,0,576.0241835,0,5.621517087
253.651,0,576.4481752,0,5.516465232
253.784,0,576.9339928,0,5.61423844
253.916,0,577.1954919,0,5.864469527
254.049,0,577.3413851,0,6.072148364
254.182,0,577.7770043,0,6.101417581
254.316,0,578.2687572,0,6.111404268
254.449,0,578.7510204,0,6.055497674
254.582,0,579.1587177,0,5.996491529
254.715,0,579.3541844,0,5.983446874
254.847,0,579.2523404,0,6.054800341
254.981,0,579.5220819,0,6.360563121
255.114,0,579.7421678,0,6.427985112
255.247,0,579.7836272,0,6.333080102
255.38,0,580.1564642,0,6.355102534
255.513,0,580.8463001,0,6.388307129
255.646,0,581.6748994,0,6.305988274
255.779,0,581.9882303,0,5.979626885
255.912,0,582.366989,0,6.008005037
256.045,0,582.7843883,0,6.165050791
256.178,0,583.1434255,0,6.165109366
256.311,0,583.4713132,0,6.019256889
256.444,0,584.25214,0,6.225694055
256.577,0,584.8509465,0,6.451935136
256.71,0,585.019423,0,6.603217559
256.843,0,585.2723287,0,6.748426752
256.976,0,585.7896241,0,6.644213274
257.109,0,587.0050821,0,6.85672612
257.242,0,587.6965649,0,6.743815017
257.375,0,588.1505449,0,6.934162997
257.508,0,588.317621,0,7.099835452
257.641,0,587.4869321,0,6.781055742
257.774,0,587.2596679,0,6.805058744
257.907,0,587.1837917,0,7.018675287
258.04,0,587.3825963,0,7.268882292
258.173,0,587.5021823,0,7.490353657
258.306,0,587.704419,0,7.593213857
258.439,0,587.970325,0,7.627909253
258.572,0,588.9462857,0,7.689394902
258.705,0,590.2613833,0,7.769738257
258.838,0,591.2251482,0,7.837235219
258.971,0,591.6933337,0,7.877117324
259.104,0,592.0046248,0,7.822823658
259.237,0,591.911687,0,7.691886627
259.37,0,591.9916825,0,7.601590745
259.503,0,592.0969674,0,7.52710567
259.769,0,591.9236653,0,7.451130155
259.902,0,591.8952975,0,7.616202026
260.035,0,592.1771366,0,7.701359735
260.168,0,593.2167722,0,7.754969937
260.301,0,594.7064803,0,7.901983788
260.434,0,595.7536053,0,7.992499695
260.567,0,596.3965231,0,8.144586178
260.7,0,596.8185507,0,8.267541964
260.833,0,596.8752145,0,8.213585141
260.966,0,596.9476409,0,8.158029613
261.099,0,597.0656799,0,8.177297293
261.232,0,597.2758166,0,8.196871053
261.365,0,597.6102596,0,8.243286309
261.498,0,597.9100873,0,8.333145445
261.631,0,597.8427047,0,8.324634401
261.764,0,597.6426425,0,8.298606333
261.897,0,597.6466747,0,8.416096197
262.03,0,597.8911719,0,8.601071008
262.163,0,598.4683675,0,8.796915633
262.296,0,599.3131037,0,8.959490862
262.429,0,600.1999901,0,9.140706557
262.562,0,600.8218565,0,9.152470149
262.695,0,601.3928514,0,9.197818142
262.829,0,601.9452473,0,9.322399042
262.961,0,602.1790273,0,9.370698154
263.094,0,602.2078531,0,9.406509288
263.227,0,602.0754336,0,9.485941361
263.36,0,602.0685098,0,9.666524111
263.493,0,601.9303065,0,9.838898254
263.626,0,601.6661918,0,9.926075544
263.759,0,601.956054,0,9.963472465
263.892,0,602.6622626,0,9.970437928
264.025,0,603.0932186,0,9.971167094
264.158,0,603.6107773,0,9.929197029
264.291,0,603.7606723,0,9.975869039
264.424,0,603.5651624,0,10.21879467
264.557,0,603.9133924,0,10.28438445
264.69,0,604.1726074,0,10.26813346
264.823,0,604.5327008,0,10.21290227
264.956,0,604.9283599,0,10.21610085
265.089,0,605.305512,0,10.24683241
265.222,0,605.6383439,0,10.28152148
265.355,0,605.4780741,0,10.38281542
265.488,0,605.6238581,0,10.47994326
265.621,0,606.0321821,0,10.55034634
265.754,0,606.4511651,0,10.61356165
265.887,0,606.9648859,0,10.71887023
266.02,0,607.6951953,0,10.90089312
266.153,0,608.9639946,0,11.06175937
266.286,0,610.2157495,0,11.23338203
266.419,0,611.3290425,0,11.40388803
266.552,0,612.6329646,0,11.46638694
266.685,0,613.9505686,0,11.51797031
266.819,0,614.8494327,0,11.538551
266.951,0,615.2995192,0,11.52973708
267.084,0,615.6278267,0,11.48171704
267.218,0,615.9719322,0,11.74308833
267.351,0,616.2856391,0,11.76894039
267.484,0,616.8026396,0,11.89772163
267.616,0,617.0084743,0,12.0514151
267.75,0,617.1442874,0,12.219249
267.883,0,617.5920698,0,12.36736593
268.016,0,617.9915905,0,12.49021549
268.149,0,618.3277137,0,12.63698535
268.281,0,618.884021,0,12.73334721
268.415,0,619.8650662,0,12.65555984
268.548,0,621.3380855,0,12.52552974
268.681,0,622.6335068,0,12.31302857
268.814,0,623.5671308,0,12.34270409
268.947,0,624.1275809,0,12.22832435
269.08,0,624.4129353,0,12.19193803
269.213,0,624.4261645,0,12.1857488
269.346,0,624.1294573,0,12.11519373
269.479,0,623.7397717,0,12.04458384
269.612,0,623.561648,0,12.27057271
269.745,0,623.4445332,0,12.5025763
269.878,0,623.4666199,0,12.53067105
270.011,0,624.4455008,0,12.58583414
270.144,0,625.7108992,0,12.66265032
270.277,0,626.8491378,0,12.66323685
270.41,0,627.9404731,0,12.73364864
270.543,0,629.2044398,0,12.77530379
270.676,0,630.5308836,0,12.8749827
270.809,0,631.4389971,0,13.22927872
270.942,0,631.8123006,0,13.48029805
271.075,0,632.3939984,0,13.79298219
271.208,0,633.119647,0,14.17191515
271.341,0,634.0353948,0,14.54483944
271.474,0,634.9554367,0,14.91899109
271.607,0,635.5356982,0,15.18326125
271.74,0,636.0968011,0,15.26149501
271.873,0,636.6973739,0,15.2546136
272.006,0,637.0205719,0,15.00949571
272.139,0,637.8730746,0,14.81508121
272.272,0,638.9508052,0,14.77266081
272.405,0,640.4065128,0,15.10314508
272.538,0,641.6851303,0,15.26162725
272.671,0,642.4578004,0,15.47721867
272.804,0,643.0902992,0,15.82176371
272.937,0,643.8218219,0,16.02537105
273.07,0,645.2050747,0,16.05411577
273.203,0,646.4271952,0,16.10775114
273.336,0,647.3036308,0,16.29769891
273.469,0,648.0827519,0,16.45321919
273.602,0,648.984803,0,16.4628137
273.735,0,649.6983211,0,16.32043527
273.868,0,650.5363436,0,16.02757755
274.001,0,651.7375265,0,16.15670483
274.134,0,653.658531,0,16.52275723
274.267,0,655.7332312,0,16.98997918
274.4,0,656.7656628,0,17.35599965
274.533,0,657.4608661,0,17.62497084
274.666,0,658.3927578,0,17.95908925
274.799,0,658.5045818,0,18.15905436
274.932,0,657.987522,0,17.9924289
275.065,0,656.7889897,0,17.51354359
275.198,0,657.152352,0,17.56566833
275.331,0,657.7632569,0,17.77225366
275.464,0,658.1773429,0,17.86011404
275.597,0,658.7069144,0,18.12176692
275.73,0,659.0763722,0,18.39759671
275.863,0,660.0824946,0,18.46967159
275.996,0,661.3507225,0,18.44315855
276.129,0,662.5641294,0,18.58301892
276.262,0,663.6226911,0,18.64182473
276.395,0,664.7856613,0,18.94615066
276.528,0,666.0691512,0,19.23252102
276.661,0,667.2864128,0,19.48265956
276.794,0,668.6621464,0,19.63868056
276.927,0,670.1809195,0,19.89637946
277.06,0,671.3642358,0,20.28210163
277.193,0,672.427015,0,20.45859939
277.326,0,673.5147156,0,20.48740006
277.459,0,674.2233358,0,20.31887259
277.592,0,675.1118288,0,20.05605996
277.725,0,675.9343616,0,20.02987589
277.858,0,676.7173062,0,20.0951641
277.991,0,676.844454,0,19.90022712
278.124,0,676.9155291,0,19.79439989
278.257,0,676.2225172,0,19.45692908
278.39,0,675.5036001,0,18.84934817
278.523,0,676.423483,0,18.48630826
278.656,0,677.4008279,0,18.56764943
278.789,0,678.2221789,0,18.81382459
278.922,0,677.9645657,0,19.14151334
279.055,0,679.3503026,0,19.69905675
279.188,0,679.7198205,0,19.39299514
279.321,0,681.3906896,0,19.55407934
279.454,0,683.0525217,0,19.8082211
279.587,0,683.7855069,0,19.99308822
279.72,0,685.057998,0,20.29196875
279.853,0,684.282227,0,20.19582751
279.986,0,685.6480937,0,20.25423775
280.119,0,687.3352039,0,20.42983931
280.252,0,686.7099933,0,19.6313091
280.385,0,685.5617284,0,19.47032547
280.519,0,687.8755036,0,19.95829501
280.651,0,689.562367,0,20.37443676
280.785,0,690.5000148,0,20.79427214
280.918,0,692.5067706,0,20.6099976
281.05,0,693.5990037,0,20.6289809
281.184,0,696.9723938,0,20.28046112
281.317,0,700.1173506,0,20.03084171
281.45,0,701.3245089,0,20.08288928
281.583,0,701.9674746,0,19.85912165
281.716,0,702.0097024,0,19.66561503
281.849,0,700.9784665,0,19.41153644
281.982,0,700.598049,0,19.0068063
282.115,0,701.7243127,0,18.70459199
282.248,0,702.7215086,0,19.02033388
282.381,0,703.4491915,0,19.36636884
282.514,0,706.0832814,0,19.08066542
282.647,0,709.3080794,0,19.26072385
282.78,0,711.3642079,0,19.68352208
282.913,0,713.4921279,0,20.10575209
283.046,0,715.101709,0,20.05608005
283.179,0,715.2600282,0,20.01160938
283.312,0,714.2956448,0,19.8743738
283.445,0,714.9696392,0,19.77106949
283.578,0,716.2728243,0,19.56269807
283.711,0,717.0952152,0,19.47098814
283.844,0,718.5088898,0,19.50923829
283.977,0,720.62831,0,19.43709107
284.11,0,721.0908026,0,19.41691274
284.243,0,722.2935857,0,18.93117142
284.376,0,722.4065664,0,19.63921754
284.509,0,722.8103231,0,20.32621183
284.642,0,723.4039873,0,20.76302182
284.775,0,725.0248836,0,20.23260753
284.908,0,726.6779397,0,19.95864389
285.041,0,726.5569427,0,19.93490903
285.174,0,729.403339,0,19.23630991
285.307,0,731.0421036,0,19.20935014
285.44,0,730.3566408,0,20.06712714
285.573,0,728.1223258,0,19.82742179
285.706,0,725.0664882,0,19.67790026
285.839,0,724.3945042,0,19.30065265
285.972,0,724.3371292,0,19.19382676
286.105,0,724.327075,0,18.989511
286.238,0,724.2944333,0,18.83022111
286.371,0,724.3468,0,19.12780984
286.504,0,725.0460625,0,19.41668085
286.637,0,726.6155208,0,19.65437292
286.77,0,728.8517672,0,19.92267618
286.903,0,735.6851776,0,18.85464799
287.036,0,736.9330187,0,18.47527042
287.169,0,738.11119,0,18.18015155
287.302,0,738.5613427,0,18.62137005
287.435,0,740.9183368,0,19.52522706
287.568,0,741.9677844,0,19.46398951
287.701,0,743.6927769,0,18.82410261
287.834,0,741.164006,0,18.3838819
287.967,0,742.0341103,0,17.90280332
288.1,0,742.3147394,0,17.61432538
288.233,0,743.5478941,0,17.93789092
288.366,0,746.8932207,0,17.74006147
288.499,0,748.4875926,0,17.14302128
288.632,0,750.9625244,0,17.09726147
288.765,0,749.6710054,0,16.80033392
288.898,0,747.1160592,0,15.14773091
289.031,0,745.4872421,0,14.68415041
289.164,0,749.5601841,0,15.07754645
289.297,0,750.7485033,0,15.46491612
289.43,0,750.5777811,0,14.87116343
289.563,0,753.1985025,0,14.57584741
289.696,0,753.4137897,0,14.90558588
289.829,0,755.0748106,0,14.76285923
289.962,0,755.5865795,0,14.71363529
290.095,0,756.2456901,0,14.78574183
290.228,0,757.9837227,0,14.99434071
290.361,0,759.9331168,0,14.59662461
290.494,0,761.6072192,0,14.06587724
290.627,0,761.5927457,0,14.14227028
290.76,0,760.7083764,0,13.36818681
290.893,0,758.3178689,0,12.63416816
291.026,0,755.8136189,0,12.49344731
291.159,0,755.3001141,0,12.92151687
291.292,0,753.8618252,0,13.82031792
291.425,0,751.1056665,0,14.72993975
291.558,0,748.0915449,0,14.3344231
291.691,0,748.3244319,0,14.11425432
291.824,0,752.8054682,0,14.31084664
291.957,0,754.8534163,0,14.42333255
292.09,0,754.1061047,0,14.03392436
292.223,0,753.9086094,0,13.70770087
292.356,0,754.4961587,0,13.38680693
292.489,0,756.1296166,0,13.05295893
292.622,0,757.7943549,0,12.8125566
292.755,0,758.8407,0,12.61730284
292.888,0,759.3197482,0,12.70491458
293.021,0,760.2424302,0,12.22760553
293.154,0,761.8753824,0,12.01332512
293.287,0,762.1561275,0,11.63783455
293.42,0,762.3690521,0,11.66121976
293.553,0,760.9057451,0,11.40548197
293.686,0,758.6024087,0,12.23314472
293.819,0,757.0832564,0,12.2930461
293.953,0,760.0582042,0,12.65900523
294.086,0,758.6369768,0,11.36277659
294.218,0,756.7729568,0,10.31256984
294.352,0,756.7851035,0,9.533576026
294.485,0,756.5569365,0,9.362088671
294.617,0,759.3694423,0,9.774315599
294.751,0,762.4271534,0,9.352052478
294.884,0,765.7067958,0,9.952149402
295.017,0,766.1125985,0,10.12991432
295.15,0,766.8713042,0,9.050535889
295.282,0,765.9527529,0,8.725936167
295.416,0,766.158959,0,8.94938784
295.549,0,767.3870996,0,9.664650204
295.682,0,769.5501451,0,9.246513285
295.815,0,772.9970145,0,9.590322274
295.948,0,776.8737936,0,10.3372628
296.081,0,777.5849652,0,10.05949266
296.214,0,776.0309517,0,9.424519132
296.347,0,774.5434876,0,8.685340851
296.48,0,774.2964377,0,8.244737933
296.613,0,775.6246899,0,8.306724703
296.746,0,777.4757081,0,8.293193043
296.879,0,778.6836095,0,8.35944295
297.012,0,779.1836107,0,8.889893855
297.145,0,779.0515672,0,8.706510655
297.278,0,777.827749,0,8.317875316
297.411,0,776.2886454,0,7.612454391
297.544,0,775.7410617,0,7.583524753
297.677,0,775.837982,0,8.26978155
297.81,0,775.7220217,0,9.21912586
297.943,0,775.0571912,0,9.106964197
298.076,0,772.2562805,0,8.843979734
298.209,0,771.9253581,0,7.847698354
298.342,0,774.3722559,0,7.275347802
298.475,0,777.2583946,0,7.751282266
298.608,0,779.4527916,0,7.925147103
298.741,0,781.0811735,0,7.510304433
298.874,0,780.0700351,0,7.157727434
299.007,0,780.9780653,0,7.971207667
299.14,0,781.414771,0,8.124737833
299.273,0,782.4239783,0,8.245398838
299.406,0,783.7119775,0,8.716767523
299.539,0,784.9151596,0,9.374779036
299.672,0,785.3647377,0,9.359434544
299.805,0,784.0392792,0,9.270518437
299.938,0,783.5974965,0,9.371130142
300.071,0,782.9324461,0,9.506141765
300.204,0,782.7170423,0,8.855474401
300.337,0,783.5616394,0,8.923017473
300.47,0,784.525763,0,8.972913464
300.603,0,784.7330895,0,8.88638791
300.736,0,783.6760403,0,8.858992893
300.869,0,782.6945484,0,8.18621347
301.002,0,781.8562453,0,7.918869685
301.135,0,785.0211091,0,8.473548434
301.268,0,785.6806131,0,9.304230187
301.401,0,786.4249463,0,9.389452977
301.534,0,784.015178,0,9.037825771
301.667,0,781.5121454,0,9.017731679
301.8,0,781.1368425,0,8.147768184
301.934,0,780.9297236,0,7.480557311
302.066,0,782.6689047,0,7.128545729
302.199,0,784.1384437,0,7.908336584
302.332,0,784.8760681,0,8.308967472
302.465,0,786.4413915,0,8.080348037
302.598,0,787.4299689,0,7.704673296
302.731,0,787.2679607,0,7.677633178
302.864,0,784.9432912,0,7.859056051
302.997,0,782.8502239,0,6.066478441
303.13,0,786.8812799,0,7.221135198
303.263,0,790.7976848,0,8.448648722
303.397,0,792.1366403,0,8.939719675
303.529,0,793.0628377,0,9.13106563
303.662,0,792.4511479,0,8.533104224
303.795,0,792.5280935,0,8.310176091
303.928,0,790.0466897,0,8.471512174
304.061,0,788.2159277,0,7.983313907
304.194,0,787.068144,0,7.341955004
304.327,0,789.2889222,0,7.559247728
304.46,0,789.7954302,0,7.759626302
304.593,0,789.2385907,0,7.174557026
304.726,0,790.3461012,0,7.502547747
304.859,0,791.674567,0,7.597669556
304.992,0,792.9008095,0,7.962157469
305.125,0,793.0663052,0,7.936604686
305.258,0,791.0978971,0,8.118945729
305.391,0,790.889678,0,7.877999788
305.524,0,791.3834225,0,7.588470248
305.657,0,791.7759977,0,7.487293298
305.79,0,793.4287932,0,8.087592335
305.923,0,795.0847607,0,8.199357972
306.056,0,795.2421154,0,7.807982899
306.189,0,794.8232488,0,7.412105298
306.322,0,793.8893185,0,7.259395894
306.455,0,791.7946049,0,7.531168686
306.588,0,791.1108481,0,7.726907022
306.721,0,791.470818,0,8.071224876
306.854,0,792.0384547,0,7.528434215
306.987,0,792.9993572,0,7.479198781
307.121,0,794.5911447,0,7.728283616
307.253,0,794.470155,0,8.202080397
307.386,0,794.3228544,0,7.881656862
307.52,0,792.6590301,0,7.539744587
307.652,0,791.0694229,0,7.256051365
307.785,0,792.9128719,0,7.091450879
307.919,0,793.131468,0,7.418405154
308.051,0,792.9521325,0,8.055295321
308.185,0,791.792438,0,8.11197544
308.318,0,792.1513819,0,7.132955013
308.451,0,791.1113401,0,6.661163429
308.584,0,793.6691079,0,7.004805281
308.717,0,797.4848853,0,7.338264474
308.85,0,798.1376481,0,7.461230881
308.983,0,796.8409416,0,7.087303405
309.116,0,796.3929667,0,6.693520961
309.249,0,797.7607109,0,6.742350405
309.382,0,798.7186543,0,7.023899054
309.515,0,799.6828194,0,7.193547894
309.648,0,800.5577734,0,7.133051641
309.781,0,801.3007462,0,7.030103421
309.914,0,801.0965748,0,7.197561084
310.047,0,799.4400109,0,7.47185274
310.18,0,798.4899513,0,7.553170895
310.313,0,798.5638651,0,7.405031933
310.446,0,799.0712858,0,7.185208549
310.579,0,799.9839769,0,7.113534053
310.712,0,801.1094189,0,6.945985714
310.845,0,801.3627524,0,7.241505408
310.978,0,800.6716583,0,7.324484734
311.111,0,800.0972429,0,7.438290846
311.244,0,798.8503246,0,7.180739824
311.377,0,797.6860466,0,6.722368566
311.51,0,796.5680941,0,6.456108389
311.643,0,796.2785322,0,6.904112418
311.776,0,796.1512474,0,7.197450451
311.909,0,796.4814687,0,7.29291128
312.042,0,796.455019,0,7.040939234
312.175,0,795.8979118,0,6.905661324
312.308,0,795.3753171,0,7.049579288
312.441,0,795.2297129,0,7.207725017
312.574,0,794.6404256,0,6.993704854
312.707,0,793.6551898,0,6.303851692
312.84,0,794.8977412,0,5.968921882
312.973,0,795.9538704,0,6.213966545
313.106,0,797.894422,0,6.447958469
313.239,0,799.0796434,0,6.46341047
313.372,0,799.6102274,0,6.687270833
313.505,0,799.8460267,0,6.75679194
313.638,0,799.5034839,0,6.669988993
313.771,0,799.0070013,0,6.336715855
314.037,0,799.1216195,0,6.460333854
314.17,0,799.443049,0,6.496711469
314.303,0,800.3942928,0,6.468714418
314.436,0,802.2683384,0,6.625060268
314.569,0,803.1888057,0,6.654563739
314.702,0,803.1427168,0,6.647203978
314.835,0,802.2800453,0,6.465071009
314.968,0,801.6368525,0,6.275370517
315.101,0,800.7969471,0,6.189966388
315.234,0,800.9495933,0,6.084977715
315.367,0,801.5882225,0,5.872469404
315.5,0,802.1146635,0,5.551712242
315.633,0,803.4914743,0,5.534123572
315.766,0,804.2192403,0,5.729078666
315.899,0,805.523791,0,5.938452077
316.032,0,806.1757997,0,6.094063599
316.165,0,806.3559494,0,6.096049084
316.298,0,806.0202805,0,5.807440299
316.431,0,804.6133648,0,5.749377323
316.564,0,803.5981382,0,5.753838399
316.697,0,802.9088879,0,5.80251304
316.83,0,801.8696191,0,5.611455888
316.963,0,802.2459261,0,5.577240985
317.096,0,801.901312,0,5.834535397
317.229,0,801.8801453,0,6.165111999
317.362,0,802.4260349,0,6.411267041
317.495,0,803.3780788,0,6.411800325
317.628,0,804.2929579,0,6.27277193
317.761,0,805.0824859,0,6.431805095
317.894,0,805.2149544,0,6.214781742
318.027,0,804.4624473,0,6.397339878
318.16,0,804.7277538,0,6.669109888
318.293,0,805.4419115,0,6.879290427
318.426,0,806.8696951,0,7.116369252
318.559,0,807.367511,0,6.9304738
318.692,0,807.0780797,0,6.653497158
318.825,0,807.2223349,0,6.547330683
318.958,0,807.4365966,0,6.616587285
319.091,0,807.6874113,0,6.585884015
319.224,0,807.8469228,0,6.634760317
319.357,0,808.0734624,0,6.848598044
319.49,0,808.8233239,0,6.850951684
319.623,0,809.7869638,0,6.679903982
319.756,0,810.0337983,0,6.506173096
319.889,0,809.9573281,0,6.47726135
320.023,0,810.3001668,0,6.718998704
320.155,0,809.9906514,0,6.589117167
320.288,0,810.2965027,0,6.903085731
320.422,0,810.8976105,0,7.21193026
320.554,0,811.4404632,0,7.388227876
320.687,0,811.2668609,0,7.381132167
320.82,0,810.917302,0,7.233278942
320.953,0,810.7286475,0,7.122429448
321.087,0,810.7228945,0,7.070736217
321.22,0,810.8896322,0,7.102378525
321.353,0,810.9328685,0,6.805840792
321.486,0,811.0180605,0,6.628211382
321.618,0,812.3908086,0,6.799661499
321.752,0,812.7308199,0,6.729146793
321.885,0,812.7079474,0,6.646396722
322.018,0,812.9552393,0,6.867365407
322.151,0,814.3722196,0,7.640302028
322.284,0,814.7472287,0,7.695416224
322.417,0,815.4404726,0,7.48225466
322.55,0,815.8745743,0,7.30761424
322.683,0,816.6760294,0,7.445800282
322.816,0,816.2491434,0,7.409445323
322.949,0,815.4584846,0,7.3697643
323.082,0,814.9795662,0,7.306149559
323.215,0,814.8613925,0,7.483740191
323.348,0,815.7250091,0,7.844539082
323.481,0,816.6151612,0,7.872870931
323.614,0,817.7702881,0,8.000438047
323.747,0,818.3553466,0,8.007390601
323.88,0,818.1195365,0,7.794653213
324.013,0,818.0316059,0,7.872260901
324.146,0,817.7167454,0,7.783158119
324.279,0,817.8345784,0,7.766329048
324.412,0,818.1214365,0,8.085876218
324.545,0,818.2881956,0,8.044281237
324.678,0,817.023022,0,7.621416746
324.811,0,816.7229123,0,7.626671934
324.944,0,816.6705951,0,7.871658905
325.077,0,816.9119381,0,8.450143316
325.21,0,817.1842871,0,8.461032136
325.343,0,816.8724308,0,8.093234591
325.476,0,816.1287422,0,7.835866102
325.609,0,815.8542561,0,7.722478214
325.742,0,815.7767361,0,7.535388356
325.875,0,815.6159577,0,7.649836251
326.008,0,816.1713419,0,7.802208128
326.141,0,816.7484193,0,7.883806033
326.274,0,817.7816047,0,7.913047386
326.407,0,818.651978,0,7.990340586
326.54,0,819.0627594,0,7.981440175
326.673,0,818.7602163,0,7.871571993
326.806,0,818.5433863,0,7.956887824
326.939,0,818.1441467,0,8.184623072
327.072,0,818.4339269,0,8.374101255
327.205,0,819.2345499,0,8.298711437
327.338,0,819.4662091,0,8.275910241
327.471,0,819.3259942,0,8.254041213
327.604,0,819.3237246,0,8.42982946
327.737,0,818.8974465,0,8.371450483
327.87,0,818.2478537,0,8.217928681
328.003,0,818.351485,0,8.177835616
328.136,0,818.4241342,0,8.177741779
328.269,0,818.1817996,0,8.103938719
328.402,0,817.8641182,0,8.314557978
328.535,0,818.844264,0,8.551476589
328.668,0,820.4630393,0,8.731565839
328.801,0,820.8391542,0,9.015657976
328.934,0,820.0774999,0,9.021302353
329.067,0,819.397456,0,8.832050948
329.2,0,818.8138294,0,8.816724209
329.333,0,818.3599376,0,8.745118897
329.466,0,817.9531863,0,8.847987689
329.599,0,818.1830495,0,8.712178769
329.732,0,818.6833409,0,8.765664962
329.865,0,818.8138273,0,8.758614662
329.998,0,819.422973,0,8.817711668
330.131,0,819.5400053,0,9.04706911
330.264,0,819.7907253,0,9.067923934
330.397,0,819.3364594,0,9.12495391
330.53,0,819.2272834,0,9.255392176
330.663,0,819.2301096,0,9.125779482
330.796,0,819.5016878,0,8.930553845
330.929,0,820.0597078,0,9.198305027
331.062,0,820.225619,0,9.343079325
331.195,0,820.5230295,0,9.537689505
331.328,0,820.3121874,0,9.673173514
331.461,0,819.8547999,0,9.4659445
331.594,0,819.9581791,0,9.454083281
331.727,0,819.7922011,0,9.488371229
331.86,0,819.5960355,0,9.301635838
331.993,0,819.9765519,0,9.081277377
332.126,0,820.2909583,0,8.896665639
332.259,0,820.320518,0,8.880253626
332.392,0,820.2468862,0,9.048034864
332.525,0,819.8312195,0,9.469682224
332.658,0,819.0860546,0,9.488788395
332.791,0,818.8536907,0,9.440377588
332.924,0,819.2798155,0,9.387082032
333.057,0,819.1807498,0,9.401890412
333.19,0,818.7659165,0,9.483240856
333.323,0,818.2723735,0,9.554767341
333.456,0,819.0069409,0,9.310753949
333.589,0,819.1781351,0,9.350151539
333.722,0,818.9254888,0,9.360211024
333.855,0,819.6381015,0,9.43837485
333.988,0,819.436364,0,9.392070367
334.121,0,819.1496354,0,9.747228535
334.254,0,819.1000325,0,9.78541696
334.387,0,819.4322167,0,9.967811475
334.521,0,819.4185183,0,9.863886396
334.654,0,819.5125415,0,9.815823755
334.787,0,820.074855,0,9.78332922
334.92,0,820.108289,0,9.69568182
335.052,0,819.8955885,0,9.939769865
335.186,0,820.147962,0,10.19586688
335.319,0,820.0543858,0,10.28282573
335.452,0,820.775702,0,10.26244184
335.585,0,821.1300311,0,10.13799764
335.718,0,821.3294292,0,10.1388961
335.851,0,821.1610504,0,10.24078386
335.984,0,821.5445982,0,10.20699518
336.117,0,822.1626355,0,9.98315166
336.25,0,821.807848,0,10.22083752
336.383,0,822.2379414,0,10.16393983
336.516,0,822.3294547,0,10.24691216
336.649,0,821.267767,0,10.38503548
336.782,0,821.3015232,0,10.4746085
336.915,0,821.4560634,0,10.41387181
337.048,0,821.680338,0,10.21515186
337.181,0,821.2884566,0,10.25828201
337.314,0,820.5249728,0,10.75687543
337.447,0,820.5593216,0,10.85025349
337.58,0,820.7847525,0,10.68422416
337.713,0,821.5670502,0,11.0161008
337.846,0,821.1082224,0,11.2536944
337.979,0,820.8908996,0,11.13253396
338.112,0,820.6738238,0,11.12470001
338.245,0,820.3725272,0,10.86600572
338.378,0,820.1294133,0,10.62016328
338.511,0,820.0448734,0,10.38835376
338.644,0,819.5528028,0,10.46211014
338.777,0,819.6595008,0,10.91541042
338.91,0,819.2758788,0,11.17297959
339.043,0,819.7017245,0,11.38187628
339.176,0,819.9897431,0,11.48263074
339.309,0,820.3389097,0,11.84619678
339.442,0,819.9983581,0,11.83842058
339.575,0,820.3073038,0,11.64857386
339.708,0,820.2500318,0,11.34434356
339.841,0,820.024935,0,11.22986286
339.974,0,820.6517727,0,11.52906298
340.107,0,821.521678,0,11.51528054
340.24,0,821.5856057,0,11.45700867
340.373,0,820.2987667,0,11.41365316
340.506,0,819.7480499,0,11.52430744
340.639,0,819.1378419,0,11.5575412
340.772,0,819.4791656,0,11.42745829
340.905,0,819.8175715,0,11.34157807
341.038,0,820.2490121,0,11.27634306
341.171,0,820.2241239,0,11.2989249
341.304,0,820.112119,0,11.50845273
341.437,0,819.5760462,0,11.51782041
341.57,0,819.4550595,0,11.65974648
341.703,0,818.959742,0,11.90889426
341.836,0,819.4787862,0,11.96599415
341.969,0,820.1540413,0,12.0259876
342.102,0,819.8667385,0,12.17165375
342.235,0,819.2724626,0,12.28208287
342.368,0,818.2224802,0,12.31839617
342.501,0,818.0320013,0,12.11337181
342.634,0,817.8513727,0,12.14351519
342.767,0,817.6026435,0,12.35937836
342.9,0,817.7975721,0,12.36219877
343.033,0,818.5285327,0,12.4035061
343.166,0,818.5018474,0,12.50514854
343.299,0,817.8322413,0,12.53007793
343.432,0,817.8412856,0,12.50213749
343.565,0,818.5618215,0,12.63029976
343.698,0,818.9305592,0,12.38740161
343.831,0,818.8094827,0,12.09753626
343.964,0,819.0032581,0,12.04051343
344.097,0,818.3843815,0,12.08859536
344.23,0,818.182942,0,12.32345492
344.363,0,817.8405793,0,12.5774542
344.496,0,817.5107385,0,12.62775186
344.629,0,817.3912572,0,12.75171283
344.762,0,817.4294419,0,12.79994342
344.895,0,818.1174651,0,12.6957658
345.028,0,818.1320839,0,12.805269
345.161,0,817.7999513,0,12.55602351
345.294,0,817.6145279,0,12.47511864
345.427,0,817.6878928,0,12.38553755
345.56,0,817.0832285,0,12.4806593
345.693,0,817.6962748,0,12.63491163
345.826,0,817.679353,0,12.58781289
345.959,0,817.2484242,0,12.45775377
346.092,0,817.2893127,0,12.4613551
346.225,0,817.1856858,0,12.49827486
346.358,0,817.2260151,0,12.75223232
346.491,0,817.1732518,0,12.82188595
346.624,0,816.8120742,0,13.41014739
346.757,0,816.8611376,0,13.36505835
346.89,0,816.5954393,0,13.27744792
347.023,0,816.8199591,0,13.35385168
347.156,0,817.0409966,0,13.18406044
347.289,0,817.2015319,0,13.10691579
347.422,0,817.5948408,0,13.0237743
347.556,0,817.271228,0,13.02573536
347.689,0,816.8231244,0,12.9698393
347.821,0,817.0767581,0,12.96877599
347.955,0,817.3582185,0,12.97251759
348.088,0,817.5191577,0,12.85351833
348.221,0,816.317053,0,12.98293827
348.354,0,815.5464813,0,13.22620217
348.487,0,814.735874,0,13.59022558
348.619,0,814.7854225,0,13.59188654
348.753,0,814.8891465,0,13.36845079
348.886,0,814.709045,0,13.43476647
349.019,0,814.6989568,0,13.42072118
349.152,0,814.6770074,0,13.37330623
349.284,0,814.8029817,0,13.4765681
349.418,0,814.7379399,0,13.92594339
349.551,0,814.6197651,0,14.17575661
349.684,0,814.8324094,0,14.02596063
349.817,0,815.2105962,0,14.15827998
349.95,0,815.3646393,0,14.38029656
350.083,0,815.4860202,0,14.45084167
350.216,0,814.4314069,0,14.35694074
350.349,0,813.9874229,0,14.31793879
350.482,0,814.2716028,0,14.34119233
350.615,0,814.192715,0,14.45763091
350.748,0,813.9715665,0,14.57901601
350.881,0,813.709506,0,14.65096854
351.014,0,814.1680275,0,14.85812177
351.147,0,814.4057196,0,15.03744295
351.28,0,814.884581,0,14.82688185
351.413,0,815.0730076,0,15.12123963
351.546,0,814.7247559,0,15.04511327
351.679,0,813.7532339,0,14.90643462
351.812,0,812.9596021,0,14.9683818
351.945,0,813.0172977,0,14.79516077
352.078,0,812.6855174,0,14.58972993
352.211,0,812.2518474,0,14.67768804
352.344,0,812.1445351,0,15.07632234
352.477,0,812.6733726,0,15.80261882
352.61,0,813.0228777,0,15.93938446
352.743,0,813.2781761,0,15.64601187
352.876,0,812.7812331,0,15.48549206
353.009,0,812.8384332,0,15.68141357
353.142,0,812.6650027,0,15.7766291
353.275,0,812.1014672,0,15.61182728
353.408,0,811.7903536,0,15.66495884
353.541,0,811.2346421,0,15.66383008
353.674,0,810.9481544,0,15.49109095
353.807,0,811.4447699,0,15.55503495
353.94,0,811.6927982,0,15.51311122
354.073,0,811.8574795,0,15.69596763
354.206,0,811.8216298,0,15.54862787
354.339,0,812.1769265,0,15.55747706
354.472,0,812.2181492,0,15.61141576
354.605,0,812.2681831,0,15.29271606
354.738,0,812.1352212,0,15.16494941
354.871,0,811.7795388,0,15.38982836
355.004,0,811.4605934,0,15.61681377
355.137,0,811.311318,0,15.31539785
355.27,0,812.010012,0,15.1525828
355.403,0,812.5003999,0,15.08365998
355.536,0,811.549638,0,15.08290433
355.669,0,811.0572838,0,15.27099107
355.802,0,810.841189,0,15.19150452
355.935,0,810.0785085,0,15.26308954
356.068,0,810.1248018,0,15.35359288
356.201,0,810.3982287,0,15.30649789
356.334,0,810.8299476,0,15.52217169
356.467,0,810.4797982,0,15.34599414
356.6,0,810.5582623,0,15.55597777
356.733,0,810.7142446,0,15.95492747
356.866,0,810.9231554,0,15.97941319
357,0,811.1909853,0,15.85971751
357.132,0,811.8340334,0,16.19176528
357.265,0,811.2774718,0,16.09388938
357.398,0,810.5673872,0,16.10289
357.531,0,809.9941338,0,15.90665465
357.664,0,809.5034131,0,15.92902713
357.797,0,809.4713631,0,16.00012137
357.93,0,809.1723456,0,16.25251876
358.063,0,809.0100447,0,16.40932206
358.196,0,808.9490622,0,16.73432241
358.329,0,808.6622033,0,16.66306964
358.462,0,808.5647908,0,16.61790056
358.595,0,808.2880217,0,16.70622464
