Time (s),Temperature (K),HRR (W/g)
0.46,523.5,-0.22
0.92,524.0,-0.16
1.42,524.5,0.1
1.94,525.0,0.23
2.43,525.5,0.25
2.92,526.0,0.22
3.42,526.5,0.17
3.89,527.0,0.31
4.39,527.5,0.47
4.91,528.0,0.57
5.43,528.5,0.71
5.95,529.0,0.6
6.44,529.5,0.97
7.0,530.0,0.65
7.49,530.5,0.52
7.99,531.0,0.43
8.46,531.5,0.49
8.98,532.0,0.81
9.52,532.5,0.71
10.0,533.0,0.68
10.53,533.5,0.75
11.02,534.0,0.82
11.5,534.5,1.0
12.02,535.0,0.63
12.55,535.5,0.69
13.09,536.0,0.66
13.58,536.5,0.38
14.11,537.0,0.62
14.58,537.5,0.73
15.08,538.0,0.81
15.6,538.5,0.62
16.1,539.0,0.64
16.58,539.5,0.5
17.09,540.0,0.56
17.64,540.5,0.62
18.15,541.0,0.8
18.67,541.5,0.8
19.18,542.0,0.63
19.72,542.5,0.92
20.26,543.0,0.69
20.77,543.5,0.6
21.27,544.0,0.72
21.8,544.5,0.77
22.32,545.0,0.59
22.82,545.5,0.71
23.3,546.0,0.72
23.83,546.5,0.52
24.36,547.0,0.41
24.86,547.5,0.58
25.36,548.0,0.65
25.89,548.5,0.71
26.41,549.0,0.58
26.92,549.5,0.73
27.42,550.0,0.74
27.97,550.5,0.99
28.47,551.0,0.56
28.97,551.5,0.55
29.48,552.0,0.79
29.99,552.5,0.57
30.52,553.0,0.84
31.05,553.5,0.64
31.52,554.0,0.98
32.06,554.5,0.94
32.57,555.0,0.62
33.09,555.5,0.62
33.6,556.0,0.83
34.12,556.5,0.69
34.65,557.0,0.73
35.1,557.5,0.67
35.6,558.0,0.58
36.14,558.5,0.76
36.67,559.0,0.73
37.2,559.5,0.82
37.72,560.0,0.86
38.22,560.5,0.77
38.74,561.0,0.69
39.26,561.5,0.77
39.75,562.0,0.83
40.26,562.5,0.79
40.8,563.0,0.61
41.32,563.5,0.45
41.85,564.0,0.48
42.39,564.5,0.45
42.89,565.0,0.58
43.45,565.5,0.47
43.93,566.0,0.27
44.45,566.5,0.38
44.97,567.0,0.42
45.52,567.5,0.67
46.0,568.0,0.65
46.56,568.5,0.87
47.08,569.0,0.76
47.62,569.5,0.81
48.13,570.0,0.86
48.66,570.5,0.82
49.19,571.0,0.95
49.72,571.5,0.87
50.22,572.0,1.02
50.74,572.5,1.07
51.26,573.0,0.97
51.78,573.5,0.88
52.34,574.0,0.91
52.85,574.5,0.92
53.38,575.0,0.98
53.87,575.5,0.85
54.42,576.0,0.71
54.94,576.5,0.82
55.41,577.0,0.72
55.94,577.5,0.87
56.44,578.0,1.0
56.93,578.5,1.05
57.48,579.0,0.97
58.01,579.5,1.02
58.49,580.0,1.05
59.05,580.5,1.16
59.56,581.0,0.95
60.06,581.5,1.13
60.58,582.0,1.18
61.1,582.5,1.15
61.65,583.0,1.06
62.16,583.5,0.77
62.66,584.0,0.81
63.2,584.5,0.89
63.73,585.0,1.0
64.24,585.5,1.01
64.74,586.0,1.08
65.26,586.5,1.16
65.78,587.0,1.2
66.32,587.5,1.18
66.82,588.0,1.16
67.32,588.5,1.2
67.86,589.0,1.48
68.38,589.5,1.53
68.88,590.0,1.78
69.39,590.5,1.81
69.92,591.0,1.71
70.5,591.5,2.03
70.95,592.0,1.99
71.52,592.5,1.96
72.01,593.0,1.88
72.53,593.5,1.92
73.05,594.0,2.1
73.59,594.5,2.29
74.09,595.0,2.23
74.66,595.5,2.27
75.15,596.0,2.27
75.68,596.5,2.23
76.18,597.0,2.25
76.68,597.5,2.52
77.2,598.0,2.61
77.71,598.5,2.48
78.25,599.0,2.33
78.76,599.5,2.57
79.28,600.0,2.66
79.81,600.5,2.61
80.35,601.0,2.75
80.89,601.5,2.84
81.39,602.0,2.85
81.93,602.5,2.99
82.39,603.0,2.86
82.93,603.5,2.84
83.47,604.0,2.61
83.99,604.5,2.71
84.51,605.0,2.71
85.02,605.5,2.76
85.54,606.0,3.05
86.08,606.5,2.99
86.58,607.0,2.74
87.12,607.5,2.8
87.63,608.0,2.8
88.15,608.5,2.98
88.66,609.0,3.0
89.2,609.5,3.01
89.73,610.0,3.07
90.23,610.5,2.93
90.77,611.0,3.17
91.32,611.5,3.37
91.83,612.0,3.33
92.35,612.5,3.44
92.92,613.0,3.56
93.41,613.5,3.45
93.91,614.0,3.51
94.47,614.5,3.47
94.99,615.0,3.59
95.56,615.5,3.91
96.09,616.0,3.96
96.6,616.5,3.96
97.08,617.0,4.14
97.58,617.5,4.03
98.13,618.0,3.96
98.65,618.5,4.25
99.16,619.0,4.38
99.71,619.5,4.47
100.23,620.0,4.33
100.76,620.5,4.37
101.29,621.0,4.46
101.81,621.5,4.58
102.32,622.0,4.68
102.84,622.5,4.48
103.39,623.0,4.48
103.93,623.5,4.68
104.46,624.0,4.66
105.0,624.5,5.16
105.46,625.0,5.27
106.04,625.5,5.4
106.56,626.0,5.48
107.1,626.5,5.71
107.6,627.0,5.83
108.14,627.5,5.97
108.66,628.0,6.09
109.18,628.5,6.21
109.71,629.0,6.37
110.23,629.5,6.53
110.74,630.0,6.82
111.26,630.5,7.03
111.79,631.0,7.13
112.34,631.5,7.45
112.87,632.0,7.77
113.38,632.5,8.0
113.88,633.0,8.22
114.41,633.5,8.52
114.93,634.0,8.68
115.44,634.5,9.2
116.0,635.0,9.61
116.54,635.5,10.0
117.04,636.0,10.42
117.5,636.5,10.75
118.03,637.0,11.44
118.5,637.5,11.74
119.08,638.0,12.42
119.61,638.5,12.83
120.09,639.0,13.3
120.62,639.5,14.18
121.15,640.0,14.87
121.67,640.5,15.61
122.2,641.0,16.63
122.71,641.5,17.58
123.22,642.0,18.31
123.73,642.5,19.15
124.22,643.0,20.3
124.72,643.5,21.67
125.23,644.0,23.02
125.74,644.5,24.35
126.31,645.0,25.89
126.82,645.5,27.31
127.32,646.0,28.81
127.83,646.5,30.28
128.34,647.0,31.76
128.88,647.5,33.3
129.39,648.0,35.1
129.91,648.5,36.77
130.41,649.0,38.07
130.9,649.5,39.85
131.46,650.0,41.43
131.94,650.5,43.24
132.49,651.0,45.1
132.97,651.5,46.98
133.53,652.0,49.3
134.05,652.5,51.54
134.57,653.0,53.81
135.08,653.5,55.95
135.55,654.0,58.19
136.07,654.5,60.13
136.58,655.0,62.1
137.14,655.5,64.01
137.62,656.0,65.64
138.08,656.5,67.43
138.61,657.0,69.6
139.1,657.5,71.65
139.6,658.0,73.69
140.14,658.5,76.08
140.65,659.0,78.49
141.16,659.5,81.05
141.66,660.0,83.53
142.17,660.5,85.82
142.65,661.0,88.12
143.12,661.5,90.67
143.65,662.0,93.4
144.17,662.5,95.86
144.66,663.0,98.64
145.15,663.5,101.79
145.68,664.0,105.14
146.18,664.5,108.91
146.66,665.0,112.68
147.19,665.5,116.95
147.72,666.0,121.72
148.23,666.5,126.69
148.74,667.0,131.8
149.24,667.5,137.02
149.73,668.0,142.43
150.25,668.5,148.1
150.77,669.0,153.86
151.29,669.5,159.83
151.8,670.0,165.62
152.32,670.5,171.55
152.86,671.0,178.39
153.38,671.5,185.13
153.86,672.0,192.0
154.37,672.5,199.58
154.89,673.0,207.57
155.39,673.5,215.4
155.9,674.0,224.12
156.41,674.5,233.13
156.94,675.0,242.29
157.49,675.5,252.55
158.02,676.0,262.72
158.45,676.5,271.28
158.99,677.0,281.96
159.51,677.5,292.89
160.01,678.0,303.52
160.54,678.5,315.21
161.08,679.0,327.25
161.58,679.5,338.79
162.11,680.0,351.79
162.65,680.5,364.97
163.15,681.0,377.58
163.67,681.5,391.33
164.19,682.0,405.31
164.7,682.5,419.59
165.21,683.0,434.13
165.72,683.5,449.23
166.24,684.0,464.85
166.76,684.5,480.73
167.33,685.0,498.71
167.82,685.5,513.94
168.31,686.0,529.59
168.84,686.5,546.6
169.39,687.0,564.76
169.9,687.5,582.22
170.4,688.0,599.01
170.95,688.5,617.69
171.46,689.0,635.97
171.97,689.5,654.1
172.48,690.0,672.36
173.0,690.5,691.12
173.48,691.0,708.48
174.04,691.5,728.48
174.56,692.0,747.13
175.11,692.5,766.88
175.67,693.0,786.62
176.2,693.5,805.38
176.75,694.0,824.33
177.27,694.5,842.11
177.79,695.0,859.87
178.32,695.5,877.54
178.81,696.0,893.24
179.3,696.5,908.46
179.83,697.0,924.55
180.34,697.5,939.59
180.88,698.0,954.45
181.47,698.5,970.06
181.98,699.0,982.95
182.49,699.5,995.23
183.0,700.0,1006.41
183.49,700.5,1016.06
184.06,701.0,1026.45
184.59,701.5,1034.9
185.11,702.0,1041.77
185.72,702.5,1048.09
186.28,703.0,1052.73
186.81,703.5,1055.54
187.33,704.0,1056.95
187.86,704.5,1057.08
188.41,705.0,1055.32
188.91,705.5,1052.31
189.4,706.0,1047.72
189.93,706.5,1041.19
190.52,707.0,1031.88
190.97,707.5,1023.13
191.52,708.0,1010.7
192.04,708.5,997.7
192.55,709.0,982.89
193.07,709.5,966.16
193.59,710.0,947.48
194.09,710.5,928.62
194.6,711.0,907.71
195.11,711.5,885.24
195.66,712.0,859.71
196.15,712.5,835.99
196.63,713.0,811.73
197.17,713.5,784.15
197.68,714.0,756.4
198.2,714.5,727.87
198.72,715.0,699.2
199.2,715.5,672.18
199.65,716.0,646.45
200.16,716.5,617.91
200.69,717.0,588.03
201.16,717.5,561.84
201.63,718.0,535.79
202.13,718.5,509.16
202.61,719.0,483.64
203.09,719.5,458.66
203.6,720.0,432.73
204.09,720.5,408.0
204.57,721.0,384.88
205.05,721.5,363.17
205.55,722.0,340.59
206.03,722.5,319.91
206.47,723.0,301.74
206.96,723.5,283.13
207.44,724.0,265.08
207.91,724.5,248.7
208.38,725.0,233.19
208.86,725.5,218.14
209.34,726.0,203.78
209.82,726.5,190.66
210.32,727.0,177.81
210.77,727.5,166.88
211.22,728.0,156.56
211.72,728.5,146.23
212.2,729.0,136.93
212.68,729.5,128.29
213.15,730.0,120.34
213.61,730.5,113.22
214.05,731.0,107.0
214.55,731.5,100.29
215.03,732.0,94.72
215.47,732.5,89.79
215.96,733.0,84.47
216.43,733.5,79.75
216.9,734.0,75.19
217.39,734.5,71.26
217.87,735.0,67.37
218.35,735.5,63.92
218.83,736.0,60.3
219.32,736.5,56.97
219.79,737.0,53.9
220.25,737.5,51.12
220.71,738.0,48.56
221.21,738.5,45.93
221.69,739.0,43.44
222.16,739.5,41.34
222.63,740.0,39.38
223.12,740.5,37.63
223.57,741.0,36.05
224.03,741.5,34.25
224.49,742.0,32.65
224.95,742.5,31.15
225.42,743.0,29.79
225.89,743.5,28.58
226.37,744.0,27.06
226.85,744.5,26.07
227.33,745.0,24.94
227.82,745.5,23.78
228.28,746.0,22.82
228.74,746.5,22.01
229.22,747.0,21.21
229.72,747.5,20.49
230.19,748.0,19.78
230.67,748.5,18.95
231.15,749.0,18.31
231.62,749.5,17.68
232.08,750.0,16.91
232.58,750.5,16.3
233.06,751.0,15.81
233.55,751.5,15.2
234.05,752.0,14.41
234.54,752.5,13.89
234.98,753.0,13.5
235.47,753.5,13.08
235.95,754.0,12.62
236.44,754.5,12.22
236.93,755.0,11.83
237.41,755.5,11.6
237.92,756.0,11.17
238.4,756.5,10.6
238.9,757.0,10.35
239.39,757.5,9.94
239.88,758.0,9.57
240.39,758.5,9.45
240.85,759.0,9.22
241.32,759.5,8.89
241.8,760.0,8.68
242.3,760.5,8.46
242.81,761.0,8.49
243.28,761.5,8.38
243.75,762.0,8.18
244.26,762.5,8.08
244.76,763.0,7.89
245.24,763.5,7.69
245.73,764.0,7.67
246.23,764.5,7.57
246.75,765.0,7.2
247.24,765.5,6.98
247.72,766.0,6.89
248.21,766.5,6.84
248.71,767.0,6.75
249.23,767.5,6.71
249.71,768.0,6.68
250.19,768.5,6.59
250.68,769.0,6.49
251.19,769.5,6.38
251.7,770.0,6.39
252.19,770.5,6.18
252.68,771.0,5.86
253.2,771.5,5.78
253.69,772.0,5.71
254.18,772.5,5.77
254.69,773.0,5.61
255.17,773.5,5.39
255.67,774.0,5.3
256.14,774.5,5.36
256.63,775.0,5.32
257.14,775.5,5.09
257.64,776.0,4.96
258.16,776.5,4.91
258.67,777.0,4.73
259.15,777.5,4.72
259.68,778.0,4.77
260.21,778.5,4.7
260.72,779.0,4.64
261.21,779.5,4.61
261.68,780.0,4.67
262.19,780.5,4.73
262.7,781.0,4.64
263.21,781.5,4.4
263.72,782.0,4.42
264.23,782.5,4.52
264.73,783.0,4.52
265.22,783.5,4.47
265.72,784.0,4.31
266.22,784.5,4.23
266.73,785.0,4.23
267.24,785.5,4.1
267.73,786.0,3.8
268.22,786.5,3.52
268.72,787.0,3.51
269.24,787.5,3.7
269.74,788.0,3.68
270.24,788.5,3.7
270.73,789.0,3.58
271.21,789.5,3.35
271.72,790.0,3.4
272.23,790.5,3.52
272.7,791.0,3.32
273.18,791.5,3.3
273.71,792.0,3.41
274.2,792.5,3.41
274.7,793.0,3.18
275.19,793.5,3.08
275.71,794.0,3.25
276.25,794.5,3.39
276.74,795.0,3.3
277.21,795.5,3.22
277.72,796.0,3.19
278.23,796.5,3.11
278.71,797.0,3.04
279.21,797.5,2.95
279.71,798.0,2.79
280.22,798.5,2.73
280.73,799.0,2.7
281.21,799.5,2.79
281.68,800.0,2.59
282.13,800.5,2.52
282.63,801.0,2.47
283.14,801.5,2.26
283.65,802.0,2.38
284.14,802.5,2.3
284.63,803.0,2.25
285.12,803.5,2.24
285.66,804.0,2.18
286.15,804.5,2.18
286.64,805.0,2.24
287.14,805.5,2.28
287.65,806.0,2.27
288.14,806.5,1.97
288.63,807.0,1.81
289.14,807.5,1.79
289.65,808.0,2.04
290.15,808.5,2.11
290.64,809.0,1.99
291.1,809.5,1.71
291.62,810.0,1.75
292.11,810.5,1.86
292.58,811.0,1.74
293.11,811.5,1.9
293.6,812.0,1.82
294.11,812.5,1.89
294.62,813.0,1.81
295.1,813.5,1.9
295.59,814.0,1.83
296.09,814.5,1.72
296.57,815.0,1.85
297.08,815.5,1.8
297.62,816.0,1.56
298.1,816.5,1.81
298.59,817.0,1.74
299.1,817.5,1.45
299.58,818.0,1.5
300.06,818.5,1.65
300.57,819.0,1.7
301.12,819.5,1.72
301.62,820.0,1.59
302.12,820.5,1.5
302.59,821.0,1.64
303.11,821.5,1.71
303.59,822.0,1.84
304.08,822.5,1.73
304.6,823.0,1.61
305.11,823.5,1.65
305.62,824.0,1.67
306.13,824.5,1.73
306.64,825.0,1.74
307.13,825.5,1.71
307.62,826.0,1.82
308.16,826.5,1.86
308.68,827.0,1.74
309.15,827.5,1.51
309.66,828.0,1.53
310.16,828.5,1.52
310.63,829.0,1.61
311.18,829.5,1.68
311.66,830.0,1.74
312.15,830.5,1.69
312.67,831.0,1.75
313.21,831.5,1.8
313.72,832.0,1.83
314.22,832.5,1.95
314.72,833.0,1.86
315.21,833.5,1.81
315.7,834.0,1.81
316.21,834.5,1.87
316.73,835.0,1.84
317.22,835.5,1.84
317.74,836.0,1.91
318.26,836.5,2.0
318.76,837.0,1.96
319.27,837.5,1.93
319.77,838.0,1.98
320.27,838.5,2.2
320.78,839.0,2.3
321.29,839.5,1.98
321.8,840.0,1.78
322.37,840.5,1.82
322.85,841.0,1.93
323.33,841.5,1.85
323.82,842.0,1.62
324.35,842.5,1.54
324.83,843.0,1.48
325.32,843.5,1.29
325.86,844.0,1.37
326.34,844.5,1.32
326.87,845.0,1.32
327.36,845.5,1.3
327.87,846.0,1.26
328.38,846.5,1.57
328.84,847.0,1.76
329.39,847.5,1.27
329.94,848.0,1.14
330.45,848.5,1.44
330.91,849.0,1.64
331.44,849.5,1.71
331.91,850.0,1.62
332.44,850.5,1.62
333.0,851.0,1.58
333.5,851.5,1.73
334.0,852.0,1.64
334.52,852.5,1.65
334.96,853.0,1.57
335.5,853.5,1.59
336.0,854.0,1.56
336.56,854.5,1.52
337.04,855.0,1.51
337.51,855.5,1.27
337.99,856.0,1.26
338.5,856.5,1.01
339.0,857.0,1.28
339.47,857.5,1.08
339.98,858.0,1.19
340.48,858.5,1.35
340.99,859.0,0.96
341.45,859.5,0.72
342.01,860.0,0.69
342.5,860.5,0.68
343.04,861.0,0.55
343.52,861.5,0.61
343.99,862.0,0.51
344.53,862.5,0.36
345.03,863.0,0.17
345.56,863.5,0.66
346.0,864.0,0.59
346.48,864.5,0.48
347.06,865.0,0.31
347.53,865.5,0.53
348.03,866.0,0.61
348.54,866.5,0.33
349.04,867.0,0.58
349.55,867.5,0.81
350.04,868.0,0.55
350.57,868.5,0.57
351.08,869.0,0.43
351.58,869.5,0.24
352.1,870.0,0.41
352.58,870.5,0.16
353.12,871.0,0.41
353.61,871.5,0.26
354.1,872.0,0.13
354.58,872.5,-0.12
355.09,873.0,0.04
355.58,873.5,0.0
356.11,874.0,0.1
356.61,874.5,0.08
357.1,875.0,-0.17
357.6,875.5,-0.18
358.08,876.0,0.04
358.57,876.5,0.16
359.1,877.0,0.39
359.6,877.5,0.53
360.12,878.0,0.35
360.63,878.5,0.28
361.17,879.0,0.08
361.67,879.5,0.09
362.18,880.0,0.19
362.67,880.5,0.35
363.16,881.0,0.5
363.7,881.5,0.57
364.18,882.0,0.74
364.67,882.5,0.8
365.18,883.0,0.71
365.71,883.5,0.75
366.21,884.0,0.81
366.72,884.5,0.84
367.22,885.0,0.84
367.74,885.5,0.87
368.25,886.0,0.76
368.75,886.5,0.64
369.26,887.0,0.8
369.73,887.5,0.94
370.21,888.0,0.87
370.72,888.5,0.68
371.23,889.0,0.63
371.75,889.5,0.77
372.25,890.0,0.82
372.75,890.5,0.86
373.24,891.0,0.84
373.75,891.5,0.78
374.28,892.0,0.9
374.8,892.5,0.78
375.31,893.0,0.75
375.81,893.5,0.79
376.3,894.0,0.74
376.78,894.5,0.71
377.26,895.0,0.77
377.77,895.5,0.93
378.28,896.0,0.98
378.79,896.5,1.0
379.29,897.0,1.04
379.79,897.5,0.96
380.31,898.0,1.04
380.82,898.5,1.13
381.31,899.0,1.02
381.79,899.5,0.99
382.27,900.0,1.13
382.76,900.5,1.01
383.26,901.0,0.82
383.77,901.5,0.95
384.25,902.0,1.01
384.73,902.5,0.92
385.2,903.0,0.75
385.7,903.5,0.69
386.2,904.0,0.76
386.72,904.5,0.7
387.24,905.0,0.7
387.73,905.5,0.59
388.2,906.0,0.41
388.7,906.5,0.29
389.2,907.0,0.42
389.67,907.5,0.45
390.2,908.0,0.56
390.72,908.5,0.53
391.22,909.0,0.41
391.72,909.5,0.36
392.23,910.0,0.35
392.7,910.5,0.32
393.21,911.0,0.43
393.74,911.5,0.41
394.22,912.0,0.29
394.73,912.5,0.17
395.25,913.0,0.25
395.73,913.5,0.3
396.36,914.0,0.06
396.81,914.5,0.1
397.34,915.0,0.17
397.8,915.5,0.14
398.27,916.0,0.12
398.77,916.5,0.13
399.25,917.0,0.06
399.76,917.5,-0.04
400.31,918.0,-0.15
400.79,918.5,-0.31
401.27,919.0,-0.27
401.77,919.5,-0.12
402.27,920.0,-0.15
402.79,920.5,-0.13
403.27,921.0,-0.11
403.76,921.5,-0.16
404.29,922.0,-0.21
404.79,922.5,-0.19
405.27,923.0,-0.07
