Time (s),Temperature (K),Mass (mg),Heat Flow Rate (W/g)
0.0000,298.5000,1.8490,0.0077
19.9849,299.0000,1.8470,0.0067
33.3515,299.5000,1.8480,0.0068
44.0182,300.0000,1.8480,0.0057
53.1241,300.5000,1.8470,0.0058
61.2133,301.0000,1.8475,0.0072
68.5782,301.5000,1.8490,0.0063
75.3649,302.0000,1.8495,0.0076
81.7358,302.5000,1.8499,0.0081
87.7389,303.0000,1.8460,0.0083
93.4753,303.5000,1.8451,0.0087
98.9289,304.0000,1.8450,0.0101
104.1952,304.5000,1.8448,0.0109
109.2546,305.0000,1.8458,0.0114
114.1682,305.5000,1.8465,0.0120
118.9229,306.0000,1.8469,0.0129
123.5909,306.5000,1.8470,0.0145
128.1241,307.0000,1.8460,0.0149
132.5137,307.5000,1.8470,0.0154
136.8443,308.0000,1.8457,0.0161
141.0914,308.5000,1.8470,0.0170
145.2468,309.0000,1.8464,0.0182
149.3302,309.5000,1.8470,0.0191
153.3490,310.0000,1.8468,0.0202
157.2935,310.5000,1.8462,0.0212
161.1966,311.0000,1.8458,0.0223
165.0532,311.5000,1.8450,0.0238
168.8407,312.0000,1.8450,0.0248
172.6011,312.5000,1.8460,0.0258
176.3112,313.0000,1.8463,0.0275
179.9589,313.5000,1.8450,0.0282
183.5869,314.0000,1.8452,0.0299
187.1825,314.5000,1.8437,0.0316
190.7620,315.0000,1.8436,0.0326
194.2803,315.5000,1.8430,0.0338
197.7768,316.0000,1.8440,0.0354
201.2586,316.5000,1.8440,0.0360
204.6872,317.0000,1.8446,0.0378
208.1049,317.5000,1.8440,0.0392
211.4932,318.0000,1.8431,0.0409
214.8649,318.5000,1.8433,0.0420
218.2160,319.0000,1.8430,0.0421
221.5249,319.5000,1.8437,0.0442
224.8424,320.0000,1.8440,0.0451
228.1306,320.5000,1.8412,0.0468
231.3982,321.0000,1.8437,0.0477
234.6395,321.5000,1.8430,0.0496
237.8763,322.0000,1.8430,0.0498
241.0827,322.5000,1.8430,0.0509
244.2856,323.0000,1.8446,0.0521
247.4948,323.5000,1.8440,0.0534
250.6607,324.0000,1.8445,0.0537
253.8182,324.5000,1.8430,0.0546
256.9619,325.0000,1.8430,0.0557
260.0986,325.5000,1.8427,0.0550
263.2246,326.0000,1.8410,0.0566
266.3366,326.5000,1.8410,0.0564
269.4395,327.0000,1.8410,0.0570
272.5192,327.5000,1.8410,0.0582
275.6004,328.0000,1.8410,0.0571
278.6849,328.5000,1.8402,0.0575
281.7622,329.0000,1.8400,0.0571
284.7947,329.5000,1.8400,0.0571
287.8508,330.0000,1.8392,0.0574
290.8849,330.5000,1.8380,0.0566
293.9089,331.0000,1.8370,0.0566
296.9241,331.5000,1.8390,0.0564
299.9330,332.0000,1.8370,0.0552
302.9502,332.5000,1.8381,0.0546
305.9328,333.0000,1.8390,0.0537
308.9182,333.5000,1.8390,0.0531
311.9152,334.0000,1.8410,0.0514
314.9030,334.5000,1.8390,0.0504
317.8618,335.0000,1.8400,0.0483
320.8221,335.5000,1.8390,0.0477
323.7905,336.0000,1.8380,0.0464
326.7405,336.5000,1.8387,0.0438
329.7006,337.0000,1.8380,0.0416
332.6470,337.5000,1.8370,0.0405
335.5702,338.0000,1.8370,0.0381
338.5113,338.5000,1.8380,0.0364
341.4281,339.0000,1.8360,0.0341
344.3502,339.5000,1.8360,0.0318
347.2770,340.0000,1.8350,0.0294
350.2005,340.5000,1.8353,0.0270
353.1031,341.0000,1.8360,0.0252
356.0241,341.5000,1.8350,0.0220
358.9317,342.0000,1.8340,0.0195
361.8262,342.5000,1.8350,0.0165
364.7211,343.0000,1.8340,0.0132
367.6104,343.5000,1.8340,0.0099
370.5039,344.0000,1.8350,0.0075
373.3789,344.5000,1.8360,0.0050
376.2770,345.0000,1.8350,0.0017
379.1701,345.5000,1.8350,-0.0023
382.0476,346.0000,1.8340,-0.0054
384.9278,346.5000,1.8334,-0.0090
387.8125,347.0000,1.8330,-0.0117
390.6842,347.5000,1.8330,-0.0148
393.5553,348.0000,1.8330,-0.0181
396.4221,348.5000,1.8330,-0.0210
399.2967,349.0000,1.8313,-0.0248
402.1652,349.5000,1.8330,-0.0282
405.0144,350.0000,1.8330,-0.0310
407.8811,350.5000,1.8322,-0.0353
410.7405,351.0000,1.8330,-0.0382
413.5852,351.5000,1.8330,-0.0411
416.4525,352.0000,1.8330,-0.0449
419.3211,352.5000,1.8330,-0.0481
422.1797,353.0000,1.8320,-0.0512
425.0296,353.5000,1.8330,-0.0544
427.8696,354.0000,1.8322,-0.0581
430.7293,354.5000,1.8320,-0.0615
433.5823,355.0000,1.8330,-0.0644
436.4406,355.5000,1.8320,-0.0675
439.2823,356.0000,1.8330,-0.0700
442.1404,356.5000,1.8330,-0.0736
444.9710,357.0000,1.8320,-0.0759
447.8353,357.5000,1.8330,-0.0787
450.6751,358.0000,1.8324,-0.0821
453.5154,358.5000,1.8320,-0.0848
456.3611,359.0000,1.8310,-0.0869
459.2069,359.5000,1.8310,-0.0899
462.0411,360.0000,1.8314,-0.0927
464.8868,360.5000,1.8310,-0.0944
467.7314,361.0000,1.8307,-0.0971
470.5733,361.5000,1.8290,-0.1000
473.4275,362.0000,1.8300,-0.1029
476.2490,362.5000,1.8300,-0.1045
479.1088,363.0000,1.8290,-0.1076
481.9390,363.5000,1.8290,-0.1097
484.7805,364.0000,1.8310,-0.1114
487.6201,364.5000,1.8310,-0.1136
490.4691,365.0000,1.8310,-0.1150
493.3086,365.5000,1.8290,-0.1177
496.1439,366.0000,1.8290,-0.1196
498.9937,366.5000,1.8290,-0.1217
501.8182,367.0000,1.8310,-0.1230
504.6582,367.5000,1.8310,-0.1252
507.5071,368.0000,1.8290,-0.1272
510.3472,368.5000,1.8290,-0.1290
513.1737,369.0000,1.8310,-0.1304
516.0182,369.5000,1.8310,-0.1322
518.8525,370.0000,1.8310,-0.1337
521.7015,370.5000,1.8290,-0.1354
524.5476,371.0000,1.8310,-0.1367
527.3738,371.5000,1.8300,-0.1381
530.2011,372.0000,1.8290,-0.1390
533.0415,372.5000,1.8290,-0.1408
535.8855,373.0000,1.8280,-0.1426
538.7211,373.5000,1.8280,-0.1437
541.5584,374.0000,1.8270,-0.1449
544.4009,374.5000,1.8290,-0.1462
547.2293,375.0000,1.8290,-0.1466
550.0705,375.5000,1.8280,-0.1490
552.9079,376.0000,1.8280,-0.1483
555.7490,376.5000,1.8280,-0.1500
558.5759,377.0000,1.8282,-0.1508
561.4182,377.5000,1.8290,-0.1522
564.2410,378.0000,1.8300,-0.1541
567.0823,378.5000,1.8300,-0.1543
569.9012,379.0000,1.8300,-0.1551
572.7268,379.5000,1.8310,-0.1564
575.5672,380.0000,1.8310,-0.1572
578.4031,380.5000,1.8310,-0.1581
581.2390,381.0000,1.8310,-0.1591
584.0686,381.5000,1.8320,-0.1599
586.9075,382.0000,1.8310,-0.1613
589.7355,382.5000,1.8315,-0.1626
592.5755,383.0000,1.8320,-0.1639
595.4012,383.5000,1.8320,-0.1650
598.2257,384.0000,1.8327,-0.1657
601.0663,384.5000,1.8310,-0.1661
603.8868,385.0000,1.8310,-0.1681
606.7317,385.5000,1.8330,-0.1690
609.5535,386.0000,1.8330,-0.1692
612.3880,386.5000,1.8330,-0.1704
615.2238,387.0000,1.8310,-0.1706
618.0525,387.5000,1.8310,-0.1715
620.8803,388.0000,1.8310,-0.1723
623.7191,388.5000,1.8330,-0.1730
626.5356,389.0000,1.8313,-0.1738
629.3701,389.5000,1.8310,-0.1743
632.1993,390.0000,1.8310,-0.1752
635.0240,390.5000,1.8310,-0.1759
637.8639,391.0000,1.8310,-0.1769
640.6893,391.5000,1.8310,-0.1773
643.5211,392.0000,1.8310,-0.1779
646.3559,392.5000,1.8310,-0.1785
649.1817,393.0000,1.8328,-0.1790
652.0143,393.5000,1.8310,-0.1789
654.8468,394.0000,1.8310,-0.1804
657.6836,394.5000,1.8310,-0.1809
660.5211,395.0000,1.8300,-0.1816
663.3571,395.5000,1.8290,-0.1819
666.1793,396.0000,1.8290,-0.1823
669.0239,396.5000,1.8290,-0.1835
671.8537,397.0000,1.8290,-0.1842
674.6911,397.5000,1.8292,-0.1842
677.5259,398.0000,1.8310,-0.1855
680.3521,398.5000,1.8290,-0.1861
683.1738,399.0000,1.8290,-0.1865
686.0292,399.5000,1.8290,-0.1866
688.8468,400.0000,1.8290,-0.1878
691.6836,400.5000,1.8310,-0.1881
694.5182,401.0000,1.8300,-0.1890
697.3610,401.5000,1.8290,-0.1909
700.1771,402.0000,1.8290,-0.1904
703.0257,402.5000,1.8290,-0.1906
705.8578,403.0000,1.8290,-0.1911
708.6925,403.5000,1.8280,-0.1925
711.5295,404.0000,1.8290,-0.1921
714.3654,404.5000,1.8290,-0.1932
717.2012,405.0000,1.8300,-0.1939
720.0293,405.5000,1.8300,-0.1949
722.8778,406.0000,1.8300,-0.1959
725.7154,406.5000,1.8300,-0.1961
728.5605,407.0000,1.8300,-0.1953
731.3861,407.5000,1.8300,-0.1973
734.2276,408.0000,1.8300,-0.1977
737.0631,408.5000,1.8300,-0.1975
739.8937,409.0000,1.8300,-0.1980
742.7352,409.5000,1.8285,-0.1989
745.5755,410.0000,1.8271,-0.1995
748.4291,410.5000,1.8270,-0.1998
751.2493,411.0000,1.8280,-0.2006
754.0899,411.5000,1.8280,-0.2012
756.9220,412.0000,1.8282,-0.2018
759.7631,412.5000,1.8290,-0.2017
762.6201,413.0000,1.8270,-0.2026
765.4547,413.5000,1.8274,-0.2031
768.2932,414.0000,1.8280,-0.2025
771.1341,414.5000,1.8280,-0.2036
773.9782,415.0000,1.8280,-0.2040
776.8068,415.5000,1.8280,-0.2044
779.6470,416.0000,1.8280,-0.2038
782.4868,416.5000,1.8274,-0.2046
785.3408,417.0000,1.8270,-0.2050
788.1839,417.5000,1.8280,-0.2052
791.0238,418.0000,1.8280,-0.2060
793.8682,418.5000,1.8290,-0.2060
796.7069,419.0000,1.8290,-0.2069
799.5515,419.5000,1.8290,-0.2073
802.3899,420.0000,1.8290,-0.2074
805.2394,420.5000,1.8290,-0.2074
808.0843,421.0000,1.8290,-0.2083
810.9278,421.5000,1.8290,-0.2088
813.7616,422.0000,1.8290,-0.2084
816.6163,422.5000,1.8290,-0.2086
819.4582,423.0000,1.8290,-0.2088
822.3088,423.5000,1.8290,-0.2096
825.1509,424.0000,1.8290,-0.2096
827.9910,424.5000,1.8290,-0.2100
830.8333,425.0000,1.8290,-0.2101
833.6918,425.5000,1.8290,-0.2102
836.5191,426.0000,1.8290,-0.2103
839.3682,426.5000,1.8270,-0.2105
842.2104,427.0000,1.8270,-0.2104
845.0528,427.5000,1.8270,-0.2107
847.9096,428.0000,1.8270,-0.2103
850.7553,428.5000,1.8270,-0.2098
853.5988,429.0000,1.8250,-0.2111
856.4407,429.5000,1.8250,-0.2100
859.2811,430.0000,1.8250,-0.2103
862.1352,430.5000,1.8250,-0.2105
864.9823,431.0000,1.8240,-0.2112
867.8239,431.5000,1.8260,-0.2106
870.6654,432.0000,1.8260,-0.2112
873.5153,432.5000,1.8260,-0.2114
876.3682,433.0000,1.8260,-0.2113
879.2125,433.5000,1.8260,-0.2116
882.0582,434.0000,1.8250,-0.2118
884.9012,434.5000,1.8240,-0.2111
887.7484,435.0000,1.8240,-0.2112
890.5907,435.5000,1.8240,-0.2110
893.4353,436.0000,1.8230,-0.2103
896.2868,436.5000,1.8230,-0.2108
899.1258,437.0000,1.8230,-0.2103
901.9829,437.5000,1.8230,-0.2097
904.8182,438.0000,1.8230,-0.2095
907.6663,438.5000,1.8250,-0.2091
910.5173,439.0000,1.8250,-0.2086
913.3610,439.5000,1.8250,-0.2086
916.2144,440.0000,1.8250,-0.2089
919.0446,440.5000,1.8247,-0.2083
921.9015,441.0000,1.8240,-0.2083
924.7446,441.5000,1.8240,-0.2072
927.5932,442.0000,1.8230,-0.2068
930.4425,442.5000,1.8230,-0.2060
933.2874,443.0000,1.8230,-0.2064
936.1341,443.5000,1.8230,-0.2053
938.9861,444.0000,1.8220,-0.2052
941.8404,444.5000,1.8220,-0.2044
944.6701,445.0000,1.8220,-0.2039
947.5163,445.5000,1.8220,-0.2028
950.3793,446.0000,1.8210,-0.2024
953.2259,446.5000,1.8210,-0.2016
956.0743,447.0000,1.8210,-0.2015
958.9210,447.5000,1.8210,-0.2019
961.7668,448.0000,1.8210,-0.2003
964.6201,448.5000,1.8210,-0.1993
967.4701,449.0000,1.8200,-0.1998
970.3144,449.5000,1.8200,-0.1988
973.1603,450.0000,1.8200,-0.1976
976.0050,450.5000,1.8200,-0.1969
978.8578,451.0000,1.8200,-0.1963
981.6993,451.5000,1.8200,-0.1955
984.5560,452.0000,1.8189,-0.1954
987.3970,452.5000,1.8180,-0.1939
990.2357,453.0000,1.8180,-0.1928
993.0970,453.5000,1.8170,-0.1935
995.9470,454.0000,1.8170,-0.1916
998.7813,454.5000,1.8170,-0.1919
1001.6465,455.0000,1.8170,-0.1904
1004.4925,455.5000,1.8154,-0.1895
1007.3470,456.0000,1.8150,-0.1888
1010.1871,456.5000,1.8150,-0.1873
1013.0468,457.0000,1.8150,-0.1868
1015.8901,457.5000,1.8150,-0.1856
1018.7470,458.0000,1.8150,-0.1849
1021.5880,458.5000,1.8130,-0.1838
1024.4409,459.0000,1.8130,-0.1829
1027.2937,459.5000,1.8130,-0.1816
1030.1496,460.0000,1.8130,-0.1810
1032.9944,460.5000,1.8130,-0.1789
1035.8519,461.0000,1.8130,-0.1786
1038.6949,461.5000,1.8130,-0.1780
1041.5586,462.0000,1.8130,-0.1762
1044.3994,462.5000,1.8130,-0.1746
1047.2627,463.0000,1.8130,-0.1746
1050.0982,463.5000,1.8130,-0.1734
1052.9668,464.0000,1.8120,-0.1723
1055.8086,464.5000,1.8120,-0.1713
1058.6627,465.0000,1.8120,-0.1708
1061.5219,465.5000,1.8120,-0.1693
1064.3682,466.0000,1.8110,-0.1690
1067.2221,466.5000,1.8110,-0.1674
1070.0759,467.0000,1.8110,-0.1674
1072.9259,467.5000,1.8100,-0.1657
1075.7953,468.0000,1.8100,-0.1650
1078.6459,468.5000,1.8100,-0.1640
1081.5031,469.0000,1.8080,-0.1628
1084.3554,469.5000,1.8080,-0.1616
1087.2125,470.0000,1.8080,-0.1606
1090.0525,470.5000,1.8060,-0.1599
1092.9145,471.0000,1.8060,-0.1587
1095.7729,471.5000,1.8060,-0.1580
1098.6220,472.0000,1.8060,-0.1571
1101.4818,472.5000,1.8060,-0.1559
1104.3349,473.0000,1.8060,-0.1546
1107.2009,473.5000,1.8060,-0.1536
1110.0451,474.0000,1.8047,-0.1534
1112.9096,474.5000,1.8040,-0.1521
1115.7654,475.0000,1.8040,-0.1512
1118.6182,475.5000,1.8040,-0.1502
1121.4753,476.0000,1.8040,-0.1490
1124.3327,476.5000,1.8030,-0.1482
1127.1904,477.0000,1.8030,-0.1477
1130.0522,477.5000,1.8010,-0.1465
1132.9028,478.0000,1.8003,-0.1455
1135.7571,478.5000,1.8000,-0.1455
1138.6068,479.0000,1.8000,-0.1451
1141.4754,479.5000,1.8000,-0.1442
1144.3325,480.0000,1.8000,-0.1422
1147.1984,480.5000,1.8000,-0.1420
1150.0512,481.0000,1.8000,-0.1419
1152.8939,481.5000,1.7979,-0.1409
1155.7720,482.0000,1.7970,-0.1399
1158.6239,482.5000,1.7970,-0.1396
1161.4811,483.0000,1.7960,-0.1400
1164.3597,483.5000,1.7940,-0.1383
1167.2009,484.0000,1.7930,-0.1374
1170.0726,484.5000,1.7930,-0.1375
1172.9267,485.0000,1.7930,-0.1361
1175.7782,485.5000,1.7930,-0.1351
1178.6411,486.0000,1.7930,-0.1343
1181.4925,486.5000,1.7930,-0.1339
1184.3687,487.0000,1.7930,-0.1326
1187.2239,487.5000,1.7930,-0.1331
1190.0770,488.0000,1.7930,-0.1318
1192.9374,488.5000,1.7910,-0.1307
1195.7953,489.0000,1.7910,-0.1302
1198.6649,489.5000,1.7906,-0.1303
1201.5154,490.0000,1.7890,-0.1297
1204.3733,490.5000,1.7890,-0.1291
1207.2525,491.0000,1.7890,-0.1284
1210.0925,491.5000,1.7880,-0.1278
1212.9522,492.0000,1.7870,-0.1280
1215.8125,492.5000,1.7870,-0.1267
1218.6829,493.0000,1.7870,-0.1263
1221.5470,493.5000,1.7860,-0.1253
1224.4011,494.0000,1.7860,-0.1244
1227.2748,494.5000,1.7859,-0.1247
1230.1308,495.0000,1.7850,-0.1236
1232.9932,495.5000,1.7844,-0.1225
1235.8389,496.0000,1.7840,-0.1225
1238.7145,496.5000,1.7840,-0.1217
1241.5673,497.0000,1.7830,-0.1202
1244.4318,497.5000,1.7830,-0.1211
1247.2978,498.0000,1.7810,-0.1202
1250.1566,498.5000,1.7810,-0.1196
1253.0126,499.0000,1.7810,-0.1191
1255.8913,499.5000,1.7800,-0.1182
1258.7496,500.0000,1.7800,-0.1179
1261.6032,500.5000,1.7790,-0.1171
1264.4706,501.0000,1.7790,-0.1169
1267.3374,501.5000,1.7770,-0.1159
1270.1953,502.0000,1.7770,-0.1151
1273.0649,502.5000,1.7770,-0.1142
1275.9314,503.0000,1.7760,-0.1145
1278.7899,503.5000,1.7741,-0.1129
1281.6500,504.0000,1.7740,-0.1125
1284.5240,504.5000,1.7730,-0.1114
1287.3839,505.0000,1.7720,-0.1104
1290.2420,505.5000,1.7720,-0.1104
1293.1154,506.0000,1.7700,-0.1102
1295.9839,506.5000,1.7700,-0.1091
1298.8432,507.0000,1.7685,-0.1084
1301.7055,507.5000,1.7670,-0.1078
1304.5774,508.0000,1.7661,-0.1066
1307.4394,508.5000,1.7660,-0.1060
1310.2925,509.0000,1.7650,-0.1049
1313.1624,509.5000,1.7650,-0.1040
1316.0240,510.0000,1.7650,-0.1026
1318.8836,510.5000,1.7622,-0.1019
1321.7586,511.0000,1.7610,-0.1018
1324.6259,511.5000,1.7600,-0.0998
1327.4816,512.0000,1.7580,-0.0985
1330.3554,512.5000,1.7560,-0.0976
1333.2239,513.0000,1.7540,-0.0969
1336.0874,513.5000,1.7540,-0.0959
1338.9463,514.0000,1.7520,-0.0950
1341.8014,514.5000,1.7520,-0.0922
1344.6842,515.0000,1.7500,-0.0923
1347.5408,515.5000,1.7490,-0.0909
1350.4201,516.0000,1.7480,-0.0906
1353.2765,516.5000,1.7470,-0.0894
1356.1446,517.0000,1.7460,-0.0889
1359.0163,517.5000,1.7450,-0.0886
1361.8770,518.0000,1.7440,-0.0882
1364.7496,518.5000,1.7410,-0.0878
1367.6182,519.0000,1.7390,-0.0863
1370.4798,519.5000,1.7390,-0.0852
1373.3465,520.0000,1.7370,-0.0853
1376.2125,520.5000,1.7370,-0.0842
1379.0881,521.0000,1.7350,-0.0833
1381.9599,521.5000,1.7350,-0.0828
1384.8163,522.0000,1.7330,-0.0822
1387.6874,522.5000,1.7320,-0.0818
1390.5584,523.0000,1.7308,-0.0808
1393.4182,523.5000,1.7290,-0.0807
1396.2842,524.0000,1.7280,-0.0804
1399.1417,524.5000,1.7270,-0.0794
1402.0068,525.0000,1.7254,-0.0788
1404.8810,525.5000,1.7240,-0.0783
1407.7276,526.0000,1.7223,-0.0766
1410.6027,526.5000,1.7220,-0.0747
1413.4559,527.0000,1.7196,-0.0635
1416.3136,527.5000,1.7180,-0.0560
1419.1610,528.0000,1.7170,-0.0573
1421.9932,528.5000,1.7150,-0.0655
1424.8337,529.0000,1.7130,-0.0717
1427.6867,529.5000,1.7110,-0.0785
1430.5268,530.0000,1.7092,-0.0863
1433.3635,530.5000,1.7080,-0.0938
1436.2201,531.0000,1.7067,-0.1024
1439.0686,531.5000,1.7050,-0.1102
1441.9097,532.0000,1.7023,-0.1197
1444.7409,532.5000,1.7000,-0.1276
1447.5953,533.0000,1.6994,-0.1376
1450.4468,533.5000,1.6979,-0.1457
1453.3050,534.0000,1.6950,-0.1519
1456.1677,534.5000,1.6930,-0.1583
1459.0220,535.0000,1.6917,-0.1631
1461.8647,535.5000,1.6890,-0.1682
1464.7210,536.0000,1.6890,-0.1744
1467.5701,536.5000,1.6870,-0.1807
1470.4277,537.0000,1.6850,-0.1872
1473.2811,537.5000,1.6820,-0.1936
1476.1496,538.0000,1.6791,-0.1994
1479.0044,538.5000,1.6780,-0.2054
1481.8503,539.0000,1.6760,-0.2110
1484.7031,539.5000,1.6747,-0.2177
1487.5652,540.0000,1.6730,-0.2245
1490.4031,540.5000,1.6710,-0.2314
1493.2639,541.0000,1.6686,-0.2390
1496.1220,541.5000,1.6668,-0.2469
1498.9770,542.0000,1.6650,-0.2539
1501.8201,542.5000,1.6630,-0.2614
1504.6817,543.0000,1.6600,-0.2706
1507.5162,543.5000,1.6597,-0.2790
1510.3672,544.0000,1.6561,-0.2888
1513.2239,544.5000,1.6550,-0.2968
1516.0711,545.0000,1.6526,-0.3058
1518.9172,545.5000,1.6500,-0.3148
1521.7725,546.0000,1.6480,-0.3244
1524.6300,546.5000,1.6460,-0.3338
1527.4616,547.0000,1.6440,-0.3444
1530.3113,547.5000,1.6410,-0.3543
1533.1622,548.0000,1.6392,-0.3665
1536.0145,548.5000,1.6390,-0.3781
1538.8649,549.0000,1.6356,-0.3917
1541.7048,549.5000,1.6340,-0.4044
1544.5509,550.0000,1.6320,-0.4162
1547.4011,550.5000,1.6287,-0.4287
1550.2411,551.0000,1.6266,-0.4405
1553.0925,551.5000,1.6249,-0.4508
1555.9548,552.0000,1.6230,-0.4618
1558.7953,552.5000,1.6210,-0.4720
1561.6425,553.0000,1.6180,-0.4815
1564.4998,553.5000,1.6160,-0.4904
1567.3496,554.0000,1.6130,-0.4990
1570.2031,554.5000,1.6110,-0.5087
1573.0616,555.0000,1.6102,-0.5171
1575.9191,555.5000,1.6068,-0.5252
1578.7622,556.0000,1.6012,-0.5332
1581.6278,556.5000,1.5983,-0.5409
1584.4893,557.0000,1.5960,-0.5491
1587.3439,557.5000,1.5950,-0.5565
1590.2066,558.0000,1.5930,-0.5639
1593.0726,558.5000,1.5895,-0.5716
1595.9240,559.0000,1.5875,-0.5805
1598.7793,559.5000,1.5850,-0.5868
1601.6522,560.0000,1.5829,-0.5939
1604.5097,560.5000,1.5794,-0.6021
1607.3725,561.0000,1.5770,-0.6096
1610.2300,561.5000,1.5730,-0.6171
1613.0982,562.0000,1.5709,-0.6249
1615.9453,562.5000,1.5681,-0.6302
1618.8162,563.0000,1.5660,-0.6380
1621.6696,563.5000,1.5620,-0.6467
1624.5337,564.0000,1.5598,-0.6539
1627.4067,564.5000,1.5570,-0.6617
1630.2754,565.0000,1.5535,-0.6698
1633.1210,565.5000,1.5485,-0.6771
1635.9814,566.0000,1.5460,-0.6852
1638.8522,566.5000,1.5420,-0.6935
1641.7153,567.0000,1.5390,-0.7016
1644.5804,567.5000,1.5364,-0.7100
1647.4425,568.0000,1.5323,-0.7184
1650.3153,568.5000,1.5290,-0.7280
1653.1774,569.0000,1.5261,-0.7371
1656.0354,569.5000,1.5230,-0.7449
1658.9012,570.0000,1.5201,-0.7545
1661.7597,570.5000,1.5160,-0.7634
1664.6182,571.0000,1.5120,-0.7744
1667.4793,571.5000,1.5092,-0.7824
1670.3439,572.0000,1.5050,-0.7924
1673.2125,572.5000,1.5017,-0.8017
1676.0743,573.0000,1.4988,-0.8126
1678.9201,573.5000,1.4950,-0.8220
1681.7759,574.0000,1.4908,-0.8323
1684.6503,574.5000,1.4870,-0.8422
1687.5039,575.0000,1.4837,-0.8524
1690.3672,575.5000,1.4800,-0.8625
1693.2318,576.0000,1.4770,-0.8733
1696.0868,576.5000,1.4736,-0.8842
1698.9554,577.0000,1.4688,-0.8950
1701.8182,577.5000,1.4650,-0.9058
1704.6793,578.0000,1.4610,-0.9180
1707.5382,578.5000,1.4569,-0.9292
1710.3977,579.0000,1.4537,-0.9413
1713.2587,579.5000,1.4509,-0.9536
1716.1127,580.0000,1.4462,-0.9647
1718.9817,580.5000,1.4420,-0.9773
1721.8395,581.0000,1.4383,-0.9897
1724.7031,581.5000,1.4347,-1.0019
1727.5617,582.0000,1.4300,-1.0147
1730.4162,582.5000,1.4250,-1.0271
1733.2778,583.0000,1.4211,-1.0399
1736.1230,583.5000,1.4178,-1.0529
1738.9896,584.0000,1.4131,-1.0660
1741.8623,584.5000,1.4080,-1.0796
1744.7123,585.0000,1.4030,-1.0916
1747.5624,585.5000,1.3985,-1.1056
1750.4353,586.0000,1.3930,-1.1191
1753.2767,586.5000,1.3900,-1.1324
1756.1444,587.0000,1.3840,-1.1464
1759.0033,587.5000,1.3794,-1.1601
1761.8701,588.0000,1.3748,-1.1746
1764.7291,588.5000,1.3691,-1.1883
1767.5861,589.0000,1.3650,-1.2033
1770.4490,589.5000,1.3592,-1.2179
1773.3191,590.0000,1.3528,-1.2334
1776.1720,590.5000,1.3480,-1.2478
1779.0354,591.0000,1.3426,-1.2622
1781.8982,591.5000,1.3375,-1.2776
1784.7610,592.0000,1.3328,-1.2920
1787.6125,592.5000,1.3260,-1.3081
1790.4888,593.0000,1.3202,-1.3231
1793.3390,593.5000,1.3145,-1.3387
1796.2028,594.0000,1.3087,-1.3542
1799.0691,594.5000,1.3039,-1.3680
1801.9259,595.0000,1.2982,-1.3846
1804.7917,595.5000,1.2938,-1.3996
1807.6618,596.0000,1.2880,-1.4158
1810.5248,596.5000,1.2836,-1.4318
1813.3729,597.0000,1.2780,-1.4473
1816.2410,597.5000,1.2726,-1.4627
1819.1098,598.0000,1.2670,-1.4793
1821.9668,598.5000,1.2605,-1.4945
1824.8412,599.0000,1.2539,-1.5113
1827.7061,599.5000,1.2480,-1.5273
1830.5701,600.0000,1.2418,-1.5431
1833.4446,600.5000,1.2356,-1.5598
1836.3096,601.0000,1.2298,-1.5747
1839.1725,601.5000,1.2241,-1.5915
1842.0509,602.0000,1.2176,-1.6070
1844.9123,602.5000,1.2120,-1.6241
1847.7937,603.0000,1.2054,-1.6400
1850.6528,603.5000,1.1989,-1.6577
1853.5268,604.0000,1.1932,-1.6740
1856.4065,604.5000,1.1857,-1.6918
1859.2778,605.0000,1.1771,-1.7094
1862.1405,605.5000,1.1706,-1.7263
1865.0125,606.0000,1.1630,-1.7440
1867.8798,606.5000,1.1562,-1.7628
1870.7643,607.0000,1.1493,-1.7800
1873.6317,607.5000,1.1433,-1.7988
1876.5096,608.0000,1.1360,-1.8163
1879.3836,608.5000,1.1301,-1.8366
1882.2468,609.0000,1.1236,-1.8555
1885.1210,609.5000,1.1170,-1.8763
1887.9782,610.0000,1.1107,-1.8955
1890.8465,610.5000,1.1039,-1.9167
1893.7220,611.0000,1.0972,-1.9380
1896.5974,611.5000,1.0910,-1.9607
1899.4639,612.0000,1.0846,-1.9826
1902.3348,612.5000,1.0764,-2.0057
1905.1901,613.0000,1.0670,-2.0284
1908.0638,613.5000,1.0575,-2.0538
1910.9268,614.0000,1.0480,-2.0788
1913.8088,614.5000,1.0394,-2.1042
1916.6583,615.0000,1.0319,-2.1316
1919.5210,615.5000,1.0235,-2.1598
1922.3782,616.0000,1.0168,-2.1888
1925.2317,616.5000,1.0103,-2.2192
1928.0874,617.0000,1.0038,-2.2499
1930.9389,617.5000,0.9971,-2.2814
1933.7896,618.0000,0.9878,-2.3147
1936.6374,618.5000,0.9809,-2.3484
1939.4918,619.0000,0.9709,-2.3838
1942.3317,619.5000,0.9621,-2.4198
1945.1683,620.0000,0.9538,-2.4571
1948.0106,620.5000,0.9450,-2.4952
1950.8572,621.0000,0.9359,-2.5335
1953.6843,621.5000,0.9280,-2.5734
1956.5098,622.0000,0.9185,-2.6144
1959.3427,622.5000,0.9096,-2.6583
1962.1677,623.0000,0.9010,-2.7012
1964.9946,623.5000,0.8911,-2.7460
1967.8201,624.0000,0.8823,-2.7909
1970.6356,624.5000,0.8739,-2.8373
1973.4540,625.0000,0.8628,-2.8838
1976.2817,625.5000,0.8530,-2.9317
1979.0975,626.0000,0.8436,-2.9802
1981.9220,626.5000,0.8325,-3.0300
1984.7352,627.0000,0.8214,-3.0797
1987.5554,627.5000,0.8108,-3.1308
1990.3786,628.0000,0.8011,-3.1816
1993.1939,628.5000,0.7905,-3.2322
1996.0070,629.0000,0.7814,-3.2847
1998.8513,629.5000,0.7719,-3.3367
2001.6597,630.0000,0.7608,-3.3878
2004.4951,630.5000,0.7501,-3.4367
2007.3405,631.0000,0.7372,-3.4832
2010.1896,631.5000,0.7251,-3.5299
2013.0499,632.0000,0.7143,-3.5756
2015.9094,632.5000,0.7040,-3.6194
2018.7912,633.0000,0.6934,-3.6623
2021.6811,633.5000,0.6837,-3.7032
2024.5774,634.0000,0.6731,-3.7409
2027.4770,634.5000,0.6617,-3.7772
2030.4060,635.0000,0.6527,-3.8118
2033.3330,635.5000,0.6430,-3.8427
2036.2795,636.0000,0.6336,-3.8707
2039.2476,636.5000,0.6249,-3.8943
2042.2143,637.0000,0.6160,-3.9157
2045.2102,637.5000,0.6084,-3.9315
2048.2083,638.0000,0.6004,-3.9467
2051.2203,638.5000,0.5937,-3.9562
2054.2508,639.0000,0.5876,-3.9643
2057.2849,639.5000,0.5820,-3.9677
2060.3304,640.0000,0.5765,-3.9698
2063.3842,640.5000,0.5720,-3.9699
2066.4363,641.0000,0.5660,-3.9673
2069.5101,641.5000,0.5620,-3.9653
2072.5682,642.0000,0.5571,-3.9611
2075.6426,642.5000,0.5539,-3.9570
2078.6962,643.0000,0.5499,-3.9515
2081.7576,643.5000,0.5450,-3.9466
2084.8122,644.0000,0.5427,-3.9428
2087.8779,644.5000,0.5406,-3.9398
2090.9213,645.0000,0.5380,-3.9338
2093.9698,645.5000,0.5348,-3.9286
2097.0102,646.0000,0.5320,-3.9248
2100.0424,646.5000,0.5293,-3.9214
2103.0848,647.0000,0.5270,-3.9175
2106.0970,647.5000,0.5250,-3.9126
2109.1273,648.0000,0.5222,-3.9102
2112.1577,648.5000,0.5201,-3.9049
2115.1697,649.0000,0.5190,-3.9011
2118.1819,649.5000,0.5161,-3.8972
2121.1878,650.0000,0.5160,-3.8932
2124.1942,650.5000,0.5140,-3.8901
2127.2000,651.0000,0.5120,-3.8862
2130.1944,651.5000,0.5110,-3.8821
2133.1884,652.0000,0.5090,-3.8762
2136.1833,652.5000,0.5100,-3.8696
2139.1770,653.0000,0.5090,-3.8630
2142.1758,653.5000,0.5080,-3.8575
2145.1594,654.0000,0.5070,-3.8503
2148.1583,654.5000,0.5050,-3.8445
2151.1462,655.0000,0.5050,-3.8363
2154.1191,655.5000,0.5030,-3.8284
2157.1079,656.0000,0.5030,-3.8222
2160.0970,656.5000,0.5002,-3.8149
2163.0711,657.0000,0.5000,-3.8073
2166.0417,657.5000,0.4990,-3.7981
2169.0284,658.0000,0.4980,-3.7891
2172.0081,658.5000,0.4970,-3.7814
2174.9818,659.0000,0.4960,-3.7726
2177.9602,659.5000,0.4950,-3.7651
2180.9362,660.0000,0.4940,-3.7552
2183.9182,660.5000,0.4930,-3.7470
2186.8919,661.0000,0.4910,-3.7388
2189.8736,661.5000,0.4910,-3.7297
2192.8462,662.0000,0.4890,-3.7210
2195.8102,662.5000,0.4870,-3.7125
2198.8006,663.0000,0.4870,-3.7037
2201.7608,663.5000,0.4865,-3.6952
2204.7371,664.0000,0.4840,-3.6857
2207.7122,664.5000,0.4830,-3.6771
2210.6782,665.0000,0.4819,-3.6700
2213.6421,665.5000,0.4800,-3.6627
2216.6241,666.0000,0.4790,-3.6532
2219.5878,666.5000,0.4771,-3.6442
2222.5647,667.0000,0.4770,-3.6355
2225.5182,667.5000,0.4750,-3.6267
2228.5101,668.0000,0.4750,-3.6188
2231.4637,668.5000,0.4730,-3.6120
2234.4281,669.0000,0.4730,-3.6035
2237.4065,669.5000,0.4710,-3.5944
2240.3770,670.0000,0.4694,-3.5860
2243.3362,670.5000,0.4690,-3.5766
2246.3242,671.0000,0.4675,-3.5681
2249.2915,671.5000,0.4665,-3.5593
2252.2512,672.0000,0.4650,-3.5497
2255.2183,672.5000,0.4640,-3.5397
2258.1946,673.0000,0.4620,-3.5306
2261.1652,673.5000,0.4615,-3.5216
2264.1311,674.0000,0.4600,-3.5122
2267.1006,674.5000,0.4580,-3.5012
2270.0607,675.0000,0.4580,-3.4919
2273.0359,675.5000,0.4560,-3.4800
2275.9949,676.0000,0.4540,-3.4701
2278.9878,676.5000,0.4530,-3.4578
2281.9589,677.0000,0.4511,-3.4481
2284.9231,677.5000,0.4500,-3.4377
2287.8922,678.0000,0.4500,-3.4274
2290.8519,678.5000,0.4490,-3.4172
2293.8220,679.0000,0.4460,-3.4073
2296.7925,679.5000,0.4460,-3.3977
2299.7561,680.0000,0.4440,-3.3885
2302.7271,680.5000,0.4420,-3.3793
2305.6946,681.0000,0.4410,-3.3702
2308.6667,681.5000,0.4400,-3.3607
2311.6359,682.0000,0.4390,-3.3527
2314.6124,682.5000,0.4377,-3.3461
2317.5757,683.0000,0.4367,-3.3378
2320.5476,683.5000,0.4358,-3.3294
2323.5162,684.0000,0.4330,-3.3223
2326.4603,684.5000,0.4330,-3.3141
2329.4479,685.0000,0.4310,-3.3066
2332.4065,685.5000,0.4310,-3.2996
2335.3826,686.0000,0.4290,-3.2932
2338.3535,686.5000,0.4290,-3.2871
2341.3112,687.0000,0.4270,-3.2797
2344.2711,687.5000,0.4260,-3.2728
2347.2393,688.0000,0.4250,-3.2678
2350.2044,688.5000,0.4240,-3.2615
2353.1701,689.0000,0.4230,-3.2558
2356.1394,689.5000,0.4220,-3.2503
2359.1064,690.0000,0.4210,-3.2470
2362.0652,690.5000,0.4200,-3.2417
2365.0417,691.0000,0.4190,-3.2375
2368.0000,691.5000,0.4170,-3.2318
2370.9667,692.0000,0.4165,-3.2299
2373.9371,692.5000,0.4150,-3.2254
2376.8849,693.0000,0.4150,-3.2228
2379.8485,693.5000,0.4129,-3.2189
2382.8304,694.0000,0.4110,-3.2154
2385.7887,694.5000,0.4110,-3.2132
2388.7594,695.0000,0.4091,-3.2109
2391.7333,695.5000,0.4080,-3.2093
2394.6922,696.0000,0.4060,-3.2069
2397.6622,696.5000,0.4060,-3.2047
2400.6281,697.0000,0.4040,-3.2028
2403.5865,697.5000,0.4040,-3.2020
2406.5619,698.0000,0.4020,-3.2013
2409.5300,698.5000,0.4010,-3.2012
2412.5033,699.0000,0.4000,-3.2020
2415.4618,699.5000,0.3986,-3.2011
2418.4261,700.0000,0.3977,-3.2021
2421.3929,700.5000,0.3960,-3.2030
2424.3562,701.0000,0.3950,-3.2046
2427.3322,701.5000,0.3938,-3.2056
2430.2887,702.0000,0.3910,-3.2090
2433.2429,702.5000,0.3910,-3.2098
2436.2241,703.0000,0.3890,-3.2133
2439.1766,703.5000,0.3880,-3.2168
2442.1483,704.0000,0.3860,-3.2199
2445.1054,704.5000,0.3840,-3.2238
2448.0667,705.0000,0.3830,-3.2283
2451.0336,705.5000,0.3820,-3.2337
2454.0006,706.0000,0.3810,-3.2398
2456.9627,706.5000,0.3800,-3.2459
2459.9328,707.0000,0.3790,-3.2523
2462.8978,707.5000,0.3785,-3.2603
2465.8594,708.0000,0.3760,-3.2674
2468.8182,708.5000,0.3753,-3.2754
2471.7770,709.0000,0.3740,-3.2830
2474.7417,709.5000,0.3720,-3.2934
2477.6946,710.0000,0.3710,-3.3038
2480.6647,710.5000,0.3699,-3.3120
2483.6123,711.0000,0.3680,-3.3226
2486.5823,711.5000,0.3670,-3.3323
2489.5417,712.0000,0.3660,-3.3441
2492.5006,712.5000,0.3650,-3.3548
2495.4652,713.0000,0.3630,-3.3665
2498.4221,713.5000,0.3610,-3.3779
2501.3805,714.0000,0.3610,-3.3892
2504.3502,714.5000,0.3580,-3.4016
2507.3064,715.0000,0.3570,-3.4130
2510.2711,715.5000,0.3556,-3.4261
2513.2359,716.0000,0.3540,-3.4378
2516.1921,716.5000,0.3520,-3.4506
2519.1509,717.0000,0.3520,-3.4621
2522.1113,717.5000,0.3500,-3.4750
2525.0706,718.0000,0.3480,-3.4863
2528.0241,718.5000,0.3490,-3.4992
2530.9823,719.0000,0.3480,-3.5089
2533.9417,719.5000,0.3460,-3.5220
2536.9076,720.0000,0.3442,-3.5331
2539.8711,720.5000,0.3420,-3.5449
2542.8375,721.0000,0.3406,-3.5565
2545.7984,721.5000,0.3400,-3.5663
2548.7711,722.0000,0.3380,-3.5777
2551.7271,722.5000,0.3365,-3.5896
2554.6804,723.0000,0.3350,-3.6003
2557.6548,723.5000,0.3340,-3.6114
2560.6083,724.0000,0.3310,-3.6208
2563.5802,724.5000,0.3310,-3.6300
2566.5439,725.0000,0.3290,-3.6406
2569.5132,725.5000,0.3290,-3.6484
2572.4716,726.0000,0.3270,-3.6566
2575.4304,726.5000,0.3260,-3.6655
2578.3949,727.0000,0.3250,-3.6732
2581.3657,727.5000,0.3231,-3.6801
2584.3366,728.0000,0.3220,-3.6867
2587.3006,728.5000,0.3200,-3.6938
2590.2711,729.0000,0.3165,-3.7013
2593.2486,729.5000,0.3140,-3.7087
2596.2044,730.0000,0.3120,-3.7161
2599.1818,730.5000,0.3100,-3.7265
2602.1602,731.0000,0.3080,-3.7354
2605.1182,731.5000,0.3060,-3.7450
2608.0910,732.0000,0.3051,-3.7543
2611.0499,732.5000,0.3030,-3.7654
2614.0182,733.0000,0.3020,-3.7734
2616.9862,733.5000,0.3017,-3.7823
2619.9652,734.0000,0.3000,-3.7929
2622.9212,734.5000,0.2970,-3.7999
2625.9006,735.0000,0.2970,-3.8085
2628.8661,735.5000,0.2950,-3.8179
2631.8363,736.0000,0.2930,-3.8281
2634.8009,736.5000,0.2940,-3.8374
2637.7702,737.0000,0.2921,-3.8489
2640.7373,737.5000,0.2910,-3.8601
2643.7076,738.0000,0.2892,-3.8732
2646.6802,738.5000,0.2870,-3.8875
2649.6442,739.0000,0.2850,-3.9021
2652.6006,739.5000,0.2830,-3.9179
2655.5723,740.0000,0.2814,-3.9341
2658.5449,740.5000,0.2800,-3.9509
2661.5001,741.0000,0.2790,-3.9701
2664.4652,741.5000,0.2780,-3.9906
2667.4221,742.0000,0.2763,-4.0099
2670.3887,742.5000,0.2744,-4.0314
2673.3535,743.0000,0.2718,-4.0533
2676.3006,743.5000,0.2700,-4.0760
2679.2661,744.0000,0.2690,-4.1001
2682.2123,744.5000,0.2660,-4.1244
2685.1711,745.0000,0.2660,-4.1508
2688.1317,745.5000,0.2640,-4.1775
2691.0958,746.0000,0.2620,-4.2026
2694.0476,746.5000,0.2600,-4.2316
2697.0022,747.0000,0.2584,-4.2594
2699.9593,747.5000,0.2570,-4.2893
2702.9064,748.0000,0.2550,-4.3179
2705.8642,748.5000,0.2540,-4.3503
2708.8102,749.0000,0.2520,-4.3816
2711.7637,749.5000,0.2500,-4.4133
2714.7082,750.0000,0.2500,-4.4456
2717.6647,750.5000,0.2479,-4.4776
2720.6067,751.0000,0.2460,-4.5096
2723.5766,751.5000,0.2450,-4.5429
2726.5191,752.0000,0.2430,-4.5764
2729.4667,752.5000,0.2410,-4.6104
2732.4162,753.0000,0.2390,-4.6438
2735.3627,753.5000,0.2360,-4.6769
2738.3123,754.0000,0.2350,-4.7119
2741.2677,754.5000,0.2330,-4.7460
2744.2182,755.0000,0.2300,-4.7801
2747.1667,755.5000,0.2280,-4.8122
2750.1113,756.0000,0.2260,-4.8458
2753.0716,756.5000,0.2240,-4.8798
2756.0241,757.0000,0.2210,-4.9120
2758.9774,757.5000,0.2210,-4.9464
2761.9231,758.0000,0.2190,-4.9803
2764.8756,758.5000,0.2170,-5.0117
2767.8241,759.0000,0.2160,-5.0430
2770.7829,759.5000,0.2134,-5.0776
2773.7541,760.0000,0.2110,-5.1097
2776.6951,760.5000,0.2090,-5.1417
2779.6522,761.0000,0.2060,-5.1719
2782.6006,761.5000,0.2030,-5.2039
2785.5489,762.0000,0.2008,-5.2358
2788.5082,762.5000,0.1988,-5.2668
2791.4776,763.0000,0.1969,-5.2983
2794.4361,763.5000,0.1950,-5.3283
2797.3942,764.0000,0.1930,-5.3590
2800.3417,764.5000,0.1910,-5.3896
2803.3042,765.0000,0.1880,-5.4198
2806.2637,765.5000,0.1850,-5.4482
2809.2281,766.0000,0.1833,-5.4763
2812.1852,766.5000,0.1808,-5.5034
2815.1390,767.0000,0.1789,-5.5307
2818.1037,767.5000,0.1765,-5.5551
2821.0677,768.0000,0.1750,-5.5807
2824.0282,768.5000,0.1723,-5.6068
2826.9862,769.0000,0.1704,-5.6330
2829.9608,769.5000,0.1690,-5.6572
2832.9212,770.0000,0.1660,-5.6816
2835.8843,770.5000,0.1660,-5.7053
2838.8482,771.0000,0.1650,-5.7281
2841.8122,771.5000,0.1620,-5.7511
2844.7878,772.0000,0.1600,-5.7727
2847.7589,772.5000,0.1561,-5.7953
2850.7191,773.0000,0.1532,-5.8182
2853.6946,773.5000,0.1510,-5.8414
2856.6577,774.0000,0.1490,-5.8618
2859.6281,774.5000,0.1463,-5.8838
2862.5962,775.0000,0.1444,-5.9059
2865.5711,775.5000,0.1430,-5.9274
2868.5301,776.0000,0.1410,-5.9474
2871.5001,776.5000,0.1390,-5.9651
2874.4795,777.0000,0.1361,-5.9844
2877.4380,777.5000,0.1343,-6.0059
2880.4163,778.0000,0.1317,-6.0253
2883.3964,778.5000,0.1300,-6.0443
2886.3652,779.0000,0.1280,-6.0630
2889.3322,779.5000,0.1266,-6.0844
2892.3113,780.0000,0.1230,-6.1061
2895.2770,780.5000,0.1210,-6.1289
2898.2476,781.0000,0.1190,-6.1525
2901.2241,781.5000,0.1170,-6.1783
2904.1770,782.0000,0.1150,-6.2061
2907.1577,782.5000,0.1120,-6.2329
2910.1172,783.0000,0.1100,-6.2651
2913.0802,783.5000,0.1070,-6.2971
2916.0400,784.0000,0.1036,-6.3336
2919.0006,784.5000,0.1010,-6.3725
2921.9568,785.0000,0.0984,-6.4157
2924.9036,785.5000,0.0962,-6.4689
2927.8535,786.0000,0.0950,-6.5200
2930.8025,786.5000,0.0930,-6.5713
2933.7451,787.0000,0.0910,-6.6266
2936.6901,787.5000,0.0890,-6.6835
2939.6358,788.0000,0.0870,-6.7436
2942.5762,788.5000,0.0841,-6.8093
2945.5124,789.0000,0.0822,-6.8779
2948.4359,789.5000,0.0810,-6.9494
2951.3677,790.0000,0.0794,-7.0189
2954.2975,790.5000,0.0770,-7.0954
2957.2359,791.0000,0.0743,-7.1711
2960.1533,791.5000,0.0710,-7.2499
2963.0775,792.0000,0.0690,-7.3239
2966.0122,792.5000,0.0670,-7.4004
2968.9527,793.0000,0.0640,-7.4674
2971.8843,793.5000,0.0612,-7.5329
2974.8400,794.0000,0.0593,-7.5884
2977.8123,794.5000,0.0580,-7.6147
2980.7828,795.0000,0.0560,-7.6289
2983.7983,795.5000,0.0530,-7.6166
2986.8222,796.0000,0.0503,-7.5850
2989.8760,796.5000,0.0475,-7.5255
2992.9447,797.0000,0.0450,-7.4303
2996.0744,797.5000,0.0430,-7.2864
2999.2439,798.0000,0.0410,-7.0939
3002.4666,798.5000,0.0400,-6.8504
3005.7278,799.0000,0.0380,-6.5609
3009.0071,799.5000,0.0360,-6.2406
3012.3598,800.0000,0.0340,-5.8598
3015.7509,800.5000,0.0330,-5.4236
3019.1906,801.0000,0.0310,-4.9418
3022.6692,801.5000,0.0280,-4.4258
3026.1286,802.0000,0.0280,-3.9202
3029.5447,802.5000,0.0260,-3.4693
3032.9381,803.0000,0.0240,-3.0561
3036.3041,803.5000,0.0240,-2.6897
3039.6336,804.0000,0.0220,-2.3635
3042.9138,804.5000,0.0210,-2.0767
3046.1741,805.0000,0.0200,-1.8257
3049.4184,805.5000,0.0200,-1.5911
3052.6607,806.0000,0.0190,-1.3587
3055.8681,806.5000,0.0190,-1.1566
3059.0668,807.0000,0.0190,-0.9866
3062.2161,807.5000,0.0180,-0.8414
3065.3681,808.0000,0.0170,-0.7117
3068.5006,808.5000,0.0170,-0.6019
3071.6119,809.0000,0.0160,-0.5010
3074.7153,809.5000,0.0160,-0.4081
3077.8181,810.0000,0.0150,-0.3326
3080.8932,810.5000,0.0150,-0.2612
3083.9819,811.0000,0.0156,-0.1971
3087.0502,811.5000,0.0160,-0.1422
3090.1018,812.0000,0.0160,-0.0998
3093.1625,812.5000,0.0160,-0.0642
3096.1998,813.0000,0.0160,-0.0366
3099.2368,813.5000,0.0160,-0.0107
3102.2956,814.0000,0.0160,0.0101
3105.3162,814.5000,0.0160,0.0237
3108.3274,815.0000,0.0160,0.0359
3111.3502,815.5000,0.0160,0.0457
3114.3698,816.0000,0.0160,0.0534
3117.3791,816.5000,0.0160,0.0583
3120.3941,817.0000,0.0160,0.0615
3123.4122,817.5000,0.0170,0.0649
3126.4222,818.0000,0.0170,0.0664
3129.4264,818.5000,0.0170,0.0689
3132.4438,819.0000,0.0170,0.0681
3135.4425,819.5000,0.0170,0.0679
3138.4523,820.0000,0.0170,0.0693
3141.4583,820.5000,0.0170,0.0693
3144.4641,821.0000,0.0170,0.0689
3147.4788,821.5000,0.0170,0.0689
3150.4847,822.0000,0.0170,0.0680
3153.4937,822.5000,0.0170,0.0677
3156.4942,823.0000,0.0170,0.0663
3159.4942,823.5000,0.0170,0.0676
3162.4942,824.0000,0.0165,0.0662
3165.5124,824.5000,0.0170,0.0665
3168.5182,825.0000,0.0170,0.0673
3171.5212,825.5000,0.0170,0.0670
3174.5182,826.0000,0.0170,0.0668
3177.5363,826.5000,0.0170,0.0671
3180.5394,827.0000,0.0170,0.0666
3183.5390,827.5000,0.0170,0.0655
3186.5488,828.0000,0.0170,0.0656
3189.5450,828.5000,0.0170,0.0667
3192.5533,829.0000,0.0170,0.0665
3195.5550,829.5000,0.0170,0.0671
3198.5627,830.0000,0.0170,0.0664
3201.5698,830.5000,0.0170,0.0667
3204.5576,831.0000,0.0170,0.0678
3207.5661,831.5000,0.0164,0.0678
3210.5698,832.0000,0.0160,0.0670
3213.5733,832.5000,0.0160,0.0671
3216.5831,833.0000,0.0160,0.0678
3219.5879,833.5000,0.0160,0.0686
3222.5946,834.0000,0.0160,0.0693
3225.5938,834.5000,0.0160,0.0684
3228.6060,835.0000,0.0160,0.0689
3231.6143,835.5000,0.0160,0.0693
3234.6123,836.0000,0.0160,0.0700
3237.6044,836.5000,0.0160,0.0704
3240.6163,837.0000,0.0160,0.0712
3243.6122,837.5000,0.0160,0.0723
3246.6163,838.0000,0.0160,0.0720
3249.6280,838.5000,0.0160,0.0723
3252.6261,839.0000,0.0160,0.0727
3255.6323,839.5000,0.0160,0.0732
3258.6341,840.0000,0.0160,0.0754
3261.6528,840.5000,0.0150,0.0751
3264.6423,841.0000,0.0150,0.0769
3267.6545,841.5000,0.0150,0.0760
3270.6608,842.0000,0.0150,0.0765
3273.6711,842.5000,0.0150,0.0771
3276.6802,843.0000,0.0150,0.0782
3279.6697,843.5000,0.0160,0.0781
3282.6958,844.0000,0.0160,0.0785
3285.6958,844.5000,0.0160,0.0784
3288.6923,845.0000,0.0160,0.0788
3291.6982,845.5000,0.0160,0.0797
3294.7041,846.0000,0.0160,0.0801
3297.7151,846.5000,0.0160,0.0792
3300.7180,847.0000,0.0160,0.0806
3303.7161,847.5000,0.0160,0.0794
3306.7292,848.0000,0.0160,0.0806
3309.7161,848.5000,0.0140,0.0810
3312.7411,849.0000,0.0140,0.0806
3315.7366,849.5000,0.0140,0.0804
3318.7514,850.0000,0.0140,0.0797
3321.7469,850.5000,0.0140,0.0795
3324.7642,851.0000,0.0140,0.0790
3327.7699,851.5000,0.0140,0.0817
3330.7814,852.0000,0.0150,0.0798
3333.7717,852.5000,0.0150,0.0808
3336.7937,853.0000,0.0150,0.0818
3339.7997,853.5000,0.0150,0.0826
3342.8063,854.0000,0.0150,0.0843
3345.8121,854.5000,0.0150,0.0842
3348.8121,855.0000,0.0150,0.0837
3351.8241,855.5000,0.0150,0.0867
3354.8243,856.0000,0.0150,0.0862
3357.8243,856.5000,0.0160,0.0882
3360.8419,857.0000,0.0160,0.0875
3363.8304,857.5000,0.0160,0.0879
3366.8654,858.0000,0.0140,0.0886
3369.8663,858.5000,0.0140,0.0886
3372.8605,859.0000,0.0140,0.0892
3375.8786,859.5000,0.0140,0.0890
3378.8849,860.0000,0.0140,0.0899
3381.8908,860.5000,0.0140,0.0913
3384.8901,861.0000,0.0140,0.0915
3387.8971,861.5000,0.0140,0.0917
3390.8971,862.0000,0.0140,0.0923
3393.9099,862.5000,0.0140,0.0925
3396.9369,863.0000,0.0140,0.0939
3399.9311,863.5000,0.0140,0.0931
3402.9369,864.0000,0.0140,0.0962
3405.9431,864.5000,0.0150,0.0960
3408.9502,865.0000,0.0150,0.0962
3411.9561,865.5000,0.0152,0.0976
3414.9622,866.0000,0.0160,0.0974
3417.9712,866.5000,0.0160,0.0976
3420.9728,867.0000,0.0160,0.0998
3423.9861,867.5000,0.0160,0.0976
3426.9922,868.0000,0.0160,0.0977
3430.0043,868.5000,0.0170,0.0989
3433.0081,869.0000,0.0170,0.0996
3436.0122,869.5000,0.0164,0.1012
3439.0303,870.0000,0.0150,0.1024
3442.0324,870.5000,0.0150,0.1014
3445.0380,871.0000,0.0150,0.1025
3448.0571,871.5000,0.0150,0.1032
3451.0583,872.0000,0.0150,0.1044
3454.0654,872.5000,0.0150,0.1071
3457.0728,873.0000,0.0150,0.1070
3460.0830,873.5000,0.0150,0.1084
3463.0881,874.0000,0.0150,0.1077
