Time,mass,HRR,Back surface temperature 1,Back surface temperature 2
s,g,kW/m2,K,K
0,71.44,0,297.25,297.25
1,71.434627,-0.03813881,297.25,297.25
2,71.415382,-1.21343881,297.25,297.25
3,71.415618,-1.08702369,297.25,297.25
4,71.40949,-0.470610952,297.25,297.25
5,71.392156,-1.209768929,297.25,297.25
6,71.348794,-0.783725595,297.25,297.35
7,71.324588,-1.302705238,297.35,297.35
8,71.301789,-0.069619643,297.35,297.45
9,71.272604,1.022676667,297.45,297.45
10,71.230202,1.896435595,297.45,297.45
11,71.223234,1.617317024,297.45,297.45
12,71.211498,1.596645833,297.45,297.55
13,71.216982,1.249811905,297.55,297.55
14,71.207692,2.533466548,297.55,297.55
15,71.201079,3.016417738,297.55,297.55
16,71.206747,1.624365595,297.55,297.55
17,71.175141,1.817208452,297.65,297.55
18,71.224368,0.298917619,297.65,297.55
19,71.305984,1.180542381,297.65,297.65
20,71.310709,0.761805595,297.75,297.75
21,71.314419,0.717835119,297.85,297.95
22,71.315872,0.532610833,297.85,297.95
23,71.340384,-0.274975833,297.95,298.05
24,71.296872,-0.927615833,298.15,298.25
25,71.270756,1.220790357,298.35,298.55
26,71.314598,1.517845357,298.35,298.55
27,71.266819,0.729101786,298.65,298.85
28,71.232634,0.80683631,298.95,299.15
29,71.232523,0.595742857,299.25,299.55
30,71.220641,1.844744524,299.65,299.55
31,71.131919,1.355664643,299.65,299.95
32,71.041582,1.095445595,300.05,300.45
33,71.21481,1.485645238,300.55,302.05
34,71.286517,0.918044405,302.15,302.05
35,71.230893,0.512901548,302.15,302.65
36,71.171199,9.43E-03,302.75,303.25
37,71.131523,1.202468929,303.55,304.15
38,71.140196,1.43315619,304.15,304.15
39,71.163696,-0.589978095,304.15,304.85
40,71.182604,0.051018095,304.85,305.55
41,71.133844,1.088281429,305.65,306.45
42,71.114795,1.941278214,306.45,307.25
43,71.089463,0.052543214,306.45,307.25
44,70.707994,3.212497381,307.35,308.15
45,71.017447,1.288345952,308.25,309.05
46,71.091472,2.93177131,309.15,310.05
47,71.131663,3.27246381,309.15,310.05
48,71.158114,2.402619286,310.15,310.95
49,71.140719,3.510836548,311.15,311.95
50,71.236883,4.41287381,312.05,312.95
51,71.279197,4.364872262,312.95,312.95
52,71.123281,4.117655476,312.95,314.05
53,71.135747,5.718740357,314.05,315.05
54,71.25983,5.563778214,315.15,316.15
55,71.221828,5.289705119,316.15,316.15
56,71.204354,6.034678333,316.15,317.15
57,71.19597,5.579113333,317.35,318.25
58,71.180922,3.646578929,318.45,319.35
59,71.179,2.774195476,319.65,320.55
60,71.195756,3.675812381,319.65,320.55
61,71.188449,2.744690833,320.75,321.65
62,71.193331,1.95075619,321.85,322.75
63,71.192311,2.089156667,323.05,323.95
64,71.192,1.872506667,323.05,323.95
65,71.210391,2.613951429,324.25,325.05
66,71.229414,4.403306429,325.55,326.25
67,71.217093,4.939610595,326.55,327.45
68,71.20113,4.43749119,326.55,327.45
69,71.210439,5.781443214,327.75,328.65
70,71.219828,5.176771429,329.05,329.85
71,71.214042,7.056621071,330.35,331.05
72,71.216504,7.40352881,331.55,331.05
73,71.21963,8.181309881,331.55,332.15
74,71.226076,5.98958869,332.85,333.35
75,71.202586,5.366547738,334.05,334.65
76,71.205131,5.255480833,335.35,334.65
77,71.22072,6.089969881,335.35,335.95
78,71.236838,4.529709167,336.55,337.05
79,71.245067,5.661374643,337.75,338.35
80,71.23277,6.241225595,339.05,338.35
81,71.22141,7.678964405,339.05,339.45
82,71.237435,6.319458929,340.35,340.65
83,71.258206,6.871515952,341.65,341.95
84,71.249621,6.770162619,342.95,343.15
85,71.240082,6.420760595,342.95,343.15
86,71.243389,5.576484048,344.15,344.25
87,71.24576,5.402021071,345.45,345.65
88,71.244264,5.220947381,346.75,346.85
89,71.236071,4.296971786,346.75,346.85
90,71.232388,4.33113881,348.05,347.95
91,71.217704,4.769608214,349.25,349.25
92,71.197658,3.001169881,350.65,350.45
93,71.209808,4.24242631,350.65,350.45
94,71.2339,3.088471071,351.85,351.65
95,71.23437,3.722680238,353.15,352.85
96,71.225221,4.1380625,354.35,354.05
97,71.217939,4.286367262,355.75,354.05
98,71.204014,2.421780476,355.75,355.25
99,71.188984,1.082118095,356.95,356.45
100,71.180918,3.359393929,358.25,357.65
101,71.177388,8.884858333,359.45,357.65
102,71.162178,17.7652481,359.45,358.85
103,71.149515,36.97034893,360.85,360.05
104,71.162653,64.04106631,362.15,361.25
105,71.130005,89.09701536,363.45,362.45
106,71.182998,112.4614088,363.45,362.45
107,71.097733,133.040871,364.75,363.65
108,71.030331,157.0257281,366.05,364.95
109,70.964671,175.5046715,367.35,366.15
110,70.907308,194.9884649,367.35,366.15
111,70.852364,220.7235186,368.65,367.25
112,70.764937,240.3456863,369.85,368.45
113,70.648635,262.6951357,371.05,369.55
114,70.457015,283.7199527,371.05,369.55
115,70.501343,296.9988476,372.15,370.75
116,70.372137,312.6910452,373.35,371.75
117,70.221767,317.1437211,374.55,372.95
118,70.149263,322.184288,375.65,372.95
119,70.091608,325.295446,375.65,374.05
120,69.93162,318.4181677,376.85,375.05
121,69.791466,316.9662318,377.95,376.25
122,69.685896,323.2160576,379.05,376.25
123,69.561032,336.5201595,379.05,377.35
124,69.438861,328.8795315,380.15,378.45
125,69.328057,332.064334,381.35,379.45
126,69.194618,339.4842006,382.45,379.45
127,69.093914,336.0110445,382.45,380.55
128,68.974392,341.3388087,383.55,381.55
129,68.841577,331.4229639,384.65,382.65
130,68.738168,337.0571682,385.75,383.75
131,68.586552,336.0197558,385.75,383.75
132,68.455476,333.1848298,386.85,384.85
133,68.340712,336.696821,387.85,385.85
134,68.249292,339.7702135,388.95,386.85
135,68.148535,336.672011,388.95,386.85
136,68.018241,340.4674988,389.95,387.85
137,67.865812,355.7915604,391.05,388.95
138,67.741926,358.0363714,392.15,390.05
139,67.623503,353.9826562,392.15,390.05
140,67.497206,346.2771521,393.15,391.15
141,67.369383,356.258023,394.25,392.15
142,67.365025,358.5057976,395.15,393.15
143,67.264737,359.3594454,396.45,393.15
144,67.156805,365.792208,396.45,394.35
145,67.060904,369.9353,397.55,395.35
146,66.982281,352.9588306,398.65,396.65
147,66.81701,362.3621746,399.75,396.65
148,66.671517,361.1464677,399.75,397.75
149,66.536572,360.3906854,400.95,398.85
150,66.385267,361.0326004,402.05,400.05
151,66.232677,353.3662596,403.15,400.05
152,66.107303,376.1532856,404.25,401.15
153,65.975525,376.6689005,404.25,402.35
154,65.843252,392.5050962,405.35,403.45
155,65.724078,380.3243957,406.45,404.75
156,65.569288,369.2277896,407.55,404.75
157,65.418087,384.868018,407.55,405.85
158,65.280711,365.3567794,408.55,406.95
159,65.144692,374.1812926,409.75,408.15
160,65.017644,376.7608902,410.75,408.15
161,64.863551,373.2671573,410.75,409.35
162,64.740208,387.6485305,411.95,410.55
163,64.627006,368.8530986,413.05,411.65
164,64.498964,374.5084725,414.15,412.85
165,64.345079,376.0702055,414.15,412.85
166,64.210707,392.1901898,415.25,414.05
167,64.098844,372.4236889,416.45,415.35
168,63.960505,382.689245,417.55,416.55
169,63.844473,380.172759,417.55,416.55
170,63.713879,377.9406354,418.65,417.65
171,63.601681,378.1197971,419.75,418.85
172,63.410509,386.908669,420.95,420.05
173,63.260514,389.0234488,420.95,420.05
174,63.123631,393.367665,422.05,421.25
175,62.999631,390.8658775,423.15,422.45
176,62.861798,387.0770771,424.15,423.65
177,62.731997,380.7482414,425.35,423.65
178,62.588609,387.2775675,425.35,424.85
179,62.443783,378.6105587,426.45,425.95
180,62.298598,387.7690739,427.65,427.15
181,62.166413,373.9926744,428.65,427.15
182,62.022268,382.3891279,428.65,428.25
183,61.873364,389.5860513,429.75,429.35
184,61.755537,392.003798,430.85,430.65
185,61.616467,382.4296793,431.95,430.65
186,61.472335,386.8112542,431.95,431.75
187,61.335856,379.6512476,433.15,432.95
188,61.190276,391.4319182,434.25,434.15
189,61.052579,398.1703061,435.35,435.35
190,60.894577,389.7634668,435.35,435.35
191,60.757858,382.4663251,436.45,436.55
192,60.618632,412.9106706,437.55,437.65
193,60.488794,412.7266636,438.65,438.75
194,60.34763,384.0669276,438.65,438.75
195,60.200701,401.2065081,439.65,439.95
196,60.045445,402.1831236,440.75,440.95
197,59.912225,393.7118001,441.85,442.05
198,59.803224,397.2471745,442.95,442.05
199,59.658166,398.4223352,442.95,443.25
200,59.502091,382.8453705,444.05,444.35
201,59.37111,393.2777705,445.15,445.55
202,59.215575,386.1670493,446.15,445.55
203,59.144969,389.7996674,446.15,446.75
204,58.981787,385.4394356,447.45,447.95
205,58.818197,381.8207142,448.45,448.95
206,58.663462,403.9165421,449.55,450.15
207,58.503645,410.8899815,449.55,450.15
208,58.350556,405.8575299,450.65,451.25
209,58.193258,413.030902,451.65,452.45
210,58.049967,418.9013279,452.85,453.55
211,57.934056,414.0335593,452.85,453.55
212,57.803506,414.2188843,453.85,454.75
213,57.67382,405.065148,454.95,455.85
214,57.50868,401.7278851,455.95,456.95
215,57.348435,405.5735475,455.95,456.95
216,57.19179,396.5361248,457.15,458.05
217,57.054296,395.3262363,458.15,459.15
218,56.916521,403.4959369,459.25,460.35
219,56.754689,385.9290648,460.45,460.35
220,56.628243,404.1642935,460.45,461.45
221,56.468187,419.4418202,461.45,462.55
222,56.355408,415.4253146,462.65,463.75
223,56.448734,407.9224387,463.75,463.75
224,56.400791,413.8089704,463.75,464.85
225,56.25508,410.1353754,464.85,465.95
226,56.106258,420.0253676,465.95,467.05
227,55.946199,419.2499432,467.05,468.05
228,55.81941,421.9176045,467.05,468.05
229,55.625916,408.659118,468.05,469.25
230,55.473467,409.4228349,469.15,470.35
231,55.354804,422.22527,470.25,471.55
232,55.222628,412.35698,470.25,471.55
233,55.054644,399.9693919,471.35,472.55
234,54.887599,410.5682061,472.35,473.85
235,54.740943,429.0601352,473.45,474.85
236,54.587438,419.8514829,473.45,474.85
237,54.454916,415.8857565,474.55,475.95
238,54.299051,413.3813815,475.55,476.95
239,54.119064,409.9869121,476.55,478.15
240,53.968884,401.5985682,477.65,478.15
241,53.83415,410.095661,477.65,479.15
242,53.676339,419.9037985,478.65,480.35
243,53.541828,408.0307593,479.65,481.35
244,53.394067,428.0990993,480.65,481.35
245,53.25884,425.8950839,480.65,482.55
246,53.109972,417.9258517,481.85,483.65
247,52.962823,427.4786551,482.75,484.75
248,52.811775,433.2396674,483.85,484.75
249,52.646848,432.2550731,483.85,485.85
250,52.502823,422.8710936,484.85,486.95
251,52.348002,411.4069432,485.95,488.05
252,52.190709,427.015383,487.35,488.05
253,52.046233,416.087488,487.35,489.15
254,51.905038,417.3906056,488.65,490.05
255,51.766391,433.284474,489.65,491.45
256,51.586946,435.1490555,490.65,492.55
257,51.410774,436.6600619,490.65,492.55
258,51.243645,429.5056505,491.45,493.65
259,51.092666,425.0247869,492.35,494.75
260,50.950925,415.3890061,493.35,495.65
261,50.794161,436.4967779,493.35,495.65
262,50.634102,420.533302,494.25,496.85
263,50.464303,430.2642573,495.25,497.85
264,50.273048,431.5535126,495.95,499.15
265,50.097032,435.8334668,496.85,499.15
266,49.944723,435.3969888,496.85,499.95
267,49.816703,436.2311469,497.55,501.15
268,49.695846,445.3537239,498.35,502.25
269,49.548575,436.6244948,499.15,502.25
270,49.373564,455.0438948,499.15,503.35
271,49.207157,440.0516557,500.05,504.35
272,49.067593,445.2492273,500.85,505.45
273,48.879683,459.439393,501.55,506.55
274,48.689377,443.4875069,501.55,506.55
275,48.532104,441.3582205,502.25,507.65
276,48.378725,455.9675877,503.25,508.75
277,48.201189,473.9454267,504.05,509.75
278,48.023654,462.9608992,504.05,509.75
279,47.865109,454.5182768,504.85,510.85
280,47.678314,446.7879858,505.85,511.95
281,47.508104,438.05701,506.75,513.05
282,47.381575,451.1478769,507.65,513.05
283,47.414365,464.0825944,507.65,514.15
284,47.302511,463.6555555,508.65,515.25
285,47.104379,458.947522,509.65,516.35
286,46.942609,469.0082165,510.65,516.35
287,46.743834,465.6410976,510.65,517.25
288,46.542037,451.8604581,511.75,518.25
289,46.361476,476.1088973,512.85,519.25
290,46.151224,447.4462962,513.75,520.15
291,46.008114,453.8581306,513.75,520.15
292,45.832802,459.2632483,514.75,521.35
293,45.702486,465.5866121,515.75,522.35
294,45.511787,451.632063,517.25,522.35
295,45.318226,451.2420957,517.25,523.15
296,45.121096,483.6172494,518.15,524.15
297,44.974074,513.6393661,519.05,525.15
298,44.810723,488.4251077,519.95,525.15
299,44.609487,460.016077,520.95,525.95
300,44.420767,456.2628921,520.95,526.85
301,44.239003,465.5064694,521.85,527.75
302,44.049028,479.6206995,522.75,528.65
303,43.875826,471.3482489,522.75,528.65
304,43.7065,484.45823,523.65,529.45
305,43.541815,473.3218248,524.55,530.15
306,43.552804,464.2758811,525.45,530.85
307,43.54114,472.2955093,525.45,530.85
308,43.376142,477.3010585,526.45,531.55
309,43.178748,475.9665738,527.45,532.35
310,43.016721,479.2320612,528.55,533.05
311,42.869042,491.5972808,529.55,533.05
312,42.699552,486.8316902,529.55,533.95
313,42.525548,490.4217329,530.55,534.85
314,42.337994,482.0500164,531.65,535.75
315,42.167931,492.1429592,532.65,535.75
316,41.971851,491.7944605,532.65,536.75
317,41.784894,486.2933275,533.95,537.75
318,41.627962,491.424469,535.15,538.75
319,41.484004,476.6149227,536.35,539.85
320,41.300273,515.8798135,536.35,539.85
321,41.113508,498.0419342,537.55,540.95
322,40.953967,493.0293288,538.85,542.15
323,40.775653,487.6616999,540.15,543.45
324,40.591111,494.2649093,540.15,543.45
325,40.431061,488.8205443,541.55,544.65
326,40.244111,501.8755642,542.85,545.95
327,40.080906,512.0684107,544.15,547.25
328,39.899157,494.940076,545.65,547.25
329,39.727684,494.3188629,545.65,548.55
330,39.568731,477.3929279,546.85,549.95
331,39.391456,496.6075996,548.35,551.45
332,39.234631,490.3180706,549.85,552.85
333,39.068389,479.4942262,549.85,552.85
334,38.890295,483.8115461,551.25,554.25
335,38.711332,492.4285111,552.65,555.85
336,38.528042,488.9681831,554.15,555.85
337,38.365557,479.8778415,554.15,557.35
338,38.188826,485.0537533,555.55,558.85
339,38.014168,507.588357,557.05,560.35
340,37.887979,503.0024726,558.55,560.35
341,37.77011,488.4539836,560.05,562.05
342,37.632798,519.3472706,560.05,563.55
343,37.427233,502.5507779,561.55,565.05
344,37.237132,513.0856696,563.25,566.65
345,37.040112,517.9073777,563.25,566.65
346,36.842475,536.5938326,564.75,568.35
347,36.657432,513.3548277,566.35,569.75
348,36.471678,519.2265215,567.75,571.45
349,36.314226,507.7067676,569.35,571.45
350,36.153238,483.3559023,569.35,572.95
351,35.973777,503.8140242,570.95,574.45
352,35.798363,502.0258736,572.75,576.05
353,35.621411,515.943055,574.65,576.05
354,35.510642,507.4137188,574.65,577.55
355,35.296771,512.8873952,576.55,579.05
356,35.087457,520.8868025,579.05,580.65
357,34.873689,515.2833763,587.95,582.15
358,34.685441,522.7750745,587.95,582.15
359,34.518677,507.5410463,589.15,583.65
360,34.33637,490.1530617,590.35,585.25
361,34.163025,507.2198793,591.75,586.65
362,33.968204,499.6126555,591.75,586.65
363,33.782879,514.6525661,592.95,588.15
364,33.614075,527.9736631,594.25,589.55
365,33.42421,530.9237488,591.75,591.05
366,33.230625,535.5908532,591.75,591.05
367,33.048591,528.2551752,591.75,592.35
368,32.88203,525.3509221,593.35,593.85
369,32.695273,514.704105,594.65,595.25
370,32.502599,519.199949,596.55,595.25
371,32.328488,516.9747119,596.55,596.55
372,32.150796,509.3839618,598.15,597.95
373,31.972607,517.467118,599.75,599.25
374,31.773989,508.0451417,601.55,600.55
375,31.572249,545.9415029,601.55,600.55
376,31.375092,522.9307065,605.75,601.95
377,31.188257,516.483482,607.35,603.15
378,31.051859,520.6250976,607.35,603.15
379,30.93483,525.5798765,607.35,604.45
380,30.753377,519.9395293,609.65,605.75
381,30.563332,511.4207602,611.05,606.95
382,30.363536,509.0929977,612.25,606.95
383,30.178255,520.0979602,613.65,608.25
384,30.001827,541.2768943,613.65,609.55
385,29.810913,558.0372385,614.95,610.85
386,29.602919,546.2262331,616.45,612.15
387,29.40694,551.8590989,616.45,612.15
388,29.213854,540.9871148,617.75,613.55
389,29.034424,539.45127,619.45,614.95
390,28.851688,540.9006219,621.15,616.35
391,28.640763,539.909698,621.15,616.35
392,28.469159,554.4176073,622.75,617.75
393,28.326881,515.5034307,624.55,619.25
394,28.102895,560.2436314,626.15,620.75
395,27.889218,558.0975001,627.85,620.75
396,27.676958,511.9163993,627.85,622.35
397,27.498413,538.2904625,629.55,623.95
398,27.324983,539.688093,631.35,625.45
399,27.124113,541.0095943,633.15,626.95
400,26.948996,542.5036262,633.15,626.95
401,26.738973,541.977709,,
402,26.578104,538.8813458,,
403,26.408639,554.0716398,,
404,26.220577,552.5319142,,
405,26.00788,526.9850237,,
406,25.80201,560.7180446,,
407,25.648367,564.6910206,,
408,25.47289,560.3533636,,
409,25.278274,568.7669983,,
410,25.068715,559.3324646,,
411,24.870987,588.1246232,,
412,24.671902,564.467485,,
413,24.459347,545.0638024,,
414,24.267562,530.7942893,,
415,24.068255,566.2643382,,
416,23.859642,575.5553281,,
417,23.667816,560.4110482,,
418,23.472727,565.7107569,,
419,23.305243,565.9077431,,
420,23.113268,567.4632868,,
421,22.914811,555.663334,,
422,22.719708,538.2243943,,
423,22.504325,547.6240076,,
424,22.305022,549.4201837,,
425,22.123647,550.949659,,
426,21.949416,543.4594376,,
427,21.743015,549.3876751,,
428,21.534964,537.5855433,,
429,21.309729,540.0787008,,
430,21.0944,530.1807298,,
431,20.890076,539.9696399,,
432,20.698475,528.2537654,,
433,20.575214,532.6783927,,
434,20.387624,522.8312638,,
435,20.191432,531.4157877,,
436,19.991553,510.2262645,,
437,19.81483,527.2007314,,
438,19.64345,514.6492271,,
439,19.487696,499.485348,,
440,19.291229,480.6409685,,
441,19.027976,487.0564756,,
442,18.872855,466.9454513,,
443,18.698901,483.2386439,,
444,18.516615,508.2545546,,
445,18.329823,500.8843086,,
446,18.163749,479.2478204,,
447,18.008502,447.7537761,,
448,17.857164,429.8698281,,
449,17.700501,418.0269177,,
450,17.526896,422.7117299,,
451,17.35575,409.1974013,,
452,17.199382,407.8699374,,
453,17.067281,408.7230654,,
454,16.919551,388.2473062,,
455,16.773395,387.4935418,,
456,16.639409,366.6954982,,
457,16.520274,368.2832529,,
458,16.393201,363.6276883,,
459,16.28071,357.8536231,,
460,16.132329,352.2240774,,
461,15.991749,350.3936445,,
462,15.858392,339.0492617,,
463,15.69913,320.6291448,,
464,15.618959,311.9026757,,
465,15.528363,296.2751323,,
466,15.409419,280.4139512,,
467,15.290229,272.2757639,,
468,15.21116,256.5976718,,
469,15.135254,247.5217581,,
470,15.034972,247.0332917,,
471,14.923767,245.3982357,,
472,14.820411,236.4664867,,
473,14.746815,224.7576025,,
474,14.675593,220.4109232,,
475,14.600226,224.1670304,,
476,14.517229,212.3904813,,
477,14.438796,206.2118261,,
478,14.377432,196.1765561,,
479,14.313731,195.0001099,,
480,14.234071,186.8920102,,
481,14.153455,184.832066,,
482,14.075127,189.3775623,,
483,13.964614,183.0572867,,
484,13.907912,173.0521549,,
485,13.857558,176.0524475,,
486,13.797457,172.8537223,,
487,13.73457,173.6154438,,
488,13.655081,164.6087965,,
489,13.589396,166.3570458,,
490,13.522982,167.742414,,
491,13.472641,170.7963888,,
492,13.420146,169.3686618,,
493,13.347006,169.8423489,,
494,13.287187,168.8065032,,
495,13.247238,159.8369299,,
496,13.199195,157.3449808,,
497,13.142381,160.1400238,,
498,13.094692,162.9146442,,
499,13.037874,159.5683329,,
500,12.974285,156.3135825,,
501,12.911893,158.2891251,,
502,12.877688,149.3150629,,
503,12.835652,146.1527874,,
504,12.783129,144.0340426,,
505,12.728384,143.3975168,,
506,12.688354,137.7754433,,
507,12.643042,136.73651,,
508,12.59377,129.2403293,,
509,12.539524,132.0292026,,
510,12.480575,130.5644439,,
511,12.435897,132.644218,,
512,12.391345,130.2861862,,
513,12.352892,130.973455,,
514,12.309965,128.0808704,,
515,12.270555,125.7965115,,
516,12.223269,124.352174,,
517,12.130597,126.0852807,,
518,12.114062,122.875177,,
519,12.094357,122.6444612,,
520,12.027925,121.179264,,
521,11.974133,120.8949081,,
522,11.917211,124.6796099,,
523,11.882036,126.0501406,,
524,11.833101,123.9046682,,
525,11.804395,117.5164786,,
526,11.76568,120.6505633,,
527,11.737087,115.3309908,,
528,11.703409,112.849381,,
529,11.639584,112.184429,,
530,11.600564,109.9478364,,
531,11.576275,109.7311105,,
532,11.534502,106.3456052,,
533,11.477342,111.5899492,,
534,11.451388,110.966731,,
535,11.371477,107.9500893,,
536,11.330663,105.2169774,,
537,11.300524,106.8585558,,
538,11.230478,103.5330179,,
539,11.213314,106.4945806,,
540,11.169835,108.2527513,,
541,11.162226,108.1813488,,
542,11.097497,108.3192518,,
543,11.054637,108.3821656,,
544,11.044768,100.9716468,,
545,11.035098,104.7411319,,
546,11.00815,102.8577055,,
547,10.965286,99.90332536,,
548,10.917423,102.5204177,,
549,10.878626,97.754145,,
550,10.834789,97.77859214,,
551,10.801298,96.04912583,,
552,10.743253,96.40015857,,
553,10.717387,98.69580786,,
554,10.681224,102.2351133,,
555,10.664722,100.4960782,,
556,10.62824,100.0861675,,
557,10.600008,94.97871786,,
558,10.558194,93.41797917,,
559,10.520042,94.158515,,
560,10.481962,98.05246107,,
561,10.457059,94.5708544,,
562,10.403126,95.60623917,,
563,10.348157,97.15443726,,
564,10.322662,95.12841202,,
565,10.306792,93.2753294,,
566,10.271771,94.70825131,,
567,10.23074,92.90389583,,
568,10.210763,92.64458583,,
569,10.178926,90.00937702,,
570,10.136939,91.48543774,,
571,10.126385,90.63235262,,
572,10.129999,90.18706643,,
573,10.091358,89.76420464,,
574,10.028459,91.05384821,,
575,9.977415,88.43098679,,
576,9.923846,87.19006905,,
577,9.886043,89.762325,,
578,9.854122,90.5724719,,
579,9.832897,92.58380488,,
580,9.802385,91.09686214,,
581,9.774432,89.37862833,,
582,9.754424,91.12141417,,
583,9.718929,89.78692667,,
584,9.687428,91.63113679,,
585,9.644095,91.2268775,,
586,9.618569,95.66800179,,
587,9.596336,92.2049806,,
588,9.5531,93.37323464,,
589,9.51886,94.12835917,,
590,9.493569,91.64140012,,
591,9.447607,94.57160738,,
592,9.41798,93.15486679,,
593,9.387022,91.84269821,,
594,9.358266,95.22757679,,
595,9.327167,91.30516738,,
596,9.296329,90.31219298,,
597,9.275553,91.07790952,,
598,9.24534,87.28643357,,
599,9.217512,86.40659333,,
600,9.189752,88.29937857,,
601,9.151347,86.37257726,,
602,9.129282,85.60533905,,
603,9.1083,87.57002833,,
604,9.067964,86.47356833,,
605,9.043691,85.68195702,,
606,9.003745,85.25867012,,
607,8.946186,83.67247786,,
608,8.903359,82.45892131,,
609,8.882454,82.21886786,,
610,8.85396,80.85684214,,
611,8.838402,82.67373333,,
612,8.812066,83.6825094,,
613,8.78681,84.42957083,,
614,8.751539,83.16345881,,
615,8.716705,82.37552917,,
616,8.701014,79.22545274,,
617,8.67474,73.46033429,,
618,8.647538,79.17855202,,
619,8.55167,79.3683269,,
620,8.574734,79.69774536,,
621,8.556039,79.54304726,,
622,8.509713,79.76305012,,
623,8.437413,77.97209095,,
624,8.420429,77.6800706,,
625,8.405921,79.13450214,,
626,8.374615,77.69930429,,
627,8.361941,77.40181619,,
628,8.352074,77.11769655,,
629,8.330949,76.79571262,,
630,8.269513,77.86060071,,
631,8.230275,76.59969988,,
632,8.203231,79.24286548,,
633,8.178841,79.32317714,,
634,8.147375,80.35211143,,
635,8.116717,81.0927069,,
636,8.10375,81.25826143,,
637,8.075732,80.57110655,,
638,8.052351,83.97576738,,
639,8.035287,81.08643929,,
640,8.002933,79.45687738,,
641,7.968664,77.69531286,,
642,7.946771,79.44517179,,
643,7.922759,76.8598844,,
644,7.888161,74.7782419,,
645,7.858924,73.99236381,,
646,7.836763,73.92185071,,
647,7.803039,74.19460679,,
648,7.76811,72.38788905,,
649,7.757769,70.5804744,,
650,7.7562,69.10496095,,
651,7.692759,72.10847179,,
652,7.666761,70.51964881,,
653,7.655048,69.89346774,,
654,7.617548,69.74073655,,
655,7.583253,69.52584167,,
656,7.558984,72.25168714,,
657,7.553404,69.28990143,,
658,7.531573,68.21503595,,
659,7.495462,68.61148095,,
660,7.446669,68.33824845,,
661,7.416956,68.90730083,,
662,7.4437,69.19002571,,
663,7.37496,68.8831181,,
664,7.354773,66.7739644,,
665,7.346639,69.0755906,,
666,7.279639,73.38749119,,
667,7.212275,73.63585155,,
668,7.3071,73.19346298,,
669,7.280278,69.94860643,,
670,7.230561,71.73688619,,
671,7.181109,73.96237881,,
672,7.158024,71.23723024,,
673,7.184954,71.37165357,,
674,7.166649,71.97823988,,
675,7.121375,69.66352548,,
676,7.074641,69.4731331,,
677,7.071446,67.99380893,,
678,7.035502,67.83097226,,
679,7.002922,68.61140167,,
680,6.969882,69.90633679,,
681,6.97193,68.75830476,,
682,6.957925,69.18258345,,
683,6.956445,69.19306964,,
684,7.004596,70.12885679,,
685,6.915302,66.79410155,,
686,6.870002,67.52779536,,
687,6.843573,68.8781369,,
688,6.824488,66.78611071,,
689,6.777187,68.08594274,,
690,6.737279,69.36811119,,
691,6.718806,66.49012714,,
692,6.695158,64.14780833,,
693,6.676671,61.90673452,,
694,6.655977,64.91284167,,
695,6.640848,64.9501344,,
696,6.610287,66.12933607,,
697,6.587922,62.9901556,,
698,6.562519,64.02622155,,
699,6.533893,66.87845571,,
700,6.500433,66.93461417,,
701,6.477945,63.31391679,,
702,6.43734,65.12272429,,
703,6.383018,66.70402429,,
704,6.380179,68.22358667,,
705,6.379609,68.95601869,,
706,6.379793,70.36496679,,
707,6.357412,67.54866714,,
708,6.326049,69.63619214,,
709,6.287542,69.45386905,,
710,6.273586,68.08001643,,
711,6.252492,67.0209175,,
712,6.244781,65.82444143,,
713,6.250327,63.4874875,,
714,6.213171,66.89429512,,
715,6.187355,64.55250357,,
716,6.156781,66.96191845,,
717,6.138876,65.73237929,,
718,6.087456,62.32421655,,
719,6.043096,60.98980071,,
720,6.046994,61.59307393,,
721,6.038789,59.3037731,,
722,6.019145,60.10856012,,
723,5.986409,59.7047044,,
724,5.936214,59.78149952,,
725,5.920251,59.7482906,,
726,5.922174,58.83441833,,
727,5.927769,61.17690179,,
728,5.885494,59.52719952,,
729,5.860441,58.12799238,,
730,5.839003,58.18897452,,
731,5.810858,61.4716044,,
732,5.768286,61.37027655,,
733,5.465192,65.08641083,,
734,5.626815,67.62767917,,
735,5.761107,67.91062488,,
736,5.72746,67.60095679,,
737,5.680381,68.05862857,,
738,5.652877,67.17718821,,
739,5.64407,66.44619298,,
740,5.724247,68.28936595,,
741,5.72015,71.79217321,,
742,5.59587,74.2159,,
743,5.563781,73.92132488,,
744,5.525896,71.33840012,,
745,5.493124,74.37567119,,
746,5.462392,76.27577036,,
747,5.424972,78.00253,,
748,5.406631,76.55478262,,
749,5.401604,76.24930369,,
750,5.368976,73.10792821,,
751,5.327591,75.46173607,,
752,5.299026,72.24491119,,
753,5.284485,70.12191702,,
754,5.270918,70.47729345,,
755,5.251351,66.57785012,,
756,5.235876,61.74848964,,
757,5.212309,63.40879155,,
758,5.19287,59.24001262,,
759,5.165906,58.22763214,,
760,5.148606,54.4605425,,
761,5.142827,52.34206667,,
762,5.143577,49.20081571,,
763,5.083976,47.59669,,
764,5.011006,45.65854298,,
765,5.066096,43.6874356,,
766,5.039119,45.45982024,,
767,5.006047,44.50154583,,
768,5.000795,42.18650905,,
769,4.991405,39.90583774,,
770,4.996214,41.14652512,,
771,5.010845,40.16212917,,
772,4.960896,41.30082107,,
773,4.953557,40.7904119,,
774,4.925704,38.90934667,,
775,4.936253,38.22650845,,
776,4.921424,38.5886394,,
777,4.899337,40.01394036,,
778,4.874236,40.0491925,,
779,4.853804,37.78891345,,
780,4.836373,38.01701821,,
781,4.835448,38.23305833,,
782,4.810154,37.77287548,,
783,4.75081,37.43054155,,
784,4.76157,36.3241381,,
785,4.782288,37.55602214,,
786,4.773271,35.30287667,,
787,4.777178,36.91446119,,
788,4.756178,34.97566548,,
789,4.729263,34.48896464,,
790,4.692221,34.34165702,,
791,4.68742,34.27014512,,
792,4.679003,32.2734106,,
793,4.679394,35.58254702,,
794,4.699027,34.95602667,,
795,4.701654,31.82278429,,
796,4.647904,32.71132905,,
797,4.631645,33.1218269,,
798,4.619055,34.57165345,,
799,4.62641,34.80138869,,
800,4.640236,32.36073821,,
801,4.599595,34.48467226,,
802,4.599939,32.39449583,,
803,4.611672,32.16582405,,
804,4.586224,31.71276857,,
805,4.56072,34.21688357,,
806,4.551148,33.88373226,,
807,4.540391,32.71100298,,
808,4.51881,31.93357488,,
809,4.502955,31.60748964,,
810,4.508796,31.94243964,,
811,4.52763,33.68770143,,
812,4.498005,33.1364444,,
813,4.465246,32.20727298,,
814,4.449477,30.15391881,,
815,4.450978,31.26547536,,
816,4.427299,31.28804286,,
817,4.418604,28.98803214,,
818,4.41012,30.81886202,,
819,4.39682,30.56821821,,
820,4.390836,30.59924262,,
821,4.36515,32.2211544,,
822,4.355031,33.97285107,,
823,4.347759,33.63106536,,
824,4.338096,36.17210905,,
825,4.325821,34.71948012,,
826,4.313468,33.11263333,,
827,4.310188,34.81811929,,
828,4.291514,33.75361667,,
829,4.272781,34.12931321,,
830,4.271402,34.57671524,,
831,4.261527,34.62533345,,
832,4.248045,31.48898631,,
833,4.240263,31.01683905,,
834,4.228833,31.47354679,,
835,4.22283,31.53905667,,
836,4.199303,30.07198905,,
837,4.185972,29.75185048,,
838,4.190406,30.50989298,,
839,4.173041,30.37530381,,
840,4.164798,31.97440083,,
841,4.153692,31.2739269,,
842,4.128044,32.25816238,,
843,4.120413,31.07258107,,
844,4.105694,30.87017655,,
845,4.09722,31.01311655,,
846,4.11172,31.53811488,,
847,4.094493,30.34242321,,
848,4.090578,31.58595964,,
849,4.07181,29.35034845,,
850,4.066195,30.2782919,,
851,4.069176,30.48070179,,
852,4.044663,28.80658512,,
853,4.013787,29.57305786,,
854,4.010169,31.12557381,,
855,3.992945,30.60953,,
856,3.993569,30.82162095,,
857,3.983968,31.7875206,,
858,3.981799,32.08656821,,
859,3.965928,31.57415845,,
860,3.945349,31.59292726,,
861,3.941791,30.94748298,,
862,3.935759,31.82759679,,
863,3.918191,30.9191344,,
864,3.901471,30.21926988,,
865,3.895617,30.77723179,,
866,3.880834,29.40153464,,
867,3.870722,28.6539475,,
868,3.861813,27.20060512,,
869,3.848927,27.31190476,,
870,3.835568,28.99710417,,
871,3.834565,28.63027095,,
872,3.827106,27.94520857,,
873,3.807013,27.09178071,,
874,3.798038,26.7718731,,
875,3.793012,28.53065226,,
876,3.773112,28.91641298,,
877,3.763215,27.98622,,
878,3.75726,26.14269738,,
879,3.744791,27.61069321,,
880,3.721685,27.93112262,,
881,3.708904,27.71927607,,
882,3.714142,26.74614024,,
883,3.697207,28.86150726,,
884,3.684859,27.349,,
885,3.67514,27.48392393,,
886,3.667424,27.45992988,,
887,3.663633,29.14986226,,
888,3.650207,28.84880298,,
889,3.634126,29.03473583,,
890,3.615369,28.02001071,,
891,3.612577,29.19319571,,
892,3.613,26.50525286,,
893,3.604285,28.03556405,,
894,3.591795,29.07121476,,
895,3.566725,26.67179702,,
896,3.553908,27.83090714,,
897,3.550428,30.45861131,,
898,3.546798,29.22815512,,
899,3.537278,29.80956024,,
900,3.519184,30.04893071,,
901,3.502519,29.01641964,,
902,3.491096,31.83286464,,
903,3.473088,30.13756762,,
904,3.46115,29.91957905,,
905,3.454227,29.83284619,,
906,3.447484,29.82758774,,
907,3.436417,32.24066,,
908,3.435582,32.56630714,,
909,3.432052,34.06084667,,
910,3.424767,35.80132071,,
911,3.405894,35.69426321,,
912,3.390711,35.06431821,,
913,3.382512,34.44259357,,
914,3.377822,34.90863393,,
915,3.36913,35.70229024,,
916,3.359024,35.97452238,,
917,3.335672,35.43969238,,
918,3.311863,35.22286036,,
919,3.303109,36.67659976,,
920,3.291139,34.85728,,
921,3.298273,34.6122481,,
922,3.276726,37.62640821,,
923,3.252543,37.02480524,,
924,3.24082,38.5369144,,
925,3.221409,38.11835821,,
926,3.21219,37.33337738,,
927,3.209418,35.27862798,,
928,3.197777,34.75784714,,
929,3.187966,35.15815286,,
930,3.185212,35.10982167,,
931,3.151414,35.24137905,,
932,3.126947,34.51459845,,
933,3.119075,35.09252667,,
934,3.085906,36.14179286,,
935,3.113641,34.8787619,,
936,3.119844,35.3851925,,
937,3.102992,34.66784131,,
938,3.075213,36.59532333,,
939,3.03895,37.73381548,,
940,3.041141,36.19056905,,
941,3.03855,38.52184524,,
942,3.019566,37.72772964,,
943,3.007935,37.69358821,,
944,3.007567,37.3221,,
945,3.00643,36.91087202,,
946,3.002007,35.74852917,,
947,2.987339,36.74122417,,
948,2.968142,36.72976845,,
949,2.955293,35.13165714,,
950,2.940503,35.02688786,,
951,2.929877,35.59507119,,
952,2.922512,34.15232095,,
953,2.905904,34.15904429,,
954,2.88626,33.72943286,,
955,2.887499,32.81902762,,
956,2.884202,33.5085681,,
957,2.883792,34.12293036,,
958,2.880051,34.23193536,,
959,2.866535,33.12301071,,
960,2.843244,32.7201631,,
961,2.833231,31.71471821,,
962,2.812399,32.77958833,,
963,2.799174,32.80712024,,
964,2.796216,31.94640202,,
965,2.79121,33.39345,,
966,2.73859,33.42048024,,
967,2.716984,33.29419464,,
968,2.712655,35.17099798,,
969,2.638227,36.19861762,,
970,2.684187,33.23848012,,
971,2.701217,34.92858024,,
972,2.733308,35.53688381,,
973,2.788196,35.29138429,,
974,2.734091,37.51049083,,
975,2.68702,38.13521321,,
976,2.664036,36.70284738,,
977,2.656052,35.9792131,,
978,2.647988,32.84343,,
979,2.638106,34.08508714,,
980,2.611756,36.71313964,,
981,2.605,33.60171369,,
982,2.58459,34.53744381,,
983,2.571948,33.6491844,,
984,2.57,33.39243321,,
985,2.57236,33.79250548,,
986,2.549366,33.78053405,,
987,2.545369,34.96605726,,
988,2.547583,36.30159595,,
989,2.526911,34.27845488,,
990,2.502797,35.2913244,,
991,2.490944,36.99012238,,
992,2.500727,37.50229655,,
993,2.522806,35.10463702,,
994,2.500505,36.02139976,,
995,2.431431,35.3386094,,
996,2.441341,33.18574143,,
997,2.438523,32.19045619,,
998,2.46171,31.99541405,,
999,2.458114,28.57698726,,
1000,2.414463,27.25114024,,
