Time (s),Mass (g),HRR (kW/m2),TC Top (K),TC back 1 (K),TC back 2 (K)
0,99.37,7.085980153,305.424,293.65,293.206
1,99.615636,5.00599561,305.673,293.655,293.212
2,95.475447,4.193050152,325.88,293.636,293.187
3,90.670829,3.261668182,365.279,293.671,293.199
4,88.842229,2.699263801,410.152,293.671,293.192
5,87.884231,4.937890154,450.934,293.663,293.192
6,86.526495,3.123439811,463.556,293.664,293.196
7,85.094544,2.309722154,484.751,293.694,293.185
8,83.887754,2.995852015,512.4,293.722,293.189
9,82.842361,3.323890581,535.066,293.717,293.176
10,81.887526,2.335916202,555.305,293.723,293.169
11,81.060112,4.586700798,562.028,293.728,293.17
12,80.360265,9.691537045,573.478,293.758,293.076
13,79.821704,35.5800771,596.093,293.78,293.105
14,79.331929,40.42623043,626.35,293.811,293.201
15,78.309362,87.40956194,652.367,293.829,293.197
16,77.720492,137.2143041,660.643,293.831,293.18
17,77.364624,162.7307671,673.573,293.829,293.191
18,77.146375,179.870921,688.798,293.699,293.19
19,76.920782,189.1000247,703.719,293.842,293.207
20,76.686821,200.8806407,718.764,293.86,293.211
21,76.498737,209.1966114,724.153,293.799,293.206
22,76.120644,213.6527254,734.819,294.002,293.152
23,75.518169,211.2882001,746.795,294.158,293.136
24,74.329793,210.785726,759.265,294.246,293.096
25,72.744642,208.3380825,773.198,294.32,293.039
26,71.899062,200.0989771,777.985,294.344,293.023
27,71.535047,192.0530839,781.994,294.483,293.032
28,71.179876,180.9579623,787.001,294.646,293.047
29,70.775966,178.7864928,792.967,294.877,293.063
30,70.271609,170.6243984,800.099,295.138,293.093
31,69.823287,167.8991595,809.021,295.495,293.167
32,69.460623,161.1969389,812.305,295.634,293.199
33,69.055542,148.2636029,815.41,295.775,293.195
34,68.6207,137.848577,822.626,296.077,293.196
35,68.170624,135.2630161,839.368,296.603,293.194
36,67.790438,133.5719546,845.601,297.149,293.154
37,67.558632,128.781698,846.251,297.419,293.132
38,67.345717,123.0084896,849.66,297.644,293.123
39,67.19429,121.2502894,854.626,298.081,293.072
40,67.053822,124.2343565,858.076,298.642,293.041
41,66.916908,119.148543,862.192,299.283,293.015
42,66.769631,115.8197571,863.747,299.495,293.004
43,66.638456,118.6080374,867.201,299.888,292.975
44,66.577065,117.845676,877.247,300.743,292.986
45,66.563308,114.3475169,883.694,301.393,292.967
46,66.483912,115.3203288,884.519,302.148,292.955
47,66.375951,112.7465478,884.484,302.531,292.959
48,66.277119,108.9967831,884.858,302.896,292.94
49,66.197143,112.2079309,890.919,303.619,292.953
50,66.104104,114.9404963,897.528,304.365,292.955
51,66.036702,111.8268209,902.384,305.195,292.963
52,66.026793,108.3732224,903.831,305.505,292.972
53,65.970481,108.0630398,905.486,306.101,292.991
54,65.894637,105.0930708,909.725,306.913,292.981
55,65.807991,104.1301019,912.954,307.824,293.028
56,65.670936,105.3843123,914.633,308.704,293.014
57,65.540174,102.136131,915.153,308.97,292.991
58,65.426592,101.6691297,919.541,309.509,292.961
59,65.332702,103.0588268,923.092,310.444,293.005
60,65.265656,103.023607,927.761,311.346,293.055
61,65.177341,101.4020619,929.357,312.275,293.092
62,65.120465,102.3161537,928.658,312.623,293.11
63,65.095952,100.9968753,932.37,313.149,293.103
64,65.053205,102.6697357,936.862,314.143,293.134
65,64.951663,100.1378022,937.082,315.069,293.177
66,64.909577,98.25431189,939.28,315.996,293.18
67,64.876345,97.32410068,937.76,316.957,293.256
68,64.77171,97.63507761,936.137,317.284,293.299
69,64.624366,97.4401298,936.516,317.909,293.234
70,64.496979,95.04445294,948.236,318.868,293.252
71,64.401483,94.09847091,953.637,319.775,293.263
72,64.375923,93.55971374,950.421,320.706,293.292
73,64.359495,90.66998962,948.936,321.025,293.311
74,64.313088,91.79378346,945.297,321.624,293.282
75,64.271615,95.75799073,943.897,322.562,293.317
76,64.208886,97.95515895,944.412,323.47,293.34
77,64.135143,94.04768219,947.81,324.409,293.345
78,64.087381,93.73744822,949.78,324.741,293.35
79,64.066718,94.5987854,951.116,325.4,293.368
80,64.028559,92.94374482,955.144,326.358,293.404
81,63.981289,93.12500269,955.239,327.237,293.433
82,63.91359,91.85568967,952.612,328.208,293.457
83,63.863889,91.08711179,951.696,328.562,293.465
84,63.789259,92.85698848,951.347,329.168,293.516
85,63.721121,93.78368717,959.882,330.138,293.544
86,63.663048,92.7274357,965.503,331.256,293.545
87,63.601249,90.63599273,963.286,332.071,293.595
88,63.576107,85.7039708,961.713,332.293,293.622
89,63.546484,82.04556589,965.971,332.963,293.599
90,63.493539,86.02356811,966.831,334.062,293.613
91,63.420945,86.84727107,968.954,334.798,293.652
92,63.379344,88.7864024,973.668,335.267,293.691
93,63.362046,89.47652513,970.893,336.116,293.702
94,63.292678,86.04658798,971.081,337.146,293.738
95,63.198981,85.16588554,971.95,337.735,293.781
96,63.175168,86.64930862,976.063,338.682,293.832
97,63.184626,84.86014219,975.349,339.671,293.858
98,63.161322,83.37201163,973.74,340.025,293.864
99,63.105218,82.3464824,973.839,340.67,293.859
100,63.083028,83.58180897,969.067,341.653,293.856
101,63.078751,85.16476392,974.091,342.618,293.913
102,63.060435,82.54123719,977.334,343.824,294.001
103,63.002583,80.30333064,971.637,344.752,294.022
104,62.897295,80.97951845,969.365,344.99,294.019
105,62.82473,80.94802855,968.717,345.54,294.081
106,62.797321,81.79058124,967.537,346.458,294.142
107,62.8115,83.59430198,970.099,347.413,294.165
108,62.819788,82.53005307,971.934,348.347,294.236
109,62.762822,81.35282545,971.837,348.753,294.281
110,62.671299,83.3875924,973.925,349.259,294.278
111,62.588787,80.98046722,979.764,350.11,294.318
112,62.530879,79.84949625,979.505,351.036,294.372
113,62.482571,82.98799709,977.237,351.933,294.401
114,62.435113,82.76684307,977.199,352.236,294.409
115,62.36644,80.5424058,977.281,352.805,294.485
116,62.328914,80.40330673,974.4,353.663,294.572
117,62.224381,80.87073552,972.925,354.47,294.627
118,62.161137,79.55533426,978.431,355.319,294.699
119,62.156054,80.43419715,981.827,355.639,294.731
120,62.130755,80.03188599,980.471,356.216,294.747
121,62.080611,81.05261443,979.78,357.101,294.836
122,62.048962,78.96658019,979.23,358.091,294.918
123,62.02504,80.32764817,991.461,358.966,295.024
124,61.970572,79.84099543,998.754,359.195,295.072
125,61.905262,79.74775812,993.635,359.666,295.039
126,61.87158,80.18856009,989.39,360.444,295.12
127,61.840522,81.5342291,991.27,361.43,295.196
128,61.771784,80.79227575,990.615,362.413,295.283
129,61.70293,82.4954644,989.661,362.732,295.328
130,61.660903,82.45838117,989.344,363.262,295.376
131,61.60475,80.94912011,985.171,364.113,295.434
132,61.578489,79.84977372,983.425,364.957,295.502
133,61.560305,78.14791603,985.045,365.773,295.59
134,61.509409,76.60924175,985.722,366.053,295.622
135,61.400711,77.30998213,984.11,366.59,295.684
136,61.328265,78.06227879,981.435,367.343,295.801
137,61.294978,77.401235,979.355,368.049,295.885
138,61.278416,76.80837688,991.064,368.821,295.965
139,61.239738,78.54759029,990.408,369.609,296.044
140,61.200195,77.308389,985.059,369.925,296.072
141,61.162758,77.46226234,989.922,370.405,296.163
142,61.07173,78.30185606,990.591,371.082,296.282
143,60.961432,80.17729685,986.334,371.777,296.36
144,60.889088,78.532599,986.498,372.671,296.435
145,60.831636,79.69073131,993.688,373.231,296.468
146,60.738848,81.82819039,997.947,373.777,296.587
147,60.633694,80.41760822,1001.664,374.58,296.732
148,60.617311,78.85690156,999.623,375.387,296.812
149,60.583665,79.92199584,994.555,376.337,296.974
150,60.50801,80.73603011,992.967,376.705,297.064
151,60.466817,82.71762213,991.027,377.25,297.087
152,60.406692,79.72330974,991.404,378.073,297.172
153,60.3639,77.96500448,990.433,378.944,297.311
154,60.272485,78.07829975,987.992,379.735,297.41
155,60.172912,78.84296939,986.987,380.058,297.441
156,60.130185,77.10630004,983.699,380.599,297.591
157,60.091653,77.50619219,989.616,381.433,297.729
158,59.993102,77.8952759,994.392,382.298,297.837
159,59.868239,75.89646704,992.212,383.154,297.963
160,59.874151,75.68707932,991.225,383.441,298.005
161,59.868922,77.86074372,990.791,383.958,298.11
162,59.801938,77.38199991,990.984,384.709,298.256
163,59.740544,77.64584695,990.663,385.51,298.389
164,59.724336,77.39798641,994.281,386.27,298.509
165,59.65575,76.77381174,997.132,386.602,298.563
166,59.612958,75.77500079,1001.774,387.015,298.688
167,59.612095,76.2660814,1001.256,387.749,298.869
168,59.576238,78.30111385,1000.57,388.332,299.006
169,59.509669,78.39125888,1000.84,389.057,299.183
170,59.452966,77.21222442,999.312,389.556,299.298
171,59.391049,78.4962174,997.002,390.074,299.362
172,59.339317,77.81527024,995.604,390.763,299.475
173,59.259598,77.81062863,1004.617,391.507,299.654
174,59.168346,78.39052126,1006.382,392.242,299.809
175,59.115526,79.36614092,1007.256,392.945,299.958
176,59.072143,78.52371366,1009.733,393.265,300.034
177,59.071768,79.45664064,1002.861,393.712,300.169
178,59.069396,79.73913542,998.871,394.45,300.342
179,59.065285,78.68679388,1005.453,395.187,300.509
180,59.095588,78.02238833,1009.25,395.997,300.706
181,59.151189,78.61744027,1008.915,396.306,300.779
182,59.196259,76.02067338,1005.917,396.726,300.875
183,59.172617,76.31865048,1006.506,397.468,301.021
184,59.129738,78.246978,1005.878,398.29,301.205
185,59.076121,78.49986986,1003.45,399.088,301.442
186,59.007147,78.96133596,1003.175,399.37,301.53
187,58.934926,79.66738077,1004.466,399.789,301.637
188,58.894053,78.21641564,1006.557,400.435,301.837
189,58.860587,76.42953235,1008.667,401.249,302.009
190,58.820022,77.17117094,1006.851,402.184,302.21
191,58.778219,76.66970906,1005.218,402.493,302.291
192,58.670615,75.65759024,1017.768,402.978,302.427
193,58.590764,76.81314597,1022.557,403.696,302.624
194,58.57986,78.22491695,1016.558,404.458,302.837
195,58.537138,76.39569814,1017.395,405.237,303.02
196,58.46013,77.21828601,1020.731,405.576,303.086
197,58.404386,78.20035176,1012.104,405.986,303.233
198,58.355681,78.53588919,1007.99,406.799,303.465
199,58.285507,78.56438924,1017.477,407.583,303.66
200,58.231858,78.89193538,1016.659,408.368,303.887
201,58.157874,78.63746022,1012.7,408.731,303.996
202,58.087099,75.44495518,1015.787,409.13,304.094
203,58.054646,77.8435838,1013.704,409.91,304.315
204,58.017407,78.49037005,1008.02,410.77,304.549
205,57.984697,76.91675702,1007.884,411.538,304.767
206,57.941453,76.14136671,1007.588,412.25,305.012
207,57.883642,75.33985136,1006.446,412.589,305.134
208,57.84685,74.0239979,1008.265,413.179,305.243
209,57.797457,75.42675307,1014.508,413.924,305.452
210,57.697377,78.29526374,1013.963,414.694,305.701
211,57.646753,77.84473947,1011.934,415.361,305.91
212,57.647816,77.86987079,1012.737,415.81,306.063
213,57.640364,78.02300918,1013.113,415.92,306.09
214,57.590776,76.4617297,1018.739,417.059,306.383
215,57.498319,77.13707476,1021.834,417.911,306.635
216,57.438249,77.52502063,1031.724,418.718,306.9
217,57.372043,75.87764397,1038.806,419.043,307.01
218,57.331991,77.22681396,1032.543,419.529,307.162
219,57.285387,78.66846597,1032.514,420.385,307.404
220,57.212326,78.50910465,1030.207,421.225,307.64
221,57.131273,76.0414133,1026.204,422.121,307.879
222,57.078061,75.95426522,1025.992,422.452,307.961
223,57.038012,75.22318714,1028.842,422.901,308.119
224,57.027023,74.66099393,1026.516,423.758,308.402
225,56.97893,77.14996076,1025.063,424.644,308.576
226,56.900844,77.24293697,1028.772,425.508,308.856
227,56.845771,76.00039784,1030.34,425.86,309.026
228,56.762866,78.10636099,1031.305,426.357,309.177
229,56.670314,77.3858281,1034.409,427.274,309.459
230,56.619431,76.25795645,1037.455,428.187,309.744
231,56.571367,75.40882975,1029.582,429.074,309.989
232,56.502947,76.46117945,1023.433,429.466,310.088
233,56.464237,76.68076902,1023.737,430.014,310.261
234,56.445336,77.55598717,1016.276,430.915,310.526
235,56.413009,79.29973847,1014.216,431.778,310.802
236,56.337033,79.16396003,1020.189,432.684,311.055
237,56.248892,77.97124397,1023.217,433.088,311.147
238,56.220623,78.3060092,1026.814,433.474,311.341
239,56.181057,76.52658007,1022.307,434.502,311.671
240,56.100366,75.0079342,1024.771,435.535,311.915
241,56.003999,77.75755736,1036.268,436.443,312.198
242,55.923941,78.46361766,1042.559,436.934,312.474
243,55.857701,77.10820886,1031.627,437.461,312.563
244,55.813062,77.56190712,1022.751,438.579,312.723
245,55.803556,79.36062019,1022.243,439.521,313.045
246,55.778758,77.98658881,1029.641,440.412,313.312
247,55.723511,76.61313343,1036.462,441.432,313.59
248,55.660893,76.5147645,1037.623,441.858,313.732
249,55.620468,76.30497249,1033.873,442.404,313.875
250,55.61627,77.12438948,1031.97,443.466,314.171
251,55.620614,78.99046358,1026.27,444.482,314.445
252,55.580478,76.40637088,1022.459,445.507,314.73
253,55.541134,74.79481329,1023.501,445.977,314.869
254,55.503478,74.91001155,1029.118,446.488,315.014
255,55.407128,75.53712812,1034.487,447.506,315.32
256,55.316236,75.99015567,1037.771,448.543,315.613
257,55.224447,78.00307099,1033.33,449.59,315.935
258,55.126966,77.22394992,1027.156,450.071,316.106
259,55.053186,77.93150045,1032.31,450.637,316.293
260,55.006243,75.8751502,1036.703,451.7,316.61
261,54.97875,73.02474444,1030.998,452.792,316.882
262,54.927462,73.94443994,1034.371,453.78,317.199
263,54.90824,75.52711792,1038.672,454.171,317.347
264,54.875212,75.14193358,1030.585,454.744,317.503
265,54.791742,75.46346156,1023.222,455.787,317.833
266,54.704208,77.33814917,1026.91,456.797,318.13
267,54.613317,78.55209264,1026.773,458.036,318.459
268,54.509038,76.70647681,1024.832,458.535,318.594
269,54.462401,75.68146665,1033.306,458.966,318.793
270,54.465394,74.31669954,1041.608,459.889,319.136
271,54.414749,71.91779523,1041.279,460.89,319.468
272,54.384,72.04550214,1042.55,461.89,319.77
273,54.37093,72.59626578,1044.072,462.307,319.888
274,54.334742,73.08682021,1036.753,462.868,320.085
275,54.299163,74.88423364,1034.87,463.869,320.433
276,54.246969,76.23483372,1037.278,464.837,320.734
277,54.168295,76.24469822,1033.562,465.781,321.029
278,54.095254,77.15101786,1029.788,466.815,321.391
279,54.033468,74.93534958,1037.649,467.288,321.562
280,53.997932,73.10669317,1039.981,467.825,321.747
281,53.959975,73.97467311,1034.113,468.809,322.078
282,53.892329,75.52570363,1028.401,469.879,322.437
283,53.836076,72.98869134,1027.894,470.902,322.771
284,53.778687,73.01403256,1029.511,471.35,322.912
285,53.729499,75.56709452,1027.872,471.928,323.135
286,53.697786,76.9758096,1029.345,472.949,323.488
287,53.685312,76.83074705,1030.777,473.791,323.81
288,53.664231,76.15325305,1036.311,474.784,324.187
289,53.643583,75.55494607,1042.033,475.41,324.402
290,53.62083,77.14484749,1038.22,476.04,324.618
291,53.609053,77.30327496,1036.23,476.981,324.927
292,53.581132,76.50795431,1037.201,477.992,325.249
293,53.539837,77.68790028,1032.734,479.224,325.612
294,53.579473,77.47266024,1028.993,479.774,325.765
295,53.676782,76.89063679,1034.882,480.176,325.958
296,53.694991,78.05166707,1036.712,481.048,326.322
297,53.640983,77.30550567,1037.115,482.091,326.674
298,53.626158,76.3663629,1034.365,483.099,327.012
299,53.529206,74.88228212,1031.473,483.51,327.159
300,53.448349,72.95368161,1038.495,484.014,327.38
301,53.438258,73.37047404,1041.842,485.034,327.779
302,53.370369,73.62168744,1040.515,486.04,328.156
303,53.288198,75.86195579,1040.865,487.088,328.531
304,53.290202,74.06666739,1039.833,487.567,328.686
305,53.313077,74.29194689,1037.482,488.149,328.921
306,53.261615,74.95743225,1043.043,489.11,329.293
307,53.105137,73.63711445,1034.283,490.11,329.687
308,52.954017,73.85807732,1037.424,491.071,330.016
309,52.888761,74.75297079,1047.953,491.542,330.155
310,52.87621,74.83713102,1048.921,492.041,330.391
311,52.865994,77.99144401,1049.277,493.033,330.833
312,52.828948,77.88018311,1043.907,494.068,331.236
313,52.72595,73.76516012,1039.275,494.84,331.526
314,52.635936,75.17407557,1037.364,495.476,331.772
315,52.585998,75.95603329,1043.282,496.5,332.207
316,52.428077,73.30282795,1044.681,497.016,332.411
317,52.425691,73.99030846,1053.059,497.997,332.821
318,52.403479,75.83934872,1042.226,498.981,333.167
319,52.362524,74.84239251,1035.001,499.933,333.541
320,52.286465,75.60455313,1039.232,500.411,333.768
321,52.228632,77.11711402,1039.093,500.897,333.987
322,52.180622,77.45288657,1036.403,501.927,334.421
323,52.096122,76.03896189,1039.094,502.943,334.817
324,52.037807,74.22960947,1047.733,503.936,335.2
325,52.02641,74.68251569,1051.773,504.445,335.395
326,51.998466,76.51421398,1045.928,504.996,335.62
327,51.959744,78.13411021,1047.033,505.97,336.018
328,51.894644,76.61357093,1048.867,506.967,336.408
329,51.86098,77.38306994,1045.109,508.033,336.815
330,51.833943,77.63851139,1044.088,508.44,336.971
331,51.766787,76.8347494,1037.12,508.82,337.167
332,51.698625,76.59061012,1039.533,509.84,337.579
333,51.648854,77.30939056,1053.024,510.956,338.001
334,51.640571,75.69828729,1048.721,511.956,338.402
335,51.63485,75.85648882,1042.203,512.394,338.574
336,51.538838,77.47705646,1044.516,512.999,338.807
337,51.413054,74.89112943,1059.445,513.999,339.2
338,51.351558,72.82006329,1067.791,514.941,339.6
339,51.330756,75.06399984,1054.955,516.004,340.029
340,51.3002,75.28242152,1046.374,517.167,340.408
341,51.25754,74.4929781,1042.063,517.797,340.598
342,51.191717,74.23984502,1035.591,518.202,340.864
343,51.137652,72.73274864,1037.391,519.11,341.327
344,51.139392,73.43035051,1047.713,519.995,341.706
345,51.150953,75.65933835,1055.043,520.436,342.078
346,51.13291,74.61109269,1055.301,521.056,342.283
347,51.102682,75.40632618,1048.758,522.117,342.532
348,51.154213,76.45116831,1045.084,523.042,342.921
349,51.262257,75.89188358,1053.965,523.983,343.311
350,51.316141,74.41954727,1060.539,524.925,343.684
351,51.238056,74.71415576,1060.829,525.335,343.841
352,51.126085,75.33205809,1048.872,525.825,344.081
353,51.036548,75.45580142,1051.134,526.782,344.52
354,50.928517,77.00206232,1054.955,527.778,344.94
355,50.827483,75.0824302,1051.067,528.7,345.337
356,50.768364,72.61433768,1052.972,529.113,345.519
357,50.71281,73.0567075,1045.972,529.727,345.753
358,50.672186,74.05464008,1035.088,530.669,346.153
359,50.626735,72.86674222,1032.758,531.61,346.569
360,50.56566,74.21579898,1043.665,532.578,346.968
361,50.479663,75.73740179,1050.349,532.968,347.124
362,50.422557,74.7473749,1051.337,533.454,347.344
363,50.380291,75.9628073,1048.417,534.455,347.813
364,50.318778,78.28923183,1049.366,535.336,348.224
365,50.227563,77.07094824,1051.253,536.248,348.629
366,50.1382,76.23247916,1049.854,536.671,348.815
367,50.067065,75.34567933,1061.104,537.147,349.015
368,50.024093,74.69449565,1058.84,538.019,349.383
369,49.997638,75.13721983,1047.403,538.957,349.793
370,49.93178,77.02218666,1053.603,539.91,350.199
371,49.87506,77.53387305,1056.324,540.337,350.372
372,49.817981,78.3156954,1051.409,540.821,350.541
373,49.754748,77.41646949,1040.657,541.805,350.976
374,49.687356,75.51127032,1045.206,542.703,351.405
375,49.625271,75.23981376,1061.341,543.552,351.781
376,49.584923,76.90448646,1070.102,543.986,351.974
377,49.519599,78.41646945,1065.592,544.547,352.197
378,49.465658,77.89661778,1059.205,545.447,352.576
379,49.43669,77.460455,1052.042,546.345,352.966
380,49.390806,77.25085684,1053.548,547.234,353.353
381,49.321896,78.57562973,1055.486,548.148,353.722
382,49.289658,79.95728679,1052.28,548.59,353.884
383,49.265215,79.43006349,1060.069,549.059,354.116
384,49.185983,77.07642002,1057.378,549.933,354.516
385,49.101011,77.13066039,1060.094,550.839,354.884
386,49.02528,79.47207846,1060.916,551.715,355.261
387,48.977571,77.66310129,1053.41,552.098,355.436
388,48.91345,77.93468719,1056.815,552.588,355.639
389,48.794863,76.59284404,1059.826,553.476,356.034
390,48.723572,75.8537951,1073.702,554.364,356.413
391,48.699362,76.89903177,1073.474,555.188,356.773
392,48.632758,76.24967559,1063.315,555.619,356.98
393,48.54803,75.66061016,1057.797,556.104,357.178
394,48.506281,78.54678965,1056.637,557.022,357.527
395,48.458201,82.95943983,1062.909,557.882,357.899
396,48.401702,80.49488081,1065.893,558.485,358.207
397,48.369269,77.16606556,1065.71,559.033,358.445
398,48.328432,78.74203288,1068.242,559.433,358.854
399,48.167072,77.10642701,1064.467,560.375,359.004
400,48.113022,76.48397421,1059.131,561.257,359.377
401,48.047904,79.3152453,1057.995,562.145,359.755
402,47.965069,78.80979727,1053.268,562.573,359.931
403,47.903356,77.74639809,1049.222,563.082,360.112
404,47.879679,78.28243184,1050.034,563.935,360.467
405,47.839654,76.35061471,1055.798,564.83,360.83
406,47.861633,75.85721967,1060.967,565.742,361.19
407,47.890786,78.28824689,1063.575,566.114,361.352
408,47.879711,77.93460034,1059.74,566.543,361.52
409,47.888077,77.36523995,1055.083,567.479,361.893
410,47.94051,79.56656041,1052.046,568.39,362.249
411,48.057733,79.79200095,1056.645,569.258,362.591
412,48.082467,78.20949394,1062.457,569.658,362.754
413,47.958052,79.20714692,1054.767,570.126,362.927
414,47.852818,79.00656314,1059.197,570.826,363.29
415,47.780732,78.08389927,1061.689,571.663,363.663
416,47.686433,78.77532339,1057.227,572.65,363.974
417,47.608624,79.62904043,1063.277,573.54,364.277
418,47.530971,80.15458677,1067.598,574.002,364.456
419,47.443569,81.14442122,1059.876,574.434,364.628
420,47.356341,81.25105884,1052.919,575.255,364.939
421,47.265624,79.7496325,1056.641,576.112,365.211
422,47.170718,79.65703715,1061.18,576.966,365.53
423,47.099234,79.26769502,1062.107,577.382,365.725
424,47.017632,78.6044961,1056.182,577.981,365.899
425,46.960763,79.87249883,1054.158,578.86,366.28
426,46.906323,81.67780781,1059.844,579.549,366.598
427,46.809774,81.15651991,1061.906,580.403,366.924
428,46.700673,80.54317841,1061.146,580.796,367.09
429,46.576716,80.82852766,1059.09,581.297,367.255
430,46.496459,79.27821255,1066.856,582.233,367.558
431,46.421917,77.75493722,1065.048,583.073,367.92
432,46.351187,78.84586991,1048.555,583.842,368.253
433,46.313142,79.09041127,1043.366,584.226,368.378
434,46.257118,77.52670242,1060.662,584.694,368.528
435,46.196184,79.20253831,1081.667,585.473,368.821
436,46.160813,81.30686459,1072.65,586.309,369.13
437,46.135945,78.86195236,1055.322,587.167,369.392
438,46.052826,79.1050293,1054.85,587.569,369.514
439,45.976766,81.064414,1053.847,588.077,369.714
440,45.945784,79.06362143,1056.183,588.916,370.027
441,45.885378,76.66700505,1053.808,589.74,370.3
442,45.827411,79.60855286,1057.894,590.526,370.581
443,45.784357,80.26513747,1065.785,590.918,370.736
444,45.711807,79.33217732,1060.15,591.435,370.851
445,45.63297,79.71229147,1057.354,592.251,371.14
446,45.572563,78.98144293,1060.844,592.993,371.47
447,45.49813,77.88904324,1066.832,593.779,371.733
448,45.405044,80.4005757,1073.536,594.18,371.887
449,45.361643,80.9263304,1068.022,594.653,372.04
450,45.308894,80.32500083,1062.499,595.509,372.341
451,45.219007,82.80987027,1056.44,596.334,372.568
452,45.151687,80.92416829,1057.402,597.095,372.812
453,45.116187,79.02148581,1066.287,597.875,373.107
454,45.083246,79.0793917,1071.288,598.32,373.253
455,45.004954,78.48725219,1074.571,598.785,373.406
456,44.951925,80.48617541,1072.232,599.564,373.665
457,44.931235,81.0540608,1063.99,600.354,373.925
458,44.913071,77.64868778,1075.17,601.21,374.198
459,44.889139,77.14592536,1086.903,601.585,374.318
460,44.824285,77.74068061,1070.178,602.163,374.446
461,44.737983,77.14813224,1055.696,603.046,374.702
462,44.682336,77.18654301,1062.661,603.745,374.941
463,44.609136,78.00780285,1065.783,604.711,375.188
464,44.547342,77.55769944,1063.331,605.216,375.295
465,44.478985,77.14195338,1053.973,605.555,375.47
466,44.399436,76.4716547,1061.719,606.29,375.742
467,44.332416,75.63715404,1071.345,607.167,375.963
468,44.278529,76.884855,1069.391,607.984,376.169
469,44.195432,77.31542028,1071.06,608.342,376.263
470,44.127926,77.15114033,1070.937,608.788,376.366
471,44.098682,78.00489699,1069.853,609.687,376.583
472,44.047568,78.28420205,1068.511,610.363,376.751
473,43.982992,77.07087762,1067.495,610.886,376.879
474,43.914275,78.21913497,1065.153,611.658,377.089
475,43.835357,77.40760891,1075.01,612.586,377.275
476,43.772212,75.97600958,1072.147,613.025,377.359
477,43.761223,77.340204,1075.072,613.86,377.58
478,43.722557,77.50817987,1074.368,614.69,377.734
479,43.656545,76.97505367,1068.912,615.19,377.773
480,43.620705,78.3261002,1071.298,615.599,377.905
481,43.587599,76.66147772,1075.546,616.474,378.111
482,43.501719,75.84572119,1072.275,617.405,378.298
483,43.430713,78.65103173,1071.069,618.287,378.462
484,43.395636,76.99580548,1074.425,619.181,378.635
485,43.37391,76.01701208,1076.049,619.629,378.747
486,43.337027,76.6651901,1078.371,620.076,378.801
487,43.256805,77.02540011,1072.859,620.995,378.977
488,43.213862,75.20186021,1072.463,621.89,379.157
489,43.187658,75.66853388,1071.181,622.788,379.313
490,43.140013,76.99502415,1062.397,623.289,379.417
491,43.086881,78.57454161,1064.973,623.859,379.483
492,43.037485,78.55536982,1064.046,624.823,379.634
493,43.005097,75.93336861,1063.469,625.68,379.793
494,42.970712,78.06331405,1068.986,626.62,379.94
495,42.924042,79.04910538,1072.525,627.08,380.002
496,42.838373,76.61555654,1080.133,627.563,380.091
497,42.768827,77.25154207,1075.912,628.526,380.247
498,42.702793,79.46419428,1060.486,629.462,380.432
499,42.617045,77.9946712,1054.206,630.439,380.613
500,42.554079,77.04171739,1052.95,630.958,380.668
501,42.489664,75.74855276,1054.474,631.458,380.74
502,42.442507,76.94536692,1056.01,632.468,380.897
503,42.423589,80.56920856,1070.194,633.52,381.075
504,42.400409,79.54731278,1081.123,634.647,381.242
505,42.399488,78.51495475,1080.272,635.198,381.315
506,42.365425,79.92027956,1071.78,635.562,381.39
507,42.329229,78.74510354,1066.985,636.43,381.568
508,42.348647,77.94559337,1070.853,637.41,381.733
509,42.423853,80.15758002,1079.484,638.37,381.923
510,42.543099,79.52507127,1088.57,638.915,382.066
511,42.636109,79.06007725,1083.12,639.463,382.141
512,42.642068,77.13028532,1081.273,640.395,382.294
513,42.553079,75.31044642,1075.276,641.415,382.478
514,42.459632,76.93679403,1069.782,642.563,382.682
515,42.390669,78.05407226,1074.951,643.099,382.779
516,42.295856,77.11410352,1077.921,643.54,382.865
517,42.187877,79.58915086,1082.968,644.576,383.062
518,42.13681,82.29341123,1086.974,645.668,383.264
519,42.09187,80.52841393,1086.116,646.743,383.45
520,42.043537,79.99570479,1074.37,647.831,383.672
521,42.020424,80.65215139,1066.659,648.348,383.793
522,41.95001,81.02962122,1067.101,648.925,383.905
523,41.856622,82.98656402,1075.895,649.944,384.101
524,41.822741,81.28661652,1082.732,651.05,384.31
525,41.808236,78.37976608,1077.174,652.193,384.527
526,41.772958,79.20723746,1072.972,652.785,384.643
527,41.745399,82.02585744,1068.096,653.354,384.761
528,41.678978,81.89162123,1061.189,654.519,384.989
529,41.597572,81.09120224,1069.901,655.7,385.23
530,41.518152,80.23529573,1073.652,656.766,385.463
531,41.411659,80.65615426,1069.11,657.312,385.58
532,41.317376,80.95766679,1069.424,657.855,385.708
533,41.279535,80.14323528,1063.03,659.041,385.962
534,41.262415,79.58232305,1072.943,660.188,386.193
535,41.201813,81.98688795,1091.615,661.339,386.419
536,41.10094,82.73334579,1094.619,662,386.537
537,40.998439,81.78054628,1079.87,662.568,386.648
538,40.935494,79.57239963,1064.707,663.722,386.887
539,40.895957,78.7945442,1065.062,664.862,387.117
540,40.850916,80.30134982,1062.839,666.246,387.36
541,40.76658,77.19906347,1060.094,666.999,387.49
542,40.653651,76.79150854,1059.432,667.646,387.613
543,40.575206,78.76818178,1063.392,668.879,387.891
544,40.584979,81.62472322,1063.029,670.232,388.187
545,40.541762,80.27269454,1064.271,671.519,388.424
546,40.363165,78.06615713,1072.913,672.267,388.7
547,40.286111,75.94783262,1078.077,672.897,388.875
548,40.288398,76.88439499,1078.076,674.163,388.989
549,40.202634,79.71948692,1066.509,675.455,389.256
550,40.119808,80.69010112,1057.057,676.719,389.528
551,40.082023,80.507518,1055.279,677.873,389.769
552,40.026849,80.58561695,1057.528,678.611,389.926
553,39.958971,80.03925433,1075.475,679.204,390.104
554,39.920962,80.21411622,1087.329,680.378,390.42
555,39.884005,82.24984086,1080.062,681.565,390.686
556,39.844688,80.7139222,1084.448,682.785,390.963
557,39.816212,79.95137392,1089.908,683.398,391.117
558,39.718252,80.33370361,1079.391,683.94,391.243
559,39.639693,79.91148528,1069.877,685.083,391.516
560,39.593222,79.09888873,1074.325,686.322,391.842
561,39.551761,80.44193772,1079.396,687.34,392.117
562,39.526023,80.67142011,1083.967,687.936,392.274
563,39.470428,81.28382414,1082.932,688.438,392.395
564,39.428205,81.69547197,1084.857,689.594,392.741
565,39.39595,78.84935377,1087.376,690.726,393.067
566,39.321517,78.86055162,1086.965,691.798,393.311
567,39.250484,80.28891899,1088.476,692.404,393.478
568,39.194972,80.76415817,1085.462,692.947,393.624
569,39.146564,80.60102378,1073.476,694.09,393.958
570,39.090394,81.9497465,1079.072,695.122,394.237
571,39.011197,78.72543125,1087.525,696.207,394.577
572,38.940805,78.76218762,1082.818,696.763,394.795
573,38.908352,81.71455104,1081.591,697.301,394.94
574,38.881077,80.17713236,1069.962,698.32,395.252
575,38.81697,81.97012614,1062.594,699.387,395.618
576,38.721002,82.43176351,1070.242,700.282,395.947
577,38.643915,80.88503547,1073.464,700.692,396.114
578,38.596085,82.40680675,1069.616,701.328,396.292
579,38.547611,81.65698849,1076.662,702.491,396.631
580,38.47072,79.07410515,1085.853,703.514,396.986
581,38.39203,80.55757198,1077.003,704.461,397.329
582,38.34599,81.13380271,1068.865,705.479,397.677
583,38.303323,80.49263078,1071.666,705.958,397.848
584,38.250295,79.86610507,1072.179,706.354,398.015
585,38.187298,81.01196725,1064.586,707.288,398.38
586,38.156575,82.22049866,1074.633,708.422,398.734
587,38.170686,80.93119155,1080.593,709.375,399.036
588,38.111376,79.21054619,1064.906,709.748,399.188
589,38.051777,79.6668527,1079.562,710.296,399.431
590,38.019085,82.11937729,1093.679,711.291,399.826
591,37.94721,80.45636857,1088.014,712.207,400.175
592,37.876176,80.53341069,1068.365,713.135,400.542
593,37.814099,80.93071245,1056.099,713.592,400.72
594,37.705766,80.902399,1069.019,714.106,400.922
595,37.599352,82.5086303,1083.925,714.967,401.262
596,37.539586,83.97561429,1078.119,715.82,401.636
597,37.480616,83.05371757,1066.715,716.737,402.069
598,37.418954,83.3188985,1069.629,717.195,402.273
599,37.356536,83.66673618,1071.045,717.549,402.409
600,37.253436,82.44002499,1072.937,718.437,402.77
601,37.17419,81.46562541,1079.115,719.385,403.18
602,37.140366,79.92248429,1081.257,720.266,403.562
603,37.096281,81.20900678,1075.545,720.74,403.771
604,37.04119,81.87909492,1071.505,721.123,403.917
605,36.984128,80.80799515,1067.269,721.98,404.277
606,36.962509,79.81562615,1074.753,722.904,404.7
607,36.960999,80.48440393,1085.77,723.774,405.111
608,36.922125,80.20955528,1090.682,724.257,405.35
609,36.865784,79.88858423,1087.346,724.635,405.516
610,36.782668,80.73756326,1083.443,725.521,405.892
611,36.698456,82.15785542,1085.781,726.502,406.315
612,36.65032,81.27335659,1082.208,727.483,406.737
613,36.613096,80.76035902,1076.011,728.488,407.138
614,36.561034,80.91397766,1082.829,729.053,407.368
615,36.509766,80.29249135,1083.507,729.482,407.561
616,36.462732,80.27617181,1079.937,730.423,407.955
617,36.405931,79.96179214,1079.077,731.587,408.41
618,36.364438,79.7213005,1084.376,732.563,408.839
619,36.312894,80.21326616,1098.275,732.973,409.054
620,36.23376,80.17841473,1093.083,733.429,409.235
621,36.151479,81.34777343,1075.865,734.351,409.615
622,36.085067,83.35363331,1076.858,735.343,410.046
623,36.03396,84.02423217,1090.201,736.313,410.456
624,35.951917,85.68299555,1088.111,736.763,410.637
625,35.909412,85.84970715,1094.283,737.234,410.85
626,36.017359,86.829154,1094.741,738.147,411.236
627,36.143516,84.08377477,1081.961,739.053,411.639
628,36.138584,84.44495327,1072.815,740.013,412.12
629,36.075386,86.35226446,1070.423,740.593,412.406
630,35.979557,86.4397339,1078.246,741.054,412.649
631,35.858304,83.73664492,1097.2,742.025,413.146
632,35.738609,84.15012012,1104.902,743.017,413.6
633,35.654912,83.35210611,1109.86,744.008,414.045
634,35.588075,82.71332127,1119.47,744.514,414.288
635,35.572075,84.86617903,1107.826,744.889,414.439
636,35.549711,85.52595836,1082.66,745.846,414.867
637,35.466086,84.10622523,1075.8,746.809,415.344
638,35.372819,84.78284985,1079.926,747.753,415.807
639,35.307763,85.05519041,1077.424,748.291,416.085
640,35.25447,84.56962452,1088.962,748.795,416.332
641,35.22377,83.49606771,1089.995,749.7,416.78
642,35.250345,85.05604178,1078.259,750.654,417.207
643,35.311828,85.55488733,1078.151,751.632,417.634
644,35.35035,83.81580602,1076.535,752.106,417.878
645,35.277276,84.99795927,1092.275,752.568,418.102
646,35.167495,84.31119079,1103.2,753.487,418.543
647,35.07503,80.56339422,1095.503,754.405,418.949
648,34.978696,82.34820434,1105.369,755.375,419.376
649,34.867428,82.38463144,1107.626,756.491,419.887
650,34.816433,78.90361347,1093.248,757.101,420.139
651,34.779239,81.7315187,1085.818,757.891,420.345
652,34.711328,84.99148578,1084.78,759.564,420.772
653,34.65333,84.21481664,1086.92,761.195,421.218
654,34.564932,83.55096888,1079.052,762.604,421.673
655,34.481973,84.02313083,1084.252,763.488,421.967
656,34.408798,84.32352976,1084.773,764.052,422.129
657,34.308777,84.03948875,1093.201,765.444,422.571
658,34.231092,85.0930361,1098.195,766.663,423.022
659,34.163787,85.00173869,1082.486,767.892,423.512
660,34.093402,84.5929836,1072.949,768.555,423.781
661,34.021649,85.9067264,1082.378,769.113,424.027
662,33.949528,86.67376535,1092.222,770.264,424.478
663,33.907507,84.49849757,1085.3,771.462,424.905
664,33.873445,85.36958196,1084.237,772.638,425.365
665,33.824976,86.88789246,1091.4,773.211,425.596
666,33.745326,85.02643313,1098.28,773.633,425.775
667,33.655171,85.83140979,1104.78,774.754,426.256
668,33.567865,86.23135976,1100.2,775.895,426.747
669,33.495028,84.93056431,1095.13,777.094,427.284
670,33.444118,85.13215845,1084.149,777.7,427.575
671,33.403967,84.95812479,1082.614,778.166,427.768
672,33.374072,84.33885634,1087.48,779.244,428.228
673,33.336579,84.59609476,1090.525,780.369,428.713
674,33.270325,85.84400319,1083.678,781.436,429.171
675,33.232278,87.31900554,1086.067,782.09,429.467
676,33.201864,84.40105191,1084.482,782.542,429.649
677,33.134247,84.88672376,1096.042,783.557,430.111
678,33.070498,84.11032999,1103.533,784.632,430.581
679,32.990903,84.27508219,1080.458,785.913,431.078
680,32.918909,85.05863161,1071.954,786.492,431.353
681,32.854731,85.23155837,1074.751,786.994,431.58
682,32.817132,84.2624338,1076.261,788.05,432.043
683,32.806834,83.50466442,1087.137,789.116,432.505
684,32.781669,83.58180509,1113.667,790.236,432.998
685,32.721707,84.97619047,1113.938,791.329,433.483
686,32.658834,86.01151214,1096.455,791.876,433.736
687,32.573643,85.77360664,1091.632,792.342,433.965
688,32.534563,83.09346405,1081.92,793.453,434.446
689,32.567866,83.46355133,1083.063,794.553,434.911
690,32.591907,85.57055886,1094.129,795.763,435.448
691,32.620199,87.05159935,1098.466,796.356,435.666
692,32.561852,86.72557333,1098.759,796.782,435.875
693,32.4813,87.11759025,1108.74,798.001,436.387
694,32.446623,86.23375362,1110.836,799.041,436.827
695,32.430622,86.73822289,1089.895,799.957,437.323
696,32.480215,88.01042961,1079.353,800.591,437.635
697,32.557087,87.6364418,1075.937,801.1,437.853
698,32.602028,84.89222222,1083.251,802.175,438.313
699,32.583735,86.43549673,1091.86,803.227,438.815
700,32.532519,87.8098838,1096.265,804.215,439.321
701,32.510092,86.90698723,1106.253,804.726,439.569
702,32.476793,86.87757894,1096.06,805.167,439.798
703,32.411568,86.97067498,1083.723,806.05,440.253
704,32.327701,86.82932384,1082.497,806.972,440.724
705,32.281376,88.29577946,1082.728,807.956,441.241
706,32.268355,87.98636247,1082.941,808.394,441.481
707,32.197077,86.16206431,1084.426,808.795,441.709
708,32.084575,86.71427832,1093.489,809.696,442.214
709,32.008036,84.73188465,1103.049,810.603,442.711
710,31.96589,86.29876069,1101.367,811.438,443.205
711,31.885708,87.56750875,1099.482,811.965,443.541
712,31.821167,86.10041303,1094.044,812.301,443.705
713,31.772865,86.50537898,1083.263,813.135,444.2
714,31.721177,87.26353931,1087.551,814.083,444.714
715,31.641129,85.03804234,1089.957,815.108,445.169
716,31.551655,83.08969841,1081.879,815.642,445.493
717,31.47961,84.55678324,1079.265,815.999,445.677
718,31.43712,84.81692706,1080.881,816.953,446.182
719,31.412309,83.3465596,1087.663,817.923,446.684
720,31.367657,85.80591508,1084.106,818.787,447.172
721,31.24715,87.22611639,1087.521,819.685,447.701
722,31.106312,86.32055365,1100.945,820.371,448.022
723,31.034018,87.92763022,1100.934,820.786,448.241
724,30.994028,89.71870174,1090.769,821.66,448.726
725,30.918608,86.44694488,1079.507,822.555,449.226
726,30.858507,85.31230696,1091.959,823.453,449.723
727,30.821701,87.28289867,1102.272,823.929,450.02
728,30.780516,85.95916602,1099.338,824.275,450.208
729,30.748363,86.85283964,1090.275,825.05,450.646
730,30.68135,87.89018374,1084.653,825.9,451.19
731,30.610029,86.92439437,1089.921,826.725,451.754
732,30.584353,85.8043859,1090.735,827.128,452.021
733,30.524471,86.35473853,1094.134,827.426,452.212
734,30.445824,84.08207787,1100.703,828.269,452.749
735,30.367863,85.04296698,1102.284,829.107,453.288
736,30.268608,86.4328331,1107.349,829.917,453.776
737,30.193994,85.94269772,1113.41,830.449,454.06
738,30.143437,86.29822951,1114.461,830.81,454.298
739,30.098213,86.70107248,1116.302,831.577,454.775
740,30.021132,85.01132478,1110.096,832.339,455.221
741,29.956214,86.48051733,1101.274,833.243,455.804
742,29.907227,87.7909307,1107.295,833.718,456.139
743,29.835446,86.88400875,1106.558,834.065,456.35
744,29.755537,87.73524547,1102.291,834.897,456.846
745,29.700529,89.35670657,1097.688,835.7,457.336
746,29.659294,88.77028603,1092.186,836.469,457.831
747,29.59388,88.9955105,1082.93,836.985,458.149
748,29.487063,89.92297136,1082.877,837.296,458.359
749,29.374703,88.88095423,1088.087,837.98,458.83
750,29.32372,86.36356824,1089.354,838.703,459.331
751,29.318074,87.05321013,1084.241,839.445,459.864
752,29.257874,87.54161261,1092.127,840.135,460.399
753,29.17684,88.96839475,1088.541,840.533,460.698
754,29.143577,89.55085421,1083.984,840.828,460.901
755,29.108355,88.32768518,1087.437,841.493,461.361
756,29.024462,85.4989061,1102.853,842.267,461.895
757,28.962259,88.43235484,1109.855,843.02,462.421
758,28.925332,88.44494687,1103.074,843.409,462.705
759,28.877142,87.72461916,1096.715,843.697,462.937
760,28.830938,88.36629708,1088.824,844.37,463.438
761,28.780953,89.32718213,1085.714,845.087,463.956
762,28.709008,88.3854586,1084.546,845.718,464.476
763,28.639503,86.59438597,1089.773,846.116,464.809
764,28.607904,86.83260911,1086.721,846.436,465.039
765,28.605201,86.08916224,1085.197,847.074,465.524
766,28.562889,85.168382,1095.269,847.745,466.042
767,28.532791,85.03778542,1097.663,848.469,466.577
768,28.504477,87.28448464,1085.607,848.877,466.89
769,28.434879,87.95801764,1084.754,849.201,467.131
770,28.356626,88.71280533,1085.396,849.853,467.615
771,28.252549,87.30823222,1091.894,850.495,468.1
772,28.217895,86.36532587,1097.535,851.142,468.661
773,28.167285,88.03491609,1097.096,851.428,468.945
774,28.057607,89.81179839,1094.014,851.818,469.195
775,27.904668,89.7842171,1090.893,852.567,469.727
776,27.830956,92.56376894,1093.227,853.251,470.23
777,27.811892,91.42788076,1096.248,853.964,470.716
778,27.765021,88.79542718,1097.638,854.407,471.045
779,27.744072,91.35346442,1102.308,854.694,471.266
780,27.680071,88.30434188,1102.958,855.396,471.811
781,27.626095,86.89111515,1100.521,856.125,472.319
782,27.567947,89.4391407,1100.862,856.87,472.816
783,27.500328,88.71901277,1093.542,857.309,473.159
784,27.425361,90.19553549,1092.997,857.635,473.361
785,27.353212,89.58754057,1089.465,858.407,473.833
786,27.315702,87.50554169,1092.253,859.349,474.369
787,27.293327,88.19402034,1104.812,860.233,474.901
788,27.233301,87.91210371,1102.446,860.894,475.422
789,27.22725,87.18521991,1096.512,861.284,475.743
790,27.256768,87.24443835,1099.432,861.574,475.93
791,27.204338,89.66316528,1097.653,862.345,476.462
792,27.126845,86.92268779,1087.005,863.065,476.971
793,27.090171,85.52094395,1082.242,863.798,477.511
794,27.030167,87.45253394,1080.586,864.234,477.877
795,26.954195,88.21538038,1085.442,864.556,478.089
796,26.887774,89.81145529,1094.548,865.225,478.563
797,26.816104,89.27450922,1099.191,865.926,479.109
798,26.746857,90.13875469,1100.721,866.659,479.646
799,26.742219,91.07602464,1102.134,867.05,479.903
800,26.739331,90.37679124,1099.031,867.342,480.132
801,26.676626,86.96284764,1092.3,868.055,480.681
802,26.621819,89.17268078,1091.89,868.715,481.176
803,26.584646,90.86932937,1098.493,869.42,481.719
804,26.566216,91.17905325,1102.122,869.784,482.005
805,26.537507,91.79209255,1105.59,870.059,482.234
806,26.477857,91.03283896,1100.03,870.772,482.819
807,26.417628,88.45712822,1087.51,871.374,483.305
808,26.426612,87.35066,1089.371,872.012,483.825
809,26.430677,87.61470919,1089.048,872.413,484.155
810,26.367848,89.6363684,1092.433,872.579,484.292
811,26.280676,89.9537813,1098.324,873.301,484.898
812,26.229721,91.05542527,1090.745,873.979,485.457
813,26.138635,87.82525087,1092.05,874.536,485.922
814,26.055831,87.47927561,1102.873,874.897,486.257
815,25.9581,90.68691486,1097.117,875.142,486.507
816,25.876303,91.50731815,1090.473,875.668,487.055
817,25.828644,89.88097458,1085.957,876.143,487.578
818,25.791236,88.64963603,1082.284,876.57,488.061
819,25.788367,88.88535699,1086.005,876.822,488.539
820,25.77795,89.18004776,1084.697,876.982,488.905
821,25.713045,91.15896577,1092.461,877.466,489.083
822,25.647993,90.26735293,1104.422,877.868,489.56
823,25.5785,90.34866598,1100.87,878.342,490.174
824,25.551958,90.13942765,1102.576,878.798,490.694
825,25.818969,88.86269433,1097.013,879.052,491.012
826,26.081281,89.8771374,1101.858,879.236,491.262
827,25.607489,92.73377817,1102.427,879.648,491.797
828,25.315092,90.82412594,1091.817,880.097,492.349
829,25.230884,90.47268444,1095.32,880.517,492.827
830,25.187649,92.83365881,1099.213,880.834,493.117
831,25.124851,92.13037036,1114.991,881.369,493.75
832,25.052104,92.6981805,1112.918,881.481,493.867
833,25.096792,91.96051477,1097.483,882.089,494.494
834,25.005679,90.44009959,1102.948,882.601,495.017
835,24.932037,92.1402967,1114.196,882.898,495.297
836,24.877371,93.45265434,1111.71,883.147,495.581
837,24.831366,94.15349834,1110.08,883.789,496.171
838,24.789825,94.9249245,1115.076,884.374,496.702
839,24.742106,92.13020116,1120.624,884.789,497.264
840,24.729506,91.61407186,1121.774,885.098,497.602
841,24.716508,92.63579684,1115.735,885.361,497.82
842,24.678479,90.85853383,1100.134,885.925,498.364
843,24.660404,88.24862238,1091.944,886.478,498.972
844,24.621836,91.16693394,1101.651,887.027,499.508
845,24.550707,92.7514518,1108.341,887.359,499.859
846,24.444,90.91486687,1104.291,887.618,500.11
847,24.421234,92.07080727,1112.152,888.146,500.672
848,24.420915,90.78239619,1123.85,888.673,501.251
849,24.301005,89.83646299,1104.744,889.268,501.851
850,24.242352,89.10462833,1096.972,889.555,502.177
851,24.151675,88.97106135,1098.78,889.864,502.398
852,24.031728,89.16762666,1096.299,890.5,502.966
853,23.944248,91.93484754,1094.79,890.874,503.532
854,23.863349,91.73121435,1105.441,891.365,504.148
855,23.753313,90.8867386,1104.585,891.813,504.677
856,23.700111,92.4782804,1102.449,892.07,504.989
857,23.625636,90.32708098,1096.181,892.261,505.251
858,23.4939,91.60504229,1094.31,892.673,505.832
859,23.389413,90.35234011,1094.541,893.098,506.432
860,23.325999,89.13119971,1099.176,893.539,507.014
861,23.292775,91.58109629,1112.267,893.767,507.306
862,23.211099,93.11587643,1106.169,893.993,507.569
863,23.142521,92.8204124,1099.362,894.44,508.099
864,23.066763,94.79803893,1105.62,894.852,508.624
865,22.998257,93.66748839,1107.309,895.306,509.232
866,22.956004,91.95246685,1097.428,895.583,509.603
867,22.892047,93.19382322,1098.772,895.804,509.829
868,22.827676,93.97577235,1104.659,896.334,510.389
869,22.761953,93.02644063,1110.102,896.883,510.999
870,22.701216,92.9320387,1111.325,897.428,511.577
871,22.632947,93.00236131,1113.025,897.768,511.901
872,22.542451,90.8609064,1112.553,897.982,512.132
873,22.457745,92.95544341,1103.686,898.52,512.686
874,22.424873,94.86466314,1086.624,899.13,513.287
875,22.387587,93.34451181,1087.723,899.647,513.847
876,22.351356,92.78528777,1093.907,899.95,514.192
877,22.293871,93.38707804,1102.795,900.132,514.418
878,22.2173,92.71126626,1112.063,900.57,514.955
879,22.164622,95.08640504,1104.543,901.039,515.55
880,22.075193,95.56028305,1103.12,901.448,516.129
881,21.943954,94.33611377,1099.403,901.68,516.469
882,21.876339,96.16683453,1101.083,901.832,516.674
883,21.854967,93.79175846,1107.31,902.201,517.221
884,21.811606,91.01889334,1110.209,902.631,517.965
885,21.75927,91.83299388,1103.069,903.037,518.643
886,21.708395,92.40667934,1100.124,903.268,519.306
887,21.684872,91.92642826,1102.401,903.456,519.718
888,21.648479,96.03429495,1101.68,903.802,520.037
889,21.583282,96.74317686,1096.275,904.198,520.836
890,21.529819,94.38536855,1096.909,904.746,521.477
891,21.496469,94.36465127,1100.5,905.132,522.083
892,21.466381,95.03128932,1109.127,905.317,522.401
893,21.406534,94.49289119,1105.467,905.445,522.612
894,21.382908,93.91054851,1099.542,905.767,523.163
895,21.334787,92.77672194,1103.497,906.089,523.726
896,21.277378,94.58475717,1105.356,906.357,524.218
897,21.213742,96.03528559,1099.727,906.505,524.538
898,21.107733,94.35939029,1099.649,906.663,524.727
899,21.034781,94.09546203,1098.606,907.003,525.137
900,20.971239,91.92172968,1094.8,907.326,525.526
901,20.91807,93.95326051,1109.402,907.728,526.126
902,20.830523,95.12334392,1089.848,908.139,526.722
903,20.819371,94.24070042,1092.473,908.247,526.885
904,20.768576,94.54386979,1095.692,908.596,527.402
905,20.697914,98.46693035,1089.752,909.021,528.009
906,20.598913,97.1155306,1089.863,909.386,528.542
907,20.526,95.31644806,1093.145,909.615,528.89
908,20.462946,95.59838505,1091.912,909.776,529.086
909,20.374844,93.53442207,1094.857,910.175,529.581
910,20.285327,93.35808021,1095.187,910.583,530.099
911,20.234244,94.34084782,1089.252,911.043,530.759
912,20.205476,94.92509879,1110.353,911.221,531.091
913,20.150009,93.19261871,1103.132,911.343,531.257
914,20.095001,94.37719383,1092.503,911.683,531.804
915,20.043404,94.324637,1099.276,911.939,532.339
916,19.973759,96.23745338,1106.518,912.329,532.959
917,19.897612,96.6387121,1116.81,912.71,533.483
918,19.845611,95.39093458,1105.024,912.974,533.889
919,19.843881,94.94813487,1107.097,913.146,534.105
920,19.801304,95.62630866,1103.319,913.636,534.705
921,19.743615,95.28856344,1088.394,914.14,535.267
922,19.6739,95.98987037,1084.063,914.67,535.841
923,19.602345,97.25676908,1084.753,914.993,536.237
924,19.522757,95.90462616,1089.446,915.14,536.42
925,19.479432,95.37758409,1097.922,915.572,536.981
926,19.442777,93.44303885,1093.942,916.043,537.653
927,19.404797,94.35630763,1088.036,916.41,538.221
928,19.355303,95.52669726,1083.525,916.572,538.513
929,19.294798,96.05151331,1088.035,916.669,538.692
930,19.226239,94.63005015,1094.67,917.029,539.331
931,19.174245,97.24325239,1088.526,917.343,539.889
932,19.115227,96.24470829,1097.56,917.636,540.432
933,19.019369,96.03776611,1115.608,917.893,540.838
934,18.989883,97.99060967,1107.389,918.034,541.081
935,18.948321,98.16519094,1091.752,918.398,541.655
936,18.865896,95.67126848,1085.27,918.847,542.28
937,18.771287,96.11532982,1088.38,919.25,542.88
938,18.734317,96.61276035,1096.921,919.53,543.286
939,18.671314,97.54889876,1093.595,919.652,543.517
940,18.605376,98.09149337,1089.119,919.952,544.096
941,18.529743,96.86696279,1093.143,920.284,544.682
942,18.46618,96.66700642,1103.408,920.703,545.278
943,18.415722,97.12365037,1112.03,920.969,545.631
944,18.389525,96.82400544,1104.891,921.14,545.838
945,18.296826,96.64268801,1088.12,921.641,546.473
946,18.195299,100.6086263,1083.135,922.091,547.122
947,18.184,98.3036412,1086.224,922.429,547.676
948,18.160683,96.18198979,1098.789,922.642,548.089
949,18.099056,97.86465688,1089.553,922.759,548.297
950,18.027611,97.00608271,1074.944,923.035,548.876
951,17.952146,100.2993942,1083.624,923.239,549.534
952,17.888103,100.9008198,1091.613,923.501,550.083
953,17.815011,98.80195327,1100.16,923.892,550.695
954,17.786552,94.65733941,1100.558,923.954,551.068
955,17.749106,94.88282678,1106.271,924.122,551.347
956,17.695084,95.11917229,1104.636,924.505,551.966
957,17.623823,97.50136451,1080.184,924.862,552.536
958,17.589878,98.04973883,1073.836,925.244,553.175
959,17.573518,96.6465842,1083.092,925.51,553.597
960,17.490055,97.51990278,1091.307,925.644,553.833
961,17.427296,97.10168062,1105.269,925.966,554.43
962,17.344327,102.450964,1102.784,926.289,555.065
963,17.244724,101.3930495,1090.045,926.669,555.773
964,17.186236,100.1941573,1085.023,926.87,556.139
965,17.123854,99.79112232,1083.256,927.025,556.395
966,17.090927,98.63304455,1082.093,927.45,557.041
967,17.028948,96.72081143,1082.268,927.899,557.696
968,16.969693,96.85443694,1080.738,928.239,558.268
969,16.910378,98.72139724,1084.366,928.476,558.684
970,16.852906,97.76389659,1079.989,928.569,558.914
971,16.789793,99.55730869,1073.079,928.88,559.551
972,16.704251,99.48911833,1080.348,929.213,560.142
973,16.602971,98.90796934,1089.799,929.524,560.68
974,16.559385,98.37261897,1081.666,929.958,561.198
975,16.487162,96.81860006,1085.738,929.994,561.458
976,16.41551,97.06634963,1086.164,930.158,562.065
977,16.343167,101.1921064,1075.62,930.435,562.678
978,16.255546,100.4372772,1078.148,930.703,563.3
979,16.193466,99.82055787,1093.46,930.901,563.752
980,16.141819,101.5454421,1090.473,931.047,563.998
981,16.10475,100.6361949,1087.007,931.448,564.677
982,16.055227,100.2056465,1085.53,931.811,565.287
983,15.988611,100.3503664,1075.313,932.176,565.951
984,15.908047,99.05135442,1079.154,932.456,566.665
985,15.868543,99.90523952,1089.955,932.626,567.106
986,15.809767,101.5367191,1086.3,932.692,567.359
987,15.70852,99.03366935,1080.67,932.893,568.002
988,15.663968,100.8312364,1079.225,933.171,568.662
989,15.635437,102.2994485,1073.438,933.488,569.422
990,15.600354,102.1532654,1072.785,933.648,569.841
991,15.532354,102.0499439,1076.209,933.719,570.06
992,15.461924,100.8786068,1083.29,933.961,570.795
993,15.356408,99.81623525,1079.454,934.218,571.505
994,15.314162,101.3720714,1078.579,934.475,572.212
995,15.304347,103.6276673,1083.582,934.604,572.645
996,15.254905,101.4616247,1083.838,934.677,572.85
997,15.174445,101.1806615,1084.532,934.913,573.466
998,15.141964,101.0167483,1082.4,935.285,574.242
999,15.132275,103.5942725,1073.88,935.72,574.965
1000,15.065884,102.4228847,1066.928,936.025,575.446
1001,15.01923,104.0532315,1068.079,936.114,575.702
1002,14.98017,104.2584311,1071.382,936.541,576.424
1003,14.917329,103.7941885,1071.429,937.131,577.143
1004,14.838853,102.3865225,1068.555,937.502,577.818
1005,14.766196,103.6955266,1069.532,937.784,578.302
1006,14.694128,102.9359898,1076.221,937.852,578.51
1007,14.625716,104.6105273,1089.888,938.12,579.242
1008,14.58379,105.1638294,1078.053,938.439,579.976
1009,14.528374,103.3148958,1073.748,938.758,580.704
1010,14.492753,102.0505797,1077.858,939.022,581.198
1011,14.453157,103.9189373,1078.15,939.148,581.459
1012,14.354268,102.153789,1077.89,939.45,582.179
1013,14.249281,103.288277,1074.865,939.676,582.94
1014,14.220854,103.634676,1071.894,939.854,583.616
1015,14.2146,101.3403813,1071.016,939.961,584.271
1016,14.141669,102.0898839,1069.16,940.045,584.766
1017,14.086713,100.1700064,1063.701,940.369,585.091
1018,14.051895,101.7863859,1068.605,940.692,585.844
1019,13.992704,100.9136466,1081.559,940.967,586.552
1020,13.967144,100.9558119,1082.262,941.245,587.333
1021,13.931619,102.1799898,1081.663,941.388,587.794
1022,13.876762,102.7744687,1077.808,941.511,588.102
1023,13.797622,100.4433808,1071.639,941.724,588.753
1024,13.709134,102.0606092,1070.418,941.914,589.416
1025,13.626486,104.5190689,1076.635,942.211,590.174
1026,13.55144,102.6781197,1084.131,942.36,590.671
1027,13.507281,105.1841296,1083.728,942.444,590.925
1028,13.495516,102.2345429,1088.303,942.679,591.6
1029,13.457364,102.1543362,1099.152,942.97,592.386
1030,13.424355,102.6275175,1084.351,943.259,593.155
1031,13.347872,100.2989589,1076.885,943.464,593.614
1032,13.262394,102.0844142,1075.297,943.63,593.926
1033,13.197336,105.6252706,1077.828,944.063,594.665
1034,13.140422,105.973458,1081.044,944.502,595.333
1035,13.099578,107.7927711,1068.51,945.022,596.117
1036,13.088285,107.7283855,1069.388,945.382,596.587
1037,13.061293,104.0239671,1068.577,945.549,596.877
1038,12.978907,106.3456781,1068.711,945.956,597.615
1039,12.895678,107.4986858,1072.71,946.315,598.337
1040,12.824762,106.6228747,1069.887,946.694,599.147
1041,12.752046,108.8015377,1060.681,946.878,599.622
1042,12.720996,110.4266744,1062.947,946.978,599.884
1043,12.687322,109.0587936,1071.393,947.292,600.731
1044,12.629612,110.0736861,1079.18,947.555,601.489
1045,12.597822,109.9842487,1075.431,947.837,602.314
1046,12.543685,108.5395592,1063.863,948,603.019
1047,12.486161,111.9622813,1063.878,948.127,603.506
1048,12.408455,108.3978855,1065.407,948.54,603.784
1049,12.343119,104.9130525,1067.953,948.872,604.555
1050,12.271389,105.560553,1068.356,949.253,605.388
1051,12.178636,104.8229703,1071.709,949.626,606.14
1052,12.112189,104.0049617,1070.969,949.857,606.589
1053,12.073309,106.6427994,1066.533,950.013,606.9
1054,12.041671,106.5838003,1067.189,950.377,607.68
1055,11.966573,107.2866782,1078.945,950.674,608.415
1056,11.910366,106.5318258,1069.458,951.009,609.194
1057,11.872118,103.8059284,1065.466,951.245,609.721
1058,11.810787,104.6275428,1061.496,951.381,609.993
1059,11.743217,105.7829981,1052.821,951.713,610.725
1060,11.674985,103.892573,1052.167,951.974,611.44
1061,11.580119,105.3194261,1065.236,952.213,612.298
1062,11.475029,110.1660207,1070.681,952.311,612.85
1063,11.412288,109.7140367,1073.319,952.331,613.127
1064,11.360012,111.2461914,1077.105,952.43,613.881
1065,11.258997,108.4111186,1074.048,952.635,614.645
1066,11.157681,108.7556622,1066.349,952.977,615.519
1067,11.134254,111.1302325,1059.62,953.194,616.047
1068,11.090547,111.6274351,1063.081,953.287,616.345
1069,11.01355,110.5930857,1066.816,953.534,617.112
1070,10.928025,110.8501661,1064.605,953.74,617.788
1071,10.844456,108.4342752,1070.791,953.886,618.462
1072,10.779109,107.7937337,1071.176,953.986,618.894
1073,10.701424,109.2015163,1067.984,954.034,619.098
1074,10.649634,109.2469305,1061.523,954.201,619.863
1075,10.602104,111.8158905,1063.987,954.348,620.602
1076,10.551994,113.5253286,1060.634,954.586,621.414
1077,10.457178,116.4254936,1057.457,954.792,621.907
1078,10.402737,110.8911109,1063.504,954.89,622.188
1079,10.33808,111.9063437,1072.836,955.192,622.952
1080,10.264056,108.5038071,1066.395,955.501,623.731
1081,10.177953,110.4978928,1054.185,955.685,624.455
1082,10.101482,111.223599,1050.687,955.891,625.257
1083,10.022449,108.1295353,1052.117,956.039,625.817
1084,9.967976,108.4933862,1050.746,956.134,626.096
1085,9.915172,108.744405,1048.152,956.375,626.887
1086,9.862617,110.409618,1049.398,956.642,627.776
1087,9.81692,110.6681725,1055.982,956.89,628.579
1088,9.739298,114.4613625,1068.299,956.846,629.144
1089,9.647836,113.5322578,1064.373,956.888,629.408
1090,9.569131,112.971279,1056.909,957.025,630.16
1091,9.514936,110.6063778,1064.327,957.262,631.118
1092,9.432527,110.2846047,1060.526,957.446,632.014
1093,9.286554,112.80646,1050.831,957.607,632.586
1094,9.188999,111.8840549,1051.957,957.694,632.813
1095,9.188774,110.9864918,1055.637,958.057,633.682
1096,9.176774,110.5746291,1052.684,958.474,634.587
1097,9.082737,110.9745749,1046.059,958.805,635.424
1098,9.028324,111.2671014,1048.203,959.08,636.082
1099,8.974127,112.5701872,1045.506,959.205,636.37
1100,8.917256,109.8677164,1048.383,959.575,637.239
1101,8.84802,111.4778215,1058.569,959.942,638.092
1102,8.800161,111.7032234,1053.412,960.263,638.901
1103,8.721331,111.017597,1054.729,960.427,639.572
1104,8.655037,112.6571176,1056.216,960.509,639.856
1105,8.617383,112.3229064,1058.454,960.715,640.684
1106,8.530513,109.7265952,1057.865,960.848,641.558
1107,8.453701,112.4054203,1059.93,960.972,642.343
1108,8.360022,112.0785179,1055.344,961.142,643.099
1109,8.350645,110.4142288,1053.239,961.19,643.399
1110,8.303851,113.4430491,1052.469,961.289,644.267
1111,8.222477,113.1282104,1055.307,961.372,645.159
1112,8.085309,110.9542685,1043.288,961.61,645.991
1113,8.033486,109.5185304,1040.129,961.866,646.881
1114,8.026174,110.0535013,1044.746,961.998,647.529
1115,7.957347,110.9786982,1051.492,962.074,647.822
1116,7.865203,114.5872943,1044.916,962.278,648.669
1117,7.781867,111.6252112,1046.866,962.456,649.547
1118,7.716967,109.8382853,1050.729,962.589,650.39
1119,7.659584,111.9312621,1057.129,962.644,651.008
1120,7.604536,110.5251959,1052.562,962.718,651.333
1121,7.58487,111.3431484,1044.83,962.921,652.184
1122,7.519794,111.6315028,1043.976,963.162,652.977
1123,7.417527,111.0856964,1044.06,963.519,653.852
1124,7.381933,111.7004204,1050.5,963.768,654.456
1125,7.324167,113.8019259,1049.963,963.897,654.798
1126,7.249158,113.4339584,1047.512,964.222,655.683
1127,7.17112,113.9666069,1043.157,964.425,656.551
1128,7.125799,112.4368346,1042.881,964.637,657.428
1129,7.037876,111.2029387,1048.165,965.021,658.013
1130,6.910151,113.1455245,1050.413,965.075,658.274
1131,6.841882,113.5758246,1054.564,965.309,659.221
1132,6.786339,111.6479208,1049.497,965.566,660.035
1133,6.713459,117.02054,1049.288,965.848,660.946
1134,6.678825,120.6708006,1065.573,966.123,661.585
1135,6.615366,119.0426249,1062.277,966.222,661.845
1136,6.524847,118.0003875,1051.393,966.579,662.818
1137,6.462021,113.1881207,1047.87,966.887,663.693
1138,6.363601,115.7300861,1047.644,967.207,664.558
1139,6.280024,112.1032231,1041.349,967.452,665.209
1140,6.239805,109.8936253,1043.654,967.552,665.47
1141,6.204805,111.6865537,1048.687,967.882,666.403
1142,6.138417,114.2586794,1045.203,968.166,667.379
1143,6.081272,112.9764033,1039.086,968.474,668.381
1144,6.029831,113.8814268,1034.037,968.622,669.315
1145,5.957105,119.5124477,1040.028,968.728,669.901
1146,5.894048,116.8613696,1049.997,968.993,670.257
1147,5.860896,116.1621308,1054.526,969.19,671.214
1148,5.817127,115.2464356,1064.12,969.401,672.157
1149,5.76091,115.523466,1057.277,969.65,673.094
1150,5.69388,115.4148924,1048.424,969.799,673.687
1151,5.636252,115.6680366,1047.214,969.874,673.99
1152,5.539057,113.8226715,1046.062,970.086,674.931
1153,5.463115,114.368526,1050.279,970.272,675.913
1154,5.407145,115.351009,1049.104,970.436,676.87
1155,5.348812,112.8531954,1045.812,970.414,677.55
1156,5.262072,116.6681283,1044.922,970.592,677.895
1157,5.188786,117.5379803,1040.667,970.976,678.852
1158,5.130311,114.3724327,1034.292,971.127,679.959
1159,5.091715,114.6572282,1032.655,971.204,681.002
1160,5.017049,113.9494676,1030.837,971.232,681.692
1161,4.956558,113.4569147,1032.763,971.217,682.007
1162,4.8907,113.871666,1038.883,971.188,682.972
1163,4.819234,112.5445671,1047.32,971.232,684.097
1164,4.736764,113.826963,1054.651,971.366,685.141
1165,4.642993,116.7208055,1057.098,971.523,685.848
1166,4.538567,115.429865,1053.899,971.585,686.176
1167,4.482537,117.9722478,1047.793,971.785,687.165
1168,4.410474,116.3888916,1052.377,971.965,688.377
1169,4.342181,114.9584853,1048.751,972.088,689.475
1170,4.262616,115.3478706,1037.751,972.411,690.234
1171,4.131135,118.6475097,1041.521,972.483,690.522
1172,4.029694,117.3818834,1051.654,972.839,691.759
1173,3.949193,120.3283559,1048.626,973.202,693.025
1174,3.883114,117.7831233,1049.478,973.307,694.261
1175,3.79601,114.0757655,1045.131,973.425,695.562
1176,3.706938,115.3554347,1042.383,973.466,696.421
1177,3.595556,116.1219357,1036.828,973.636,696.827
1178,3.470006,116.7530442,1042.434,973.847,698.216
1179,3.392507,116.0388611,1044.568,974.039,699.407
1180,3.295218,113.270228,1048.172,974.159,700.911
1181,3.213493,116.2743543,1041.231,974.289,701.84
1182,3.151511,117.8250875,1039.817,974.359,702.229
1183,3.080459,116.6342236,1035.478,974.607,703.627
1184,2.96701,114.8099092,1036.142,974.842,704.894
1185,2.86417,114.9607213,1040.739,975.144,706.282
1186,2.817058,116.9470826,1037.751,975.341,707.232
1187,2.751911,115.3778516,1037.614,975.409,707.639
1188,2.67699,117.2792256,1036.127,975.64,709.156
1189,2.616833,114.1806642,1035.886,975.767,710.452
1190,2.551968,115.4748307,1047.196,975.83,711.739
1191,2.431443,114.4206976,1067.072,975.891,712.739
1192,2.355168,114.2906978,1064.362,975.902,713.147
1193,2.287559,117.1883528,1054.539,975.965,714.591
1194,2.197585,117.3063111,1041.435,976.055,716.023
1195,2.134184,117.6666346,1031.912,976.062,717.345
1196,2.082052,116.9769287,1041.685,976.016,718.491
1197,2.027646,118.8078443,1040.549,976.082,718.907
1198,1.932679,114.9444236,1037.754,976.254,720.257
1199,1.862114,114.5392581,1037.759,976.317,721.904
1200,1.813731,116.1195085,1040.814,976.458,723.325
1201,1.725555,116.3023445,1049.298,976.56,724.35
1202,1.602077,115.9407608,1046.986,976.658,724.823
1203,1.507621,115.8139415,1041.669,976.968,726.248
1204,1.414246,116.2455719,1042.524,977.399,727.815
1205,1.302563,116.3252934,1056.087,977.862,729.23
1206,1.221795,113.8633074,1076.006,978.138,730.176
1207,1.145845,117.9420208,1067.949,978.242,730.626
1208,1.034081,117.461512,1049.111,978.513,731.985
1209,0.948085,111.5066539,1046.511,978.567,733.392
1210,0.90961,113.8773494,1040.987,978.525,734.598
1211,0.851002,110.1228465,1042.223,978.849,736.066
1212,0.782011,111.4748486,1037.966,978.955,737.188
1213,0.766283,111.2498518,1041.537,979.038,737.625
1214,0.778982,112.7922571,1046.54,979.286,739.152
1215,0.704608,113.5869488,1036.975,979.456,740.513
1216,0.651849,111.5144849,1028.513,979.666,741.888
1217,0.590886,111.7019361,1024.455,979.808,742.919
1218,0.526493,111.081775,1028.398,979.876,743.438
1219,0.493143,114.6583154,1034.819,980.008,744.808
1220,0.422088,110.5673548,1035.6,980.066,746.077
1221,0.380746,110.6953402,1044.287,980.189,747.427
1222,0.353904,110.7696642,1053.324,980.281,748.404
1223,0.299194,110.195422,1053.044,980.315,748.891
1224,0.25538,111.4970118,1052.43,980.39,750.22
1225,0.240606,114.0278961,1049.505,980.447,751.434
1226,0.192994,109.8689332,1040.024,980.582,752.691
1227,0.185329,109.7699149,1036.963,980.72,753.719
1228,0.159239,111.2898868,1037.267,980.728,753.959
1229,0.080975,108.2519862,1038.486,980.804,755.313
1230,0.024977,107.7788633,1035.501,980.9,756.494
1231,-0.03058,106.0288714,1029.066,980.878,757.604
1232,-0.073479,108.5757434,1030.269,981.055,758.65
1233,-0.090621,103.6570449,1031.363,981.045,759.032
1234,-0.128179,105.8739688,1034.174,981.029,760.373
1235,-0.14139,108.9019116,1039.774,981.079,761.627
1236,-0.192505,108.6192517,1043.777,981.188,762.952
1237,-0.230903,108.5716032,1032.885,981.264,763.84
1238,-0.267224,108.4536742,1033.228,981.293,764.233
1239,-0.319562,106.6159542,1033.601,981.392,765.567
1240,-0.332069,107.1721516,1033.37,981.456,766.742
1241,-0.349349,106.537533,1038.993,981.493,768.154
1242,-0.326602,109.0750019,1044.801,981.626,769.353
1243,-0.308089,107.3464719,1040.522,981.685,770.218
1244,-0.250299,107.5540136,1033.107,981.695,770.598
1245,-0.250925,108.2385272,1032.664,981.736,771.739
1246,-0.254793,108.5109097,1033.547,981.89,773.067
1247,-0.268935,105.4653569,1042.411,982.123,773.992
1248,-0.309134,107.0796438,1035.048,982.24,774.22
1249,-0.289093,107.7736369,1035.054,982.294,774.422
1250,-0.299705,105.4628687,1033.408,982.394,775.159
1251,-0.301375,103.9580039,1026.089,982.224,776.163
1252,-0.240947,105.9456891,1024.29,982.266,777.16
1253,-0.203759,106.5233144,1023.774,982.203,777.901
1254,-0.233728,106.3122049,1028.319,982.161,778.189
1255,-0.271526,107.4932557,1036.508,982.048,779.216
1256,-0.264621,105.8109255,1029.976,982.056,780.148
1257,-0.285569,102.8576781,1033.522,982.238,781.255
1258,-0.322123,103.7728226,1038.414,982.357,781.899
1259,-0.389733,106.0560809,1038.331,982.404,782.231
1260,-0.379024,103.7728478,1040.081,982.563,783.266
1261,-0.398031,103.9991343,1046.064,982.749,784.173
1262,-0.418536,102.8332489,1042.11,983.016,785.313
1263,-0.45392,106.6429581,1033.624,983.211,785.989
1264,-0.500017,103.4442926,1034.946,983.279,786.275
1265,-0.540466,101.2478031,1038.193,983.509,787.306
1266,-0.583009,102.6076559,1036.904,983.664,788.271
1267,-0.630275,103.8702889,1033.904,983.727,789.34
1268,-0.662963,102.3286794,1036.678,983.754,789.977
1269,-0.732995,103.9604198,1038.681,983.77,790.265
1270,-0.779923,101.3636671,1041.658,983.808,791.223
1271,-0.862682,101.2951702,1036.627,983.805,792.088
1272,-0.953313,101.6695347,1042.736,983.901,793.135
1273,-0.980793,101.6058837,1042.261,984,793.749
1274,-0.978811,99.96661861,1041.719,984.021,793.935
1275,-1.006213,100.7917439,1039.987,984.19,794.931
1276,-1.064429,99.69936116,1039.505,984.517,795.897
1277,-1.144811,99.05118523,1033.556,984.847,796.843
1278,-1.200658,96.54194512,1029.04,985.065,797.768
1279,-1.244075,93.75388982,1034.268,985.081,798.463
1280,-1.255635,94.13802058,1042.808,985.122,798.709
1281,-1.310856,96.68947944,1036.982,985.133,799.68
1282,-1.357095,98.24718961,1041.49,985.115,800.63
1283,-1.446471,97.83757497,1041.183,985.167,801.529
1284,-1.526611,94.76848723,1046.391,985.213,802.25
1285,-1.571921,96.47617065,1045.894,985.242,802.437
1286,-1.64483,96.52576421,1042.838,985.396,803.358
1287,-1.731863,94.33890159,1040.583,985.562,804.111
1288,-1.784748,91.9590796,1050.64,985.87,805.118
1289,-1.846178,93.92207971,1041.835,986.042,805.806
1290,-1.95008,92.8464901,1046.638,986.064,806.028
1291,-2.037919,90.59876049,1057.227,986.166,806.835
1292,-2.097991,90.60087719,1043.33,986.351,807.708
1293,-2.181074,92.2267632,1037.141,986.473,808.45
1294,-2.24595,88.10495251,1036.324,986.502,809.111
1295,-2.370237,90.58093132,1033.611,986.542,809.302
1296,-2.477558,90.58938732,1026.701,986.686,810.09
1297,-2.515925,90.67030693,1038.065,986.758,810.891
1298,-2.563321,89.51620083,1048.022,986.861,811.577
1299,-2.630693,90.6279809,1041.234,986.987,812.306
1300,-2.699444,89.11548424,1041.234,986.987,812.306
1301,-2.702203,91.80120938,1038.393,987.172,813.157
1302,-2.774835,88.83511892,1033.081,987.459,814.228
1303,-2.872895,87.51564626,1030.555,987.575,814.562
1304,-2.936256,84.97979702,1047.894,987.676,815.272
1305,-3.015361,86.21674252,1040.702,987.756,816.014
1306,-3.070443,84.36197438,1044.148,987.767,816.159
1307,-3.119424,85.1929234,1057.697,987.859,816.942
1308,-3.159827,84.17772353,1056.179,988.033,817.612
1309,-3.234693,84.14588603,1057.619,988.19,818.165
1310,-3.305373,81.47146083,1055.372,988.264,818.378
1311,-3.375565,82.07624263,1051.934,988.539,819.109
1312,-3.432201,80.855269,1055.221,988.889,819.792
1313,-3.477609,82.87851894,1049.764,989.427,820.582
1314,-3.550957,84.86455988,1046.388,989.757,821.099
1315,-3.632799,84.40639927,1047.058,989.845,821.335
1316,-3.66681,82.20705135,1053.877,990.079,822.038
1317,-3.765564,82.39832092,1070.63,990.281,822.818
1318,-3.848515,82.26228894,1072.492,990.472,823.485
1319,-3.980697,80.88671081,1063.095,990.705,824.339
1320,-4.0915,82.7818124,1066.387,991.062,824.891
1321,-4.138384,78.80068133,1068.525,991.101,825.031
1322,-4.210342,79.67887279,1077.666,991.352,825.843
1323,-4.323311,80.01613532,1076.181,991.752,826.73
1324,-4.380419,75.81381149,1077.631,992.045,827.441
1325,-4.435319,73.74179531,1069.248,992.22,828.12
1326,-4.468996,74.15941928,1069.014,992.372,828.337
1327,-4.522382,74.59472283,1070.399,992.885,829.135
1328,-4.592282,76.26113209,1076.622,993.255,829.92
1329,-4.618716,78.17073294,1073.24,993.743,830.843
1330,-4.629838,74.38391008,1068.493,994.076,831.533
1331,-4.651348,76.08500306,1074.475,994.168,831.793
1332,-4.747487,71.97885788,1085.099,994.441,832.601
1333,-4.853068,70.65605354,1077.65,994.694,833.444
1334,-4.914086,71.81164383,1077.888,994.976,834.325
1335,-4.965864,70.80293193,1077.83,995.169,834.88
1336,-5.060621,70.32746193,1078.565,995.26,835.107
1337,-5.134706,71.18115591,1083.518,995.594,835.954
1338,-5.153038,69.98725351,1087.241,995.847,836.705
1339,-5.180523,68.86134842,1075.356,996.085,837.538
1340,-5.218899,70.16792808,1070.234,996.299,838.134
1341,-5.154713,66.9566478,1071.961,996.37,838.382
1342,-4.778113,67.91372826,1076.145,996.586,839.139
1343,-4.602413,64.5832091,1079.78,996.791,839.88
1344,-4.687756,65.2241964,1085.787,997.036,840.695
1345,-4.817914,66.0311394,1076.006,997.265,841.243
1346,-4.899124,63.3723153,1077.779,997.292,841.386
1347,-5.008133,63.50674589,1083.553,997.475,842.202
1348,-5.094196,67.06354988,1081.951,997.766,842.954
1349,-5.132517,65.94611815,1090.288,998.168,843.638
1350,-5.198035,64.27418091,1090.387,998.714,844.481
1351,-5.26415,65.87569101,1089.745,998.992,844.965
1352,-5.370969,64.82391493,1087.607,999.079,845.154
1353,-5.485507,64.12735606,1084.653,999.489,846.007
1354,-5.554632,63.37633537,1084.196,999.852,846.689
1355,-5.656057,62.52430498,1091.034,1000.284,847.425
1356,-5.745925,62.53595154,1098.178,1000.802,848.012
1357,-5.811787,63.47829556,1098.008,1000.838,848.187
1358,-5.861794,59.18725786,1096.378,1000.989,848.906
1359,-5.884821,60.41704328,1091.691,1001.125,849.742
1360,-5.910845,61.72208551,1090.282,1001.112,850.556
1361,-5.929743,59.60875074,1086.891,1001.11,851.312
1362,-5.907981,57.30451862,1091.704,1001.174,851.62
1363,-5.947443,59.8945779,1099.065,1001.383,852.533
1364,-6.020668,59.41251622,1089.943,1001.622,853.472
1365,-6.128436,58.42922311,1091.923,1001.745,854.397
1366,-6.224192,57.36068169,1099.645,1001.811,855.066
1367,-6.302623,58.79161605,1101.798,1001.842,855.249
1368,-6.352033,55.98435409,1106.411,1001.992,856.219
1369,-6.406092,55.73072815,1094.547,1002.09,857.068
1370,-6.446474,58.31908603,1093.913,1002.212,858.08
1371,-6.506276,58.79036141,1091.489,1002.218,858.645
1372,-6.592623,55.89760566,1092.654,1002.219,858.825
1373,-6.669482,55.74615198,1097.792,1002.259,859.77
1374,-6.72834,56.70668629,1101.528,1002.381,860.655
1375,-6.838554,57.76338907,1111.3,1002.425,861.616
1376,-6.859389,53.11843424,1115.358,1002.45,862.251
1377,-6.775037,54.3000007,1113.242,1002.505,862.448
1378,-6.54562,55.10337829,1105.678,1002.721,863.211
1379,-6.31071,53.6232516,1100.929,1003.015,864.152
1380,-6.228427,54.90957116,1102.519,1003.313,865.019
1381,-6.160263,57.26110511,1106.623,1003.521,865.64
1382,-6.104029,54.2477196,1107.067,1003.588,865.875
1383,-6.085839,53.9774671,1104.997,1003.842,866.719
1384,-6.07386,53.57683949,1096.293,1004.182,867.556
1385,-6.09109,53.70300363,1101.871,1004.637,868.424
1386,-6.083298,50.17505397,1106.398,1005.054,869.367
1387,-6.102943,52.19171675,1102.539,1005.317,869.974
1388,-6.111599,50.33961446,1103.764,1005.409,870.145
1389,-6.107978,50.98425676,1112.323,1005.794,871.085
1390,-6.128709,49.69713964,1121.313,1005.743,871.798
1391,-6.14264,50.9153795,1117.594,1005.931,872.757
1392,-6.173753,49.45805918,1115.526,1006.073,873.364
1393,-6.239689,50.67592699,1115.964,1006.133,873.582
1394,-6.292265,50.85689732,1117.815,1006.417,874.416
1395,-6.407982,51.07578917,1118.781,1006.852,875.167
1396,-6.552582,50.10321534,1115.191,1007.456,876.016
1397,-6.687383,51.15086709,1114.136,1007.891,876.595
1398,-6.737256,47.67472515,1115.209,1008.01,876.783
1399,-6.756249,47.61264415,1116.382,1008.479,877.516
1400,-6.823057,50.47477787,1110.011,1008.985,878.258
1401,-6.867287,49.47772405,1109.144,1009.576,879.045
1402,-6.855653,47.64272077,1099.784,1010.048,879.644
1403,-6.831895,47.23395546,1098.712,1010.139,879.831
1404,-6.863754,47.11902732,1093.857,1010.467,880.556
1405,-6.886054,45.29505298,1089.615,1010.626,881.243
1406,-6.911456,45.09698543,1092.428,1010.667,881.982
1407,-6.921112,47.27088872,1094.991,1010.78,882.496
1408,-6.977186,47.29314374,1094.261,1010.77,882.687
1409,-7.035523,46.03350778,1093.9,1010.764,883.414
1410,-7.069103,47.34878126,1095.649,1010.868,884.091
1411,-7.109762,47.01104427,1078.342,1011.059,884.764
1412,-7.1762,45.35265934,1076.565,1011.308,885.385
1413,-7.25173,46.10120163,1075.601,1011.366,885.554
1414,-7.31833,45.89107247,1073.17,1011.606,886.172
1415,-7.32693,44.10794269,1072.034,1011.924,886.763
1416,-7.316093,44.91800726,1058.614,1012.402,887.45
1417,-7.326018,48.77462858,1042.569,1012.799,887.893
1418,-7.372913,48.18143578,1045.494,1012.852,888.023
1419,-7.378637,48.92293162,1054.058,1013.067,888.706
1420,-7.420343,49.0376717,1048.682,1013.13,889.284
1421,-7.433938,48.35244737,1053.786,1013.411,889.854
1422,-7.444688,47.32627455,1040.971,1013.812,890.412
1423,-7.498043,49.01027087,1038.084,1014.102,890.889
1424,-7.570654,45.60385246,1036.908,1014.115,891.035
1425,-7.588262,44.7647488,1028.65,1014.229,891.574
1426,-7.585769,45.56593526,1016.876,1014.476,892.103
1427,-7.627492,47.52981277,1032.987,1014.622,892.672
1428,-7.672234,44.25982656,1051.561,1014.889,893.062
1429,-7.684276,45.1091815,1050.845,1014.965,893.203
1430,-7.681822,47.32829968,1047.007,1015.289,893.763
1431,-7.72169,46.86530703,1041.286,1015.582,894.264
1432,-7.783136,43.79814827,1033.294,1015.644,894.768
1433,-7.850998,43.2252989,1019.246,1015.628,895.193
1434,-7.907262,43.33810711,1021.656,1015.604,895.294
1435,-7.90668,41.69228474,1025.708,1015.472,895.727
1436,-7.901785,42.93294438,1005.161,1015.249,896.265
1437,-7.887516,46.32924871,991.941,1015.294,896.693
1438,-7.793742,45.75754612,996.576,1015.378,897.09
1439,-7.516766,44.66547394,997.128,1015.417,897.186
1440,-7.379411,45.78692092,998.177,1015.624,897.689
1441,-7.172487,43.49180096,1000.498,1015.849,898.15
1442,-7.168468,42.98509101,1011.759,1016.258,898.667
1443,-7.152158,43.21249041,998.386,1016.69,898.993
1444,-7.14768,45.51551376,999.363,1016.868,899.102
1445,-7.182839,44.48807819,1004.3,1017.485,899.498
1446,-7.182227,44.11877626,1014.053,1018.015,899.959
1447,-7.110116,43.94065366,1007.102,1018.257,900.425
1448,-7.063002,46.57446566,998.281,1018.352,900.81
1449,-7.081443,42.28520212,997.226,1018.356,900.866
1450,-7.119235,42.36222495,992.218,1018.35,901.283
1451,-7.145287,44.83489991,996.786,1018.192,901.742
1452,-7.181729,44.62597487,992.484,1018.08,902.214
1453,-7.205437,41.90278562,995.895,1018.12,902.526
1454,-7.20223,44.11098839,998.599,1018.18,902.637
1455,-7.236759,42.52653617,1005.151,1018.485,903.076
1456,-7.261781,40.21392269,999.114,1018.873,903.45
1457,-7.333094,40.69728471,998.84,1019.072,903.859
1458,-7.330161,44.02764818,1001.104,1019.329,904.209
1459,-7.358373,40.22406125,1002.181,1019.488,904.517
1460,-7.378736,40.43950593,1005.586,1019.498,904.542
1461,-7.401185,43.05628742,1002.384,1019.662,904.957
1462,-7.433708,42.08823741,1007.32,1019.878,905.362
1463,-7.481683,41.04507512,1015.454,1020.244,905.712
1464,-7.546057,40.90348037,1003.394,1020.413,906.035
1465,-7.590837,43.70067795,1006.767,1020.473,906.093
1466,-7.640141,40.36640454,1019.925,1020.767,906.453
1467,-7.663714,41.10491697,1006.893,1020.784,906.816
1468,-7.71813,40.48043109,1001.988,1020.678,907.187
1469,-7.717362,40.55048195,996.982,1020.72,907.49
1470,-7.734083,39.85487196,1000.763,1020.743,907.55
1471,-7.739454,43.86543537,1012.41,1020.908,907.891
1472,-7.791676,41.92908482,992.503,1021.255,908.292
1473,-7.822628,39.10140472,990.385,1021.64,908.618
1474,-7.790445,40.1146784,990.665,1021.936,908.827
1475,-7.76027,41.84882837,991.226,1021.911,908.906
1476,-7.720932,39.83060411,995.034,1021.815,909.216
1477,-7.726381,41.1024671,1018.149,1021.734,909.548
1478,-7.753092,40.74911732,1007.487,1021.868,909.871
1479,-7.742047,41.22449697,1002.113,1022.087,910.166
1480,-7.745049,39.6015151,1000.244,1022.177,910.245
1481,-7.683594,41.53959042,993.86,1022.498,910.573
1482,-7.669636,40.22967765,990.526,1022.66,910.902
1483,-7.700958,39.25696445,986.933,1022.747,911.182
1484,-7.716582,39.15594283,984.583,1023.035,911.433
1485,-7.736188,40.16767649,986.342,1023.028,911.477
1486,-7.74858,37.05631251,993.758,1022.922,911.776
1487,-7.797807,36.63853943,982.752,1022.514,912.065
1488,-7.866958,37.28960209,995.337,1022.313,912.388
1489,-7.919096,38.83487835,990.379,1022.716,912.582
1490,-7.962288,35.7637818,990.568,1022.759,912.643
1491,-7.991428,37.41326254,994.593,1023.066,912.965
1492,-8.006885,39.80929512,1004.809,1023.603,913.258
1493,-8.028865,40.06659127,989.954,1023.792,913.537
1494,-8.072425,35.7357037,988.877,1023.905,913.84
1495,-8.134494,37.61119249,990.035,1024.078,914.024
1496,-8.185034,37.44812642,995.639,1024.146,914.108
1497,-8.181888,36.74548969,992.384,1024.453,914.417
1498,-8.227389,38.39100771,971.46,1025.046,914.647
1499,-8.234214,40.92737244,979.36,1025.657,914.921
1500,-8.257195,38.05182418,969.048,1025.85,915.212
1501,-8.28832,39.82780394,970.199,1025.848,915.256
1502,-8.349209,39.66065585,978.384,1025.903,915.491
1503,-8.429151,38.59431874,988.658,1026.097,915.733
1504,-8.470581,38.17500274,986.307,1026.173,916.002
1505,-8.469352,39.43093651,990.382,1026.492,916.183
1506,-8.494999,36.64400969,989.413,1026.56,916.214
1507,-8.584225,38.60354574,977.057,1027.238,916.535
1508,-8.616522,38.11965873,970.599,1027.487,916.764
1509,-8.651428,37.29666127,989.2,1027.297,917.015
1510,-8.735976,36.90730778,970.16,1027.302,917.194
1511,-8.757652,38.54831586,968.177,1027.291,917.252
1512,-8.773146,36.08147715,963.671,1027.27,917.557
1513,-8.794287,38.80344513,975.183,1027.394,917.774
1514,-8.851805,37.49549214,971.253,1027.617,917.997
1515,-8.846696,36.94570586,962.206,1027.929,918.227
1516,-8.895848,37.25009396,965.228,1028.036,918.275
1517,-8.985834,35.28402083,977.397,1028.459,918.528
1518,-9.027275,34.78104421,977.771,1028.346,918.754
1519,-9.069659,34.43122624,980.918,1028.097,918.993
1520,-9.080922,38.14143318,974.699,1028.286,919.156
1521,-9.085205,35.93540837,974.395,1028.298,919.205
1522,-9.132003,38.551511,973.607,1028.34,919.491
1523,-9.17315,36.05867648,977.974,1028.291,919.703
1524,-9.205115,36.1313591,984.388,1028.275,919.975
1525,-9.242106,36.70132959,969.036,1028.277,920.152
1526,-9.296916,39.89632631,969.679,1028.327,920.209
1527,-9.296509,38.18561444,971.091,1028.58,920.45
1528,-9.317315,37.69070024,965.074,1028.943,920.659
1529,-9.364126,38.50479717,959.509,1029.02,920.886
1530,-9.404096,39.06029973,969.086,1029.032,921.099
1531,-9.215377,37.77469111,980.846,1029.605,921.284
1532,-9.136452,39.52710225,980.071,1029.7,921.345
1533,-9.187999,37.21691696,976.47,1030.14,921.616
1534,-9.212126,38.36977665,971.2,1030.745,921.823
1535,-9.072775,41.68495124,962.422,1031.343,922.047
1536,-9.024232,37.74291915,948.897,1032.063,922.192
1537,-8.934264,39.77949946,948.779,1032.071,922.221
1538,-8.741505,39.25184757,947.107,1032.055,922.463
1539,-8.664596,38.66878119,947.7,1031.647,922.678
1540,-8.711886,38.27926667,955.699,1031.141,922.852
1541,-8.662829,38.91171161,937.29,1030.837,923.027
1542,-8.6024,36.40851787,939.428,1030.808,923.053
1543,-8.631529,36.55889325,950.568,1030.558,923.27
1544,-8.730409,37.35719161,947.042,1030.258,923.504
1545,-8.792036,36.01522136,974.872,1030.134,923.623
1546,-8.844879,37.02137505,976.287,1030.34,923.808
1547,-8.89509,36.42944464,974.333,1030.403,923.82
1548,-8.924218,36.44355459,943.746,1031.422,924.02
1549,-8.972569,36.8552912,961.717,1031.46,924.128
1550,-9.032047,35.41165062,956.934,1031.147,924.282
1551,-9.083243,35.00941252,946.592,1030.719,924.444
1552,-9.141393,39.01129022,940.195,1030.536,924.602
1553,-9.208723,35.2455477,932.424,1030.608,924.811
1554,-9.259112,38.25245561,943.232,1030.881,924.994
1555,-9.291146,38.70518259,943.976,1031.07,925.083
1556,-9.299974,36.22776609,943.736,1031.335,925.136
1557,-9.337497,35.42657495,933.436,1032.184,925.32
1558,-9.377842,36.86455147,931.807,1033.234,925.506
1559,-9.440179,35.68023664,940.614,1034.209,925.646
1560,-9.511,35.35665015,938.013,1034.57,925.71
1561,-9.534839,39.29915128,949.543,1035.179,925.831
1562,-9.544441,37.16738394,928.373,1035.282,925.976
1563,-9.609455,37.3248319,920.712,1034.946,926.193
1564,-9.627539,37.40900171,922.311,1034.874,926.249
1565,-9.176953,36.21633883,918.471,1035.335,926.426
1566,-8.63427,34.99523924,931.658,1034.976,926.544
1567,-8.665219,37.95310684,946.188,1034.958,926.687
1568,-8.716845,35.18531982,946.232,1034.958,926.687
1569,-8.750392,36.85040327,936.258,1034.673,926.835
1570,-8.827108,36.78290754,943.913,1034.352,926.992
1571,-8.889147,36.8071048,911.466,1034.709,927.132
1572,-8.946315,35.24666258,907.748,1034.313,927.292
1573,-8.992377,37.50169938,910.055,1034.257,927.305
1574,-9.039609,35.09324526,921.2,1033.901,927.416
1575,-9.096043,33.77285993,915.245,1033.562,927.628
1576,-9.163395,34.16459425,904.196,1033.399,927.724
1577,-9.254893,36.3495541,920.984,1033.338,927.834
1578,-9.264282,34.32698355,920.096,1033.37,927.855
1579,-9.289131,36.77202629,916.944,1033.681,928.005
1580,-9.2907,34.97856348,927.482,1034.252,928.16
1581,-9.361009,34.86529786,930.414,1034.325,928.33
1582,-9.417279,33.12047958,929.097,1034.117,928.445
1583,-9.460427,33.72128677,926.378,1034.162,928.477
1584,-9.48195,32.84025749,911.289,1034.353,928.646
1585,-9.538912,36.15925669,898.497,1034.43,928.796
1586,-9.551691,35.4787465,893.203,1035.069,928.994
1587,-9.573014,33.63223455,900.492,1035.349,929.127
1588,-9.608932,36.79759403,903.185,1035.413,929.145
1589,-9.667657,34.10885638,915.878,1035.943,929.275
1590,-9.665795,33.46993699,912.44,1036.569,929.433
1591,-9.67046,33.77766025,900.768,1035.974,929.565
1592,-9.704773,36.48118858,908.933,1036.55,929.726
1593,-9.729421,34.30230445,908.717,1036.657,929.733
1594,-9.778559,34.25832851,907.837,1037.816,929.823
1595,-9.815199,34.44605777,923.519,1037.88,930.017
1596,-9.82674,33.84927087,928.7,1037.706,930.209
1597,-9.879443,32.13873055,910.073,1038.093,930.372
1598,-9.897917,35.85742675,905.226,1038.069,930.444
1599,-9.88954,32.58112445,888.063,1038.167,930.468
1600,-9.882365,33.62087806,894.723,1038.381,930.573
1601,-9.912793,33.17812479,898.538,1037.876,930.739
1602,-9.948521,33.68100836,896.666,1037.786,930.868
1603,-9.956274,31.65465971,891.879,1037.63,931.026
1604,-9.986826,34.71131483,889.016,1037.644,931.05
1605,-10.018766,30.72985538,878.187,1037.546,931.153
1606,-10.072627,32.18809495,874.95,1036.749,931.309
1607,-10.089159,32.81367234,896.369,1036.394,931.433
1608,-10.12753,32.47371972,886.295,1036.715,931.506
1609,-10.169269,31.68844014,885.504,1036.755,931.517
1610,-10.152041,34.424716,875.821,1037.23,931.676
1611,-10.182308,30.92022802,882.039,1036.779,931.754
1612,-10.202963,30.9335651,884.531,1036.649,931.907
1613,-10.214712,34.08635034,884.811,1037.006,932.045
1614,-10.202307,33.68780103,885.15,1037.008,932.054
1615,-10.228437,32.59334782,888.249,1036.953,932.179
1616,-10.256648,32.4690139,880.449,1036.441,932.31
1617,-10.338687,33.18527724,881.182,1037.696,932.474
1618,-10.336933,32.48307407,866.573,1037.416,932.596
1619,-10.329129,35.10919337,868.168,1037.313,932.607
1620,-10.347397,31.27225281,878.215,1036.634,932.688
1621,-10.42382,34.68922911,872.384,1036.596,932.839
1622,-10.437996,33.19866849,873.033,1036.616,932.964
1623,-10.413941,31.34684656,883.258,1037.124,933.058
1624,-10.469576,31.93318433,881.629,1037.194,933.068
1625,-10.468557,31.33572364,866.977,1037.989,933.204
1626,-10.507702,30.70064163,887.332,1038.032,933.295
1627,-10.495155,31.74397878,868.235,1038.71,933.444
1628,-10.4977,33.58339809,862.448,1038.187,933.572
1629,-10.464601,30.59219214,862.069,1037.857,933.596
1630,-10.50964,32.96397253,862.845,1035.959,933.738
1631,-10.56494,31.45621424,877.063,1035.297,933.844
1632,-10.516862,31.01078119,883.028,1036.69,933.963
1633,-10.088702,31.27325039,858.209,1037.613,934.083
1634,-9.809607,33.80281805,867.494,1037.599,934.172
1635,-9.809094,30.9264857,866.94,1037.43,934.198
1636,-9.808,32.6555444,863.563,1036.873,934.337
1637,-9.811466,32.3397492,859.627,1038.129,934.433
1638,-9.838379,34.13759516,854.108,1038.697,934.611
1639,-9.895861,33.74655852,848.039,1039.301,934.677
1640,-9.933512,36.24237681,853.456,1039.364,934.701
1641,-9.99429,32.64824781,882.357,1039.796,934.839
1642,-9.987372,31.93404348,877.741,1041.603,934.971
1643,-10.030421,34.79981905,869.71,1043.605,935.076
1644,-10.073509,33.00807342,888.046,1042.977,935.239
1645,-10.12201,31.8785749,889.149,1042.808,935.255
1646,-10.144679,35.38478796,892.454,1041.008,935.39
1647,-10.140856,32.22168516,872.648,1039.719,935.561
1648,-10.114358,32.70637021,882.377,1040.141,935.675
1649,-10.074958,32.84066663,866.398,1040.484,935.84
1650,-10.055122,34.84734109,866.427,1040.515,935.85
1651,-9.98002,31.76570888,864.664,1040.699,935.964
1652,-9.876541,32.79398255,850.686,1039.647,936.083
1653,-9.808563,32.42746568,856.159,1039.571,936.242
1654,-9.804539,33.62131955,863.251,1041.591,936.338
1655,-9.884292,31.00383364,861.055,1041.496,936.381
1656,-9.925155,34.35199716,855.331,1040.966,936.546
1657,-9.969175,32.01515071,867.28,1039.598,936.642
1658,-9.870212,32.20644677,856.875,1039.089,936.778
1659,-9.876694,33.30936716,853.978,1040.124,936.968
1660,-9.87567,32.98321115,840.567,1040.11,937.062
1661,-9.948753,30.01122944,842.256,1040.065,937.076
1662,-9.964553,33.4427621,860.946,1039.506,937.238
1663,-9.998493,32.36846224,864.512,1038.846,937.362
1664,-10.060877,30.25498209,853.744,1039.366,937.523
1665,-10.052002,32.14416217,847.687,1039.005,937.632
1666,-10.094148,32.30963269,847.687,1039.005,937.632
1667,-10.165693,29.33304534,849.261,1041.122,937.748
1668,-10.164463,30.96283185,843.001,1041.479,937.915
1669,-10.198403,33.4705842,840.91,1041.284,938.06
1670,-10.224277,30.57860714,856.439,1041.881,938.184
1671,-10.288582,32.06389738,856.028,1041.956,938.198
1672,-10.340808,30.55650774,853.333,1042.437,938.299
1673,-10.316934,30.52645188,853.887,1042.644,938.435
