Time (s),Temperature (K),Mass (mg)
0.0,304.938,1.03
3.0,304.924,1.029
9.0,304.873,1.028
18.0,304.835,1.027
27.0,304.812,1.026
35.0,304.771,1.025
43.0,304.743,1.024
53.0,304.721,1.023
68.0,304.68,1.022
81.0,304.649,1.021
94.0,304.608,1.02
111.0,304.608,1.019
130.0,304.583,1.018
146.0,304.562,1.017
170.0,304.498,1.016
201.0,304.503,1.015
243.0,304.472,1.014
288.0,304.43,1.013
357.0,304.376,1.012
445.0,304.376,1.011
545.0,304.379,1.01
912.0,304.362,1.009
930.0,304.362,1.01
957.0,304.357,1.009
995.0,304.364,1.01
1004.0,304.354,1.009
1015.0,304.365,1.01
1020.0,304.353,1.009
1035.0,304.352,1.01
1063.0,304.342,1.009
1072.0,304.354,1.01
1075.0,304.343,1.009
1088.0,304.35,1.01
1118.0,304.347,1.009
1206.253,305.0,1.007
1208.624,305.5,1.007
1210.753,306.0,1.008
1212.77,306.5,1.01
1214.654,307.0,1.011
1216.444,307.5,1.012
1218.224,308.0,1.012
1219.989,308.5,1.012
1221.755,309.0,1.011
1223.423,309.5,1.011
1225.094,310.0,1.011
1226.758,310.5,1.01
1228.422,311.0,1.01
1230.074,311.5,1.01
1231.712,312.0,1.009
1233.365,312.5,1.009
1234.997,313.0,1.009
1236.67,313.5,1.009
1238.248,314.0,1.009
1239.869,314.5,1.009
1241.484,315.0,1.009
1243.111,315.5,1.009
1244.712,316.0,1.009
1246.332,316.5,1.009
1247.926,317.0,1.009
1249.531,317.5,1.008
1251.138,318.0,1.008
1252.733,318.5,1.008
1254.335,319.0,1.008
1255.958,319.5,1.008
1257.469,320.0,1.008
1259.067,320.5,1.008
1260.642,321.0,1.008
1262.159,321.5,1.008
1263.779,322.0,1.008
1265.313,322.5,1.008
1266.881,323.0,1.008
1268.464,323.5,1.008
1270.006,324.0,1.008
1271.591,324.5,1.007
1273.148,325.0,1.007
1274.708,325.5,1.007
1276.217,326.0,1.007
1277.789,326.5,1.007
1279.353,327.0,1.007
1280.857,327.5,1.006
1282.472,328.0,1.006
1283.976,328.5,1.006
1285.53,329.0,1.006
1287.094,329.5,1.006
1288.598,330.0,1.006
1290.109,330.5,1.006
1291.663,331.0,1.006
1293.23,331.5,1.006
1294.743,332.0,1.006
1296.264,332.5,1.006
1297.764,333.0,1.005
1299.318,333.5,1.005
1300.866,334.0,1.005
1302.344,334.5,1.005
1303.881,335.0,1.005
1305.411,335.5,1.005
1306.954,336.0,1.004
1308.474,336.5,1.004
1310.003,337.0,1.004
1311.503,337.5,1.004
1313.015,338.0,1.004
1314.531,338.5,1.004
1316.032,339.0,1.004
1317.588,339.5,1.003
1319.049,340.0,1.003
1320.536,340.5,1.003
1322.067,341.0,1.003
1323.611,341.5,1.003
1325.14,342.0,1.003
1326.636,342.5,1.003
1328.176,343.0,1.003
1329.663,343.5,1.002
1331.171,344.0,1.002
1332.648,344.5,1.002
1334.188,345.0,1.002
1335.676,345.5,1.002
1337.205,346.0,1.002
1338.697,346.5,1.002
1340.226,347.0,1.002
1341.735,347.5,1.001
1343.241,348.0,1.001
1344.731,348.5,1.001
1346.237,349.0,1.001
1347.724,349.5,1.001
1349.254,350.0,1.001
1350.725,350.5,1.001
1352.235,351.0,1.001
1353.72,351.5,1.001
1355.233,352.0,1.001
1356.728,352.5,1.0
1358.233,353.0,1.0
1359.716,353.5,1.0
1361.234,354.0,1.0
1362.69,354.5,1.0
1364.228,355.0,1.0
1365.745,355.5,1.0
1367.254,356.0,1.0
1368.739,356.5,0.999
1370.206,357.0,0.999
1371.717,357.5,0.999
1373.22,358.0,0.999
1374.713,358.5,0.999
1376.203,359.0,0.999
1377.691,359.5,0.999
1379.198,360.0,0.999
1380.688,360.5,0.999
1382.171,361.0,0.999
1383.655,361.5,0.999
1385.2,362.0,0.999
1386.677,362.5,0.998
1388.154,363.0,0.998
1389.653,363.5,0.998
1391.163,364.0,0.998
1392.649,364.5,0.998
1394.152,365.0,0.998
1395.641,365.5,0.998
1397.114,366.0,0.998
1398.601,366.5,0.998
1400.092,367.0,0.998
1401.558,367.5,0.998
1403.055,368.0,0.998
1404.54,368.5,0.998
1406.036,369.0,0.998
1407.525,369.5,0.998
1409.042,370.0,0.998
1410.492,370.5,0.998
1411.982,371.0,0.998
1413.456,371.5,0.998
1414.978,372.0,0.998
1416.444,372.5,0.998
1417.935,373.0,0.998
1419.44,373.5,0.998
1420.911,374.0,0.998
1422.43,374.5,0.998
1423.928,375.0,0.998
1425.361,375.5,0.998
1426.856,376.0,0.998
1428.362,376.5,0.998
1429.814,377.0,0.998
1431.326,377.5,0.998
1432.796,378.0,0.998
1434.304,378.5,0.998
1435.778,379.0,0.998
1437.268,379.5,0.998
1438.748,380.0,0.998
1440.235,380.5,0.998
1441.691,381.0,0.997
1443.192,381.5,0.997
1444.666,382.0,0.997
1446.154,382.5,0.997
1447.617,383.0,0.997
1449.118,383.5,0.997
1450.596,384.0,0.997
1452.065,384.5,0.997
1453.552,385.0,0.997
1455.012,385.5,0.997
1456.514,386.0,0.997
1457.971,386.5,0.997
1459.458,387.0,0.997
1460.93,387.5,0.997
1462.425,388.0,0.997
1463.904,388.5,0.997
1465.37,389.0,0.997
1466.833,389.5,0.997
1468.35,390.0,0.997
1469.808,390.5,0.997
1471.309,391.0,0.997
1472.78,391.5,0.997
1474.265,392.0,0.997
1475.729,392.5,0.997
1477.214,393.0,0.997
1478.68,393.5,0.997
1480.179,394.0,0.997
1481.653,394.5,0.997
1483.123,395.0,0.997
1484.588,395.5,0.997
1486.051,396.0,0.997
1487.534,396.5,0.997
1488.974,397.0,0.997
1490.435,397.5,0.997
1491.951,398.0,0.997
1493.403,398.5,0.997
1494.89,399.0,0.997
1496.351,399.5,0.997
1497.831,400.0,0.997
1499.317,400.5,0.997
1500.776,401.0,0.997
1502.237,401.5,0.997
1503.726,402.0,0.997
1505.184,402.5,0.997
1506.668,403.0,0.997
1508.152,403.5,0.997
1509.595,404.0,0.997
1511.079,404.5,0.997
1512.553,405.0,0.997
1514.046,405.5,0.997
1515.497,406.0,0.997
1516.988,406.5,0.997
1518.44,407.0,0.997
1519.927,407.5,0.997
1521.404,408.0,0.997
1522.862,408.5,0.997
1524.33,409.0,0.997
1525.814,409.5,0.997
1527.269,410.0,0.997
1528.746,410.5,0.997
1530.196,411.0,0.997
1531.662,411.5,0.997
1533.153,412.0,0.997
1534.606,412.5,0.997
1536.074,413.0,0.997
1537.56,413.5,0.997
1539.071,414.0,0.997
1540.513,414.5,0.997
1541.997,415.0,0.997
1543.435,415.5,0.997
1544.909,416.0,0.997
1546.386,416.5,0.997
1547.85,417.0,0.997
1549.333,417.5,0.997
1550.769,418.0,0.997
1552.243,418.5,0.996
1553.7,419.0,0.996
1555.169,419.5,0.996
1556.641,420.0,0.996
1558.108,420.5,0.996
1559.596,421.0,0.996
1561.042,421.5,0.996
1562.523,422.0,0.996
1563.971,422.5,0.996
1565.482,423.0,0.996
1566.923,423.5,0.996
1568.406,424.0,0.996
1569.848,424.5,0.996
1571.34,425.0,0.996
1572.825,425.5,0.996
1574.285,426.0,0.996
1575.743,426.5,0.996
1577.22,427.0,0.996
1578.657,427.5,0.996
1580.145,428.0,0.996
1581.578,428.5,0.996
1583.064,429.0,0.996
1584.543,429.5,0.996
1586.015,430.0,0.996
1587.476,430.5,0.996
1588.931,431.0,0.996
1590.383,431.5,0.996
1591.863,432.0,0.996
1593.326,432.5,0.996
1594.775,433.0,0.996
1596.259,433.5,0.996
1597.734,434.0,0.996
1599.19,434.5,0.996
1600.667,435.0,0.996
1602.117,435.5,0.995
1603.595,436.0,0.995
1605.068,436.5,0.995
1606.518,437.0,0.995
1607.994,437.5,0.995
1609.458,438.0,0.995
1610.892,438.5,0.995
1612.375,439.0,0.995
1613.83,439.5,0.995
1615.338,440.0,0.995
1616.783,440.5,0.995
1618.228,441.0,0.995
1619.712,441.5,0.995
1621.17,442.0,0.995
1622.629,442.5,0.994
1624.119,443.0,0.994
1625.574,443.5,0.994
1627.032,444.0,0.994
1628.478,444.5,0.994
1629.991,445.0,0.994
1631.429,445.5,0.994
1632.889,446.0,0.994
1634.332,446.5,0.994
1635.82,447.0,0.994
1637.265,447.5,0.994
1638.738,448.0,0.994
1640.225,448.5,0.993
1641.679,449.0,0.993
1643.117,449.5,0.993
1644.598,450.0,0.993
1646.038,450.5,0.993
1647.507,451.0,0.993
1648.982,451.5,0.993
1650.452,452.0,0.993
1651.933,452.5,0.993
1653.385,453.0,0.993
1654.842,453.5,0.992
1656.309,454.0,0.992
1657.795,454.5,0.992
1659.246,455.0,0.992
1660.691,455.5,0.992
1662.155,456.0,0.992
1663.603,456.5,0.992
1665.043,457.0,0.992
1666.552,457.5,0.991
1668.006,458.0,0.991
1669.46,458.5,0.991
1670.939,459.0,0.991
1672.389,459.5,0.991
1673.867,460.0,0.991
1675.315,460.5,0.991
1676.77,461.0,0.99
1678.262,461.5,0.99
1679.709,462.0,0.99
1681.17,462.5,0.99
1682.631,463.0,0.99
1684.113,463.5,0.99
1685.571,464.0,0.99
1687.04,464.5,0.99
1688.487,465.0,0.99
1689.948,465.5,0.989
1691.419,466.0,0.989
1692.875,466.5,0.989
1694.324,467.0,0.989
1695.807,467.5,0.988
1697.267,468.0,0.988
1698.708,468.5,0.988
1700.197,469.0,0.988
1701.622,469.5,0.988
1703.131,470.0,0.988
1704.598,470.5,0.987
1706.069,471.0,0.987
1707.515,471.5,0.987
1708.949,472.0,0.987
1710.416,472.5,0.987
1711.903,473.0,0.987
1713.361,473.5,0.987
1714.834,474.0,0.986
1716.293,474.5,0.986
1717.736,475.0,0.986
1719.202,475.5,0.986
1720.679,476.0,0.986
1722.154,476.5,0.986
1723.618,477.0,0.986
1725.061,477.5,0.985
1726.541,478.0,0.985
1728.044,478.5,0.985
1729.485,479.0,0.985
1730.927,479.5,0.985
1732.384,480.0,0.985
1733.822,480.5,0.985
1735.293,481.0,0.984
1736.775,481.5,0.984
1738.251,482.0,0.984
1739.724,482.5,0.984
1741.163,483.0,0.984
1742.622,483.5,0.984
1744.099,484.0,0.984
1745.553,484.5,0.983
1747.017,485.0,0.983
1748.486,485.5,0.983
1749.962,486.0,0.983
1751.431,486.5,0.983
1752.895,487.0,0.983
1754.354,487.5,0.982
1755.819,488.0,0.982
1757.301,488.5,0.982
1758.773,489.0,0.982
1760.214,489.5,0.982
1761.68,490.0,0.982
1763.132,490.5,0.981
1764.612,491.0,0.981
1766.082,491.5,0.981
1767.542,492.0,0.981
1769.042,492.5,0.981
1770.475,493.0,0.981
1771.933,493.5,0.98
1773.392,494.0,0.98
1774.844,494.5,0.98
1776.374,495.0,0.98
1777.813,495.5,0.98
1779.301,496.0,0.98
1780.755,496.5,0.979
1782.206,497.0,0.979
1783.633,497.5,0.979
1785.157,498.0,0.979
1786.61,498.5,0.979
1788.078,499.0,0.978
1789.563,499.5,0.978
1791.034,500.0,0.978
1792.472,500.5,0.978
1793.953,501.0,0.977
1795.379,501.5,0.977
1796.856,502.0,0.977
1798.363,502.5,0.977
1799.816,503.0,0.977
1801.268,503.5,0.976
1802.74,504.0,0.976
1804.213,504.5,0.976
1805.701,505.0,0.976
1807.129,505.5,0.975
1808.638,506.0,0.975
1810.127,506.5,0.975
1811.601,507.0,0.975
1813.049,507.5,0.974
1814.503,508.0,0.974
1815.965,508.5,0.974
1817.449,509.0,0.974
1818.952,509.5,0.974
1820.413,510.0,0.973
1821.878,510.5,0.973
1823.322,511.0,0.973
1824.829,511.5,0.972
1826.279,512.0,0.972
1827.754,512.5,0.972
1829.234,513.0,0.972
1830.711,513.5,0.971
1832.19,514.0,0.971
1833.66,514.5,0.971
1835.116,515.0,0.97
1836.611,515.5,0.97
1838.092,516.0,0.97
1839.526,516.5,0.969
1840.989,517.0,0.969
1842.494,517.5,0.969
1843.954,518.0,0.968
1845.447,518.5,0.968
1846.911,519.0,0.968
1848.391,519.5,0.967
1849.85,520.0,0.967
1851.314,520.5,0.967
1852.814,521.0,0.966
1854.284,521.5,0.966
1855.746,522.0,0.965
1857.209,522.5,0.965
1858.661,523.0,0.965
1860.144,523.5,0.964
1861.63,524.0,0.964
1863.114,524.5,0.964
1864.553,525.0,0.963
1866.063,525.5,0.963
1867.51,526.0,0.962
1868.965,526.5,0.962
1870.44,527.0,0.962
1871.921,527.5,0.961
1873.388,528.0,0.961
1874.869,528.5,0.96
1876.355,529.0,0.959
1877.823,529.5,0.959
1879.288,530.0,0.958
1880.778,530.5,0.958
1882.259,531.0,0.957
1883.743,531.5,0.957
1885.181,532.0,0.956
1886.677,532.5,0.955
1888.145,533.0,0.955
1889.616,533.5,0.954
1891.091,534.0,0.954
1892.574,534.5,0.953
1894.044,535.0,0.953
1895.519,535.5,0.952
1896.977,536.0,0.952
1898.491,536.5,0.951
1899.935,537.0,0.951
1901.423,537.5,0.95
1902.865,538.0,0.949
1904.373,538.5,0.949
1905.86,539.0,0.948
1907.348,539.5,0.948
1908.799,540.0,0.947
1910.299,540.5,0.946
1911.776,541.0,0.945
1913.26,541.5,0.945
1914.735,542.0,0.944
1916.201,542.5,0.944
1917.662,543.0,0.943
1919.145,543.5,0.942
1920.651,544.0,0.942
1922.133,544.5,0.941
1923.599,545.0,0.94
1925.067,545.5,0.94
1926.55,546.0,0.939
1928.032,546.5,0.938
1929.491,547.0,0.937
1930.979,547.5,0.936
1932.468,548.0,0.936
1933.959,548.5,0.935
1935.42,549.0,0.934
1936.909,549.5,0.933
1938.378,550.0,0.933
1939.855,550.5,0.932
1941.335,551.0,0.931
1942.821,551.5,0.93
1944.297,552.0,0.93
1945.801,552.5,0.929
1947.281,553.0,0.928
1948.76,553.5,0.927
1950.243,554.0,0.926
1951.71,554.5,0.925
1953.179,555.0,0.925
1954.674,555.5,0.924
1956.152,556.0,0.923
1957.631,556.5,0.922
1959.111,557.0,0.921
1960.58,557.5,0.92
1962.057,558.0,0.919
1963.561,558.5,0.918
1965.038,559.0,0.918
1966.518,559.5,0.916
1967.949,560.0,0.916
1969.451,560.5,0.915
1970.908,561.0,0.914
1972.414,561.5,0.913
1973.908,562.0,0.912
1975.369,562.5,0.911
1976.839,563.0,0.91
1978.326,563.5,0.909
1979.81,564.0,0.908
1981.3,564.5,0.907
1982.796,565.0,0.906
1984.311,565.5,0.905
1985.768,566.0,0.904
1987.234,566.5,0.903
1988.726,567.0,0.902
1990.228,567.5,0.901
1991.698,568.0,0.899
1993.168,568.5,0.899
1994.69,569.0,0.897
1996.156,569.5,0.896
1997.635,570.0,0.895
1999.142,570.5,0.894
2000.602,571.0,0.893
2002.099,571.5,0.892
2003.584,572.0,0.89
2005.076,572.5,0.889
2006.567,573.0,0.888
2008.03,573.5,0.887
2009.538,574.0,0.885
2011.006,574.5,0.884
2012.49,575.0,0.884
2013.982,575.5,0.882
2015.464,576.0,0.881
2016.955,576.5,0.879
2018.447,577.0,0.878
2019.94,577.5,0.877
2021.398,578.0,0.876
2022.874,578.5,0.874
2024.379,579.0,0.873
2025.847,579.5,0.871
2027.363,580.0,0.87
2028.808,580.5,0.868
2030.307,581.0,0.867
2031.777,581.5,0.865
2033.274,582.0,0.864
2034.753,582.5,0.862
2036.264,583.0,0.861
2037.732,583.5,0.859
2039.246,584.0,0.858
2040.711,584.5,0.856
2042.209,585.0,0.855
2043.691,585.5,0.853
2045.166,586.0,0.852
2046.665,586.5,0.85
2048.154,587.0,0.849
2049.628,587.5,0.847
2051.108,588.0,0.845
2052.605,588.5,0.843
2054.093,589.0,0.842
2055.597,589.5,0.84
2057.05,590.0,0.838
2058.555,590.5,0.836
2060.043,591.0,0.835
2061.556,591.5,0.832
2063.05,592.0,0.831
2064.514,592.5,0.829
2066.015,593.0,0.827
2067.491,593.5,0.826
2068.991,594.0,0.823
2070.489,594.5,0.822
2071.96,595.0,0.819
2073.43,595.5,0.818
2074.955,596.0,0.815
2076.423,596.5,0.814
2077.934,597.0,0.811
2079.395,597.5,0.81
2080.892,598.0,0.807
2082.387,598.5,0.806
2083.865,599.0,0.803
2085.39,599.5,0.801
2086.863,600.0,0.799
2088.355,600.5,0.797
2089.845,601.0,0.794
2091.346,601.5,0.793
2092.824,602.0,0.79
2094.327,602.5,0.788
2095.802,603.0,0.785
2097.3,603.5,0.783
2098.805,604.0,0.781
2100.286,604.5,0.779
2101.785,605.0,0.776
2103.285,605.5,0.774
2104.772,606.0,0.771
2106.247,606.5,0.77
2107.76,607.0,0.766
2109.271,607.5,0.764
2110.731,608.0,0.762
2112.267,608.5,0.759
2113.731,609.0,0.757
2115.237,609.5,0.755
2116.725,610.0,0.752
2118.198,610.5,0.749
2119.703,611.0,0.747
2121.222,611.5,0.744
2122.702,612.0,0.741
2124.212,612.5,0.739
2125.693,613.0,0.736
2127.198,613.5,0.733
2128.686,614.0,0.731
2130.163,614.5,0.728
2131.672,615.0,0.725
2133.153,615.5,0.723
2134.638,616.0,0.72
2136.127,616.5,0.717
2137.622,617.0,0.714
2139.121,617.5,0.712
2140.61,618.0,0.709
2142.134,618.5,0.706
2143.599,619.0,0.703
2145.099,619.5,0.7
2146.603,620.0,0.697
2148.128,620.5,0.694
2149.603,621.0,0.691
2151.104,621.5,0.689
2152.604,622.0,0.686
2154.116,622.5,0.683
2155.584,623.0,0.68
2157.094,623.5,0.677
2158.576,624.0,0.674
2160.079,624.5,0.671
2161.59,625.0,0.668
2163.092,625.5,0.665
2164.586,626.0,0.661
2166.046,626.5,0.658
2167.586,627.0,0.655
2169.036,627.5,0.652
2170.537,628.0,0.649
2172.052,628.5,0.646
2173.567,629.0,0.643
2175.039,629.5,0.64
2176.546,630.0,0.637
2178.063,630.5,0.633
2179.556,631.0,0.63
2181.041,631.5,0.627
2182.524,632.0,0.624
2184.018,632.5,0.621
2185.541,633.0,0.617
2187.024,633.5,0.614
2188.519,634.0,0.611
2190.012,634.5,0.608
2191.524,635.0,0.604
2193.009,635.5,0.601
2194.544,636.0,0.597
2196.042,636.5,0.594
2197.54,637.0,0.59
2199.036,637.5,0.587
2200.538,638.0,0.583
2202.035,638.5,0.58
2203.544,639.0,0.576
2205.053,639.5,0.573
2206.579,640.0,0.569
2208.082,640.5,0.566
2209.566,641.0,0.562
2211.077,641.5,0.559
2212.584,642.0,0.555
2214.099,642.5,0.551
2215.613,643.0,0.547
2217.09,643.5,0.544
2218.613,644.0,0.54
2220.092,644.5,0.537
2221.628,645.0,0.533
2223.116,645.5,0.529
2224.621,646.0,0.525
2226.126,646.5,0.521
2227.639,647.0,0.517
2229.141,647.5,0.513
2230.651,648.0,0.509
2232.127,648.5,0.505
2233.647,649.0,0.501
2235.159,649.5,0.497
2236.652,650.0,0.493
2238.158,650.5,0.489
2239.673,651.0,0.484
2241.158,651.5,0.48
2242.683,652.0,0.476
2244.206,652.5,0.471
2245.686,653.0,0.467
2247.192,653.5,0.462
2248.715,654.0,0.459
2250.206,654.5,0.454
2251.718,655.0,0.45
2253.234,655.5,0.445
2254.738,656.0,0.441
2256.27,656.5,0.436
2257.738,657.0,0.432
2259.239,657.5,0.427
2260.747,658.0,0.423
2262.268,658.5,0.418
2263.767,659.0,0.414
2265.292,659.5,0.409
2266.803,660.0,0.405
2268.287,660.5,0.4
2269.812,661.0,0.396
2271.307,661.5,0.391
2272.833,662.0,0.387
2274.314,662.5,0.382
2275.816,663.0,0.378
2277.333,663.5,0.373
2278.834,664.0,0.368
2280.348,664.5,0.365
2281.842,665.0,0.36
2283.363,665.5,0.356
2284.86,666.0,0.351
2286.393,666.5,0.348
2287.865,667.0,0.343
2289.397,667.5,0.34
2290.881,668.0,0.335
2292.388,668.5,0.332
2293.893,669.0,0.328
2295.391,669.5,0.325
2296.891,670.0,0.321
2298.39,670.5,0.318
2299.92,671.0,0.315
2301.39,671.5,0.312
2302.902,672.0,0.309
2304.418,672.5,0.306
2305.904,673.0,0.303
2307.41,673.5,0.301
2308.933,674.0,0.298
2310.452,674.5,0.296
2311.924,675.0,0.293
2313.429,675.5,0.292
2314.931,676.0,0.289
2316.442,676.5,0.288
2317.936,677.0,0.286
2319.46,677.5,0.285
2320.938,678.0,0.283
2322.464,678.5,0.282
2323.981,679.0,0.28
2325.476,679.5,0.28
2326.982,680.0,0.278
2328.48,680.5,0.277
2329.991,681.0,0.276
2331.478,681.5,0.276
2332.985,682.0,0.275
2334.494,682.5,0.274
2335.994,683.0,0.274
2337.494,683.5,0.273
2339.012,684.0,0.273
2340.514,684.5,0.272
2341.974,685.0,0.272
2343.515,685.5,0.271
2345.024,686.0,0.271
2346.512,686.5,0.27
2348.009,687.0,0.27
2349.535,687.5,0.269
2351.066,688.0,0.269
2352.568,688.5,0.269
2354.068,689.0,0.268
2355.57,689.5,0.268
2357.112,690.0,0.268
2358.583,690.5,0.267
2360.114,691.0,0.267
2361.628,691.5,0.266
2363.11,692.0,0.266
2364.606,692.5,0.266
2366.104,693.0,0.266
2367.623,693.5,0.265
2369.151,694.0,0.265
2370.655,694.5,0.265
2372.174,695.0,0.264
2373.677,695.5,0.264
2375.18,696.0,0.264
2376.693,696.5,0.263
2378.187,697.0,0.263
2379.683,697.5,0.263
2381.205,698.0,0.262
2382.703,698.5,0.262
2384.214,699.0,0.262
2385.744,699.5,0.261
2387.259,700.0,0.261
2388.761,700.5,0.261
2390.276,701.0,0.26
2391.784,701.5,0.26
2393.288,702.0,0.26
2394.808,702.5,0.259
2396.306,703.0,0.259
2397.816,703.5,0.259
2399.306,704.0,0.259
2400.829,704.5,0.258
2402.312,705.0,0.258
2403.845,705.5,0.258
2405.347,706.0,0.258
2406.865,706.5,0.257
2408.365,707.0,0.257
2409.871,707.5,0.257
2411.384,708.0,0.257
2412.911,708.5,0.256
2414.429,709.0,0.256
2415.933,709.5,0.255
2417.462,710.0,0.255
2418.952,710.5,0.255
2420.479,711.0,0.255
2421.988,711.5,0.254
2423.497,712.0,0.254
2425.02,712.5,0.254
2426.514,713.0,0.253
2428.045,713.5,0.253
2429.555,714.0,0.253
2431.049,714.5,0.253
2432.581,715.0,0.252
2434.086,715.5,0.252
2435.582,716.0,0.252
2437.107,716.5,0.252
2438.627,717.0,0.251
2440.142,717.5,0.251
2441.636,718.0,0.251
2443.146,718.5,0.251
2444.664,719.0,0.25
2446.152,719.5,0.25
2447.664,720.0,0.25
2449.18,720.5,0.249
2450.686,721.0,0.249
2452.18,721.5,0.249
2453.697,722.0,0.249
2455.215,722.5,0.248
2456.732,723.0,0.248
2458.246,723.5,0.248
2459.77,724.0,0.248
2461.258,724.5,0.247
2462.751,725.0,0.247
2464.276,725.5,0.247
2465.798,726.0,0.247
2467.305,726.5,0.246
2468.828,727.0,0.246
2470.352,727.5,0.246
2471.867,728.0,0.246
2473.355,728.5,0.245
2474.887,729.0,0.245
2476.398,729.5,0.245
2477.904,730.0,0.245
2479.435,730.5,0.244
2480.923,731.0,0.244
2482.458,731.5,0.244
2483.97,732.0,0.243
2485.492,732.5,0.243
2486.982,733.0,0.243
2488.515,733.5,0.243
2490.033,734.0,0.243
2491.542,734.5,0.242
2493.054,735.0,0.242
2494.584,735.5,0.242
2496.096,736.0,0.242
2497.6,736.5,0.242
2499.109,737.0,0.241
2500.631,737.5,0.241
2502.13,738.0,0.241
2503.625,738.5,0.241
2505.16,739.0,0.24
2506.676,739.5,0.24
2508.19,740.0,0.24
2509.696,740.5,0.24
2511.199,741.0,0.24
2512.746,741.5,0.239
2514.251,742.0,0.239
2515.767,742.5,0.239
2517.265,743.0,0.239
2518.779,743.5,0.238
2520.304,744.0,0.238
2521.838,744.5,0.238
2523.323,745.0,0.238
2524.824,745.5,0.238
2526.374,746.0,0.237
2527.875,746.5,0.237
2529.408,747.0,0.237
2530.938,747.5,0.237
2532.421,748.0,0.237
2533.942,748.5,0.237
2535.446,749.0,0.236
2536.964,749.5,0.236
2538.492,750.0,0.236
2539.994,750.5,0.236
2541.513,751.0,0.236
2543.041,751.5,0.236
2544.537,752.0,0.235
2546.068,752.5,0.235
2547.587,753.0,0.235
2549.095,753.5,0.235
2550.611,754.0,0.235
2552.087,754.5,0.235
2553.619,755.0,0.234
2555.128,755.5,0.234
2556.632,756.0,0.234
2558.128,756.5,0.234
2559.666,757.0,0.234
2561.212,757.5,0.234
2562.726,758.0,0.233
2564.226,758.5,0.233
2565.742,759.0,0.233
2567.264,759.5,0.233
2568.766,760.0,0.233
2570.278,760.5,0.233
2571.79,761.0,0.232
2573.329,761.5,0.232
2574.844,762.0,0.232
2576.351,762.5,0.232
2577.844,763.0,0.232
2579.392,763.5,0.232
2580.899,764.0,0.231
2582.399,764.5,0.231
2583.918,765.0,0.231
2585.435,765.5,0.231
2586.929,766.0,0.231
2588.459,766.5,0.231
2589.97,767.0,0.231
2591.489,767.5,0.23
2593.017,768.0,0.23
2594.498,768.5,0.23
2596.018,769.0,0.23
2597.515,769.5,0.23
2599.022,770.0,0.23
2600.555,770.5,0.23
2602.079,771.0,0.229
2603.596,771.5,0.229
2605.069,772.0,0.229
2606.615,772.5,0.229
2608.11,773.0,0.229
2609.608,773.5,0.229
2611.121,774.0,0.229
2612.625,774.5,0.229
2614.153,775.0,0.228
2615.66,775.5,0.228
2617.177,776.0,0.228
2618.692,776.5,0.228
2620.171,777.0,0.228
2621.718,777.5,0.228
2623.24,778.0,0.228
2624.755,778.5,0.228
2626.264,779.0,0.228
2627.782,779.5,0.227
2629.273,780.0,0.227
2630.79,780.5,0.227
2632.328,781.0,0.227
2633.835,781.5,0.227
2635.328,782.0,0.227
2636.854,782.5,0.227
2638.36,783.0,0.227
2639.866,783.5,0.226
2641.375,784.0,0.226
2642.905,784.5,0.226
2644.381,785.0,0.226
2645.896,785.5,0.226
2647.409,786.0,0.226
2648.919,786.5,0.226
2650.434,787.0,0.225
2651.941,787.5,0.225
2653.48,788.0,0.225
2654.991,788.5,0.225
2656.477,789.0,0.225
2658.0,789.5,0.225
2659.498,790.0,0.225
2661.009,790.5,0.225
2662.527,791.0,0.225
2664.031,791.5,0.225
2665.559,792.0,0.224
2667.066,792.5,0.224
2668.568,793.0,0.224
2670.099,793.5,0.224
2671.603,794.0,0.224
2673.114,794.5,0.224
2674.649,795.0,0.224
2676.119,795.5,0.224
2677.654,796.0,0.224
2679.167,796.5,0.223
2680.684,797.0,0.223
2682.185,797.5,0.223
2683.719,798.0,0.223
2685.228,798.5,0.223
2686.727,799.0,0.223
2688.253,799.5,0.223
2689.759,800.0,0.223
2691.263,800.5,0.223
2692.769,801.0,0.222
2694.271,801.5,0.222
2695.771,802.0,0.222
2697.31,802.5,0.222
2698.802,803.0,0.222
2700.302,803.5,0.222
2701.834,804.0,0.222
2703.336,804.5,0.222
2704.839,805.0,0.222
2706.357,805.5,0.222
2707.858,806.0,0.221
2709.365,806.5,0.221
2710.866,807.0,0.221
2712.365,807.5,0.221
2713.899,808.0,0.221
2715.391,808.5,0.221
2716.912,809.0,0.221
2718.434,809.5,0.221
2719.926,810.0,0.221
2721.444,810.5,0.221
2722.966,811.0,0.221
2724.461,811.5,0.22
2725.976,812.0,0.22
2727.484,812.5,0.22
2728.994,813.0,0.22
2730.502,813.5,0.22
2732.021,814.0,0.22
2733.531,814.5,0.22
2735.036,815.0,0.22
2736.556,815.5,0.22
2738.063,816.0,0.22
2739.578,816.5,0.22
2741.11,817.0,0.22
2742.594,817.5,0.219
2744.098,818.0,0.219
2745.601,818.5,0.219
2747.12,819.0,0.219
2748.638,819.5,0.219
2750.133,820.0,0.219
2751.672,820.5,0.219
2753.173,821.0,0.219
2754.688,821.5,0.219
2756.201,822.0,0.219
2757.714,822.5,0.219
2759.224,823.0,0.218
2760.729,823.5,0.218
2762.234,824.0,0.218
2763.725,824.5,0.218
2765.24,825.0,0.218
2766.745,825.5,0.218
2768.261,826.0,0.218
2769.76,826.5,0.218
2771.29,827.0,0.218
2772.797,827.5,0.217
2774.286,828.0,0.217
2775.802,828.5,0.217
2777.32,829.0,0.217
2778.845,829.5,0.217
2780.343,830.0,0.217
2781.864,830.5,0.217
2783.353,831.0,0.217
2784.883,831.5,0.217
2786.372,832.0,0.217
2787.898,832.5,0.217
2789.408,833.0,0.217
2790.917,833.5,0.217
2792.438,834.0,0.217
2793.926,834.5,0.217
2795.441,835.0,0.216
2796.967,835.5,0.216
2798.455,836.0,0.216
2799.975,836.5,0.216
2801.471,837.0,0.216
2802.97,837.5,0.216
2804.487,838.0,0.216
2805.976,838.5,0.216
2807.498,839.0,0.216
2809.021,839.5,0.215
2810.53,840.0,0.215
2812.033,840.5,0.215
2813.526,841.0,0.215
2815.06,841.5,0.215
2816.564,842.0,0.215
2818.075,842.5,0.215
2819.573,843.0,0.215
2821.096,843.5,0.215
2822.595,844.0,0.215
2824.103,844.5,0.215
2825.617,845.0,0.215
2827.13,845.5,0.215
2828.637,846.0,0.215
2830.142,846.5,0.215
2831.662,847.0,0.214
2833.158,847.5,0.214
2834.675,848.0,0.214
2836.183,848.5,0.214
2837.695,849.0,0.214
2839.192,849.5,0.214
2840.709,850.0,0.214
2842.223,850.5,0.214
2843.745,851.0,0.214
2845.228,851.5,0.214
2846.741,852.0,0.214
2848.254,852.5,0.213
2849.751,853.0,0.213
2851.284,853.5,0.213
2852.793,854.0,0.213
2854.307,854.5,0.213
2855.8,855.0,0.213
2857.312,855.5,0.213
2858.82,856.0,0.213
2860.336,856.5,0.213
2861.85,857.0,0.213
2863.355,857.5,0.213
2864.867,858.0,0.213
2866.364,858.5,0.213
2867.87,859.0,0.213
2869.378,859.5,0.213
2870.875,860.0,0.213
2872.396,860.5,0.213
2873.903,861.0,0.212
2875.419,861.5,0.212
2876.909,862.0,0.212
2878.442,862.5,0.212
2879.926,863.0,0.212
2881.44,863.5,0.212
2882.942,864.0,0.212
2884.454,864.5,0.212
2885.976,865.0,0.212
2887.468,865.5,0.212
2888.966,866.0,0.212
2890.465,866.5,0.212
2891.978,867.0,0.211
2893.508,867.5,0.211
2895.021,868.0,0.211
2896.517,868.5,0.211
2898.021,869.0,0.211
2899.543,869.5,0.211
2901.069,870.0,0.211
2902.562,870.5,0.211
2904.075,871.0,0.211
2905.584,871.5,0.211
2907.098,872.0,0.211
2908.584,872.5,0.211
2910.111,873.0,0.211
2911.61,873.5,0.211
2913.111,874.0,0.211
2914.621,874.5,0.21
2916.111,875.0,0.21
2917.625,875.5,0.21
2919.123,876.0,0.21
2920.641,876.5,0.21
2922.133,877.0,0.21
2923.665,877.5,0.21
2925.169,878.0,0.21
2926.668,878.5,0.21
2928.175,879.0,0.21
2929.696,879.5,0.21
2931.181,880.0,0.21
2932.715,880.5,0.21
2934.221,881.0,0.21
2935.734,881.5,0.21
2937.249,882.0,0.209
2938.755,882.5,0.209
2940.271,883.0,0.209
2941.771,883.5,0.209
2943.259,884.0,0.209
2944.766,884.5,0.209
2946.299,885.0,0.209
2947.782,885.5,0.209
2949.314,886.0,0.209
2950.812,886.5,0.209
2952.328,887.0,0.209
2953.852,887.5,0.209
2955.336,888.0,0.209
2956.861,888.5,0.209
2958.381,889.0,0.208
2959.888,889.5,0.208
2961.367,890.0,0.208
2962.898,890.5,0.208
2964.411,891.0,0.208
2965.91,891.5,0.208
2967.415,892.0,0.208
2968.912,892.5,0.208
2970.433,893.0,0.208
2971.937,893.5,0.208
2973.445,894.0,0.208
2974.952,894.5,0.208
2976.466,895.0,0.208
2977.976,895.5,0.208
2979.484,896.0,0.208
2980.994,896.5,0.208
2982.497,897.0,0.207
2983.994,897.5,0.207
2985.537,898.0,0.207
2987.049,898.5,0.207
2988.533,899.0,0.207
2990.042,899.5,0.207
2991.554,900.0,0.207
2993.028,900.5,0.207
2994.572,901.0,0.207
2996.069,901.5,0.207
2997.579,902.0,0.207
2999.074,902.5,0.207
3000.61,903.0,0.206
3002.11,903.5,0.206
3003.617,904.0,0.206
3005.125,904.5,0.206
3006.648,905.0,0.206
3008.138,905.5,0.206
3009.633,906.0,0.206
3011.151,906.5,0.206
3012.668,907.0,0.206
3014.161,907.5,0.206
3015.661,908.0,0.206
3017.172,908.5,0.206
3018.671,909.0,0.206
3020.182,909.5,0.206
3021.69,910.0,0.206
3023.206,910.5,0.206
3024.72,911.0,0.206
3026.227,911.5,0.206
3027.745,912.0,0.206
3029.25,912.5,0.206
3030.765,913.0,0.206
3032.256,913.5,0.205
3033.784,914.0,0.205
3035.277,914.5,0.205
3036.78,915.0,0.205
3038.291,915.5,0.205
3039.813,916.0,0.205
3041.311,916.5,0.205
3042.813,917.0,0.205
3044.334,917.5,0.205
3045.835,918.0,0.205
3047.333,918.5,0.205
3048.828,919.0,0.205
3050.376,919.5,0.205
3051.865,920.0,0.205
3053.337,920.5,0.205
3054.855,921.0,0.205
3056.385,921.5,0.205
3057.865,922.0,0.205
3059.393,922.5,0.205
3060.886,923.0,0.205
3062.396,923.5,0.205
3063.915,924.0,0.204
3065.419,924.5,0.204
3066.948,925.0,0.204
3068.445,925.5,0.204
3069.951,926.0,0.204
3071.45,926.5,0.204
3072.958,927.0,0.204
3074.451,927.5,0.204
3075.978,928.0,0.204
3077.496,928.5,0.204
3079.006,929.0,0.204
3080.515,929.5,0.204
3082.012,930.0,0.204
3083.523,930.5,0.204
3085.0,931.0,0.204
3086.512,931.5,0.203
3088.044,932.0,0.203
3089.538,932.5,0.203
3091.037,933.0,0.203
3092.568,933.5,0.204
3094.048,934.0,0.204
3095.571,934.5,0.204
3097.084,935.0,0.204
3098.574,935.5,0.204
3100.089,936.0,0.204
3101.605,936.5,0.203
3103.12,937.0,0.203
3104.628,937.5,0.203
3106.123,938.0,0.203
3107.632,938.5,0.203
3109.127,939.0,0.203
3110.649,939.5,0.203
3112.178,940.0,0.203
3113.67,940.5,0.203
3115.157,941.0,0.203
3116.676,941.5,0.203
3118.174,942.0,0.203
3119.704,942.5,0.203
3121.209,943.0,0.203
3122.708,943.5,0.203
3124.224,944.0,0.203
3125.75,944.5,0.203
3127.225,945.0,0.203
3128.756,945.5,0.203
3130.255,946.0,0.203
3131.784,946.5,0.203
3133.282,947.0,0.202
3134.789,947.5,0.202
3136.301,948.0,0.202
3137.795,948.5,0.202
3139.317,949.0,0.202
3140.822,949.5,0.202
3142.332,950.0,0.202
3143.857,950.5,0.202
3145.357,951.0,0.202
3146.865,951.5,0.202
3148.37,952.0,0.202
3149.883,952.5,0.202
3151.388,953.0,0.202
3152.895,953.5,0.202
3154.435,954.0,0.202
3155.941,954.5,0.202
3157.453,955.0,0.202
3158.963,955.5,0.202
3160.467,956.0,0.202
3161.979,956.5,0.202
3163.455,957.0,0.202
3164.994,957.5,0.202
3166.5,958.0,0.202
3167.997,958.5,0.202
3169.506,959.0,0.202
3170.985,959.5,0.202
3172.495,960.0,0.202
3174.006,960.5,0.202
3175.547,961.0,0.202
3177.039,961.5,0.202
3178.561,962.0,0.201
3180.085,962.5,0.201
3181.596,963.0,0.201
3183.093,963.5,0.201
3184.616,964.0,0.201
3186.117,964.5,0.201
3187.627,965.0,0.201
3189.132,965.5,0.201
3190.655,966.0,0.201
3192.147,966.5,0.201
3193.645,967.0,0.201
3195.181,967.5,0.201
3196.681,968.0,0.201
3198.195,968.5,0.201
3199.694,969.0,0.201
3201.196,969.5,0.201
3202.709,970.0,0.201
3204.232,970.5,0.201
3205.719,971.0,0.201
3207.233,971.5,0.201
3208.75,972.0,0.201
3210.246,972.5,0.201
3211.745,973.0,0.201
3213.267,973.5,0.201
3214.773,974.0,0.201
3216.285,974.5,0.201
3217.805,975.0,0.201
3219.303,975.5,0.201
3220.794,976.0,0.2
3222.315,976.5,0.2
3223.849,977.0,0.2
3225.352,977.5,0.2
3226.861,978.0,0.2
3228.352,978.5,0.2
3229.864,979.0,0.2
3231.373,979.5,0.2
3232.885,980.0,0.2
3234.394,980.5,0.2
3235.89,981.0,0.2
3237.386,981.5,0.2
3238.882,982.0,0.2
3240.413,982.5,0.2
3241.927,983.0,0.2
3243.419,983.5,0.2
3244.931,984.0,0.2
3246.445,984.5,0.2
3247.935,985.0,0.2
3249.454,985.5,0.2
3250.979,986.0,0.2
3252.468,986.5,0.2
3253.967,987.0,0.2
3255.488,987.5,0.2
3256.985,988.0,0.2
3258.482,988.5,0.2
3259.979,989.0,0.2
3261.494,989.5,0.2
3263.006,990.0,0.2
3264.497,990.5,0.2
3266.009,991.0,0.2
3267.536,991.5,0.199
3269.028,992.0,0.199
3270.549,992.5,0.199
3272.056,993.0,0.199
3273.572,993.5,0.199
3275.07,994.0,0.199
3276.573,994.5,0.199
3278.053,995.0,0.199
3279.596,995.5,0.199
3281.107,996.0,0.199
3282.599,996.5,0.199
3284.122,997.0,0.199
3285.626,997.5,0.199
3287.127,998.0,0.199
3288.655,998.5,0.199
3290.159,999.0,0.199
3291.663,999.5,0.199
3293.158,1000.0,0.199
3294.674,1000.5,0.199
3296.191,1001.0,0.199
3297.683,1001.5,0.199
3299.192,1002.0,0.199
3300.687,1002.5,0.199
3302.193,1003.0,0.199
3303.692,1003.5,0.199
3305.217,1004.0,0.199
3306.709,1004.5,0.199
3308.209,1005.0,0.199
3309.722,1005.5,0.199
3311.245,1006.0,0.198
3312.735,1006.5,0.198
3314.238,1007.0,0.198
3315.748,1007.5,0.198
3317.252,1008.0,0.198
3318.765,1008.5,0.198
3320.289,1009.0,0.198
3321.798,1009.5,0.198
3323.304,1010.0,0.198
3324.798,1010.5,0.198
3326.311,1011.0,0.198
3327.813,1011.5,0.198
3329.334,1012.0,0.198
3330.84,1012.5,0.198
3332.347,1013.0,0.198
3333.855,1013.5,0.198
3335.343,1014.0,0.198
3336.842,1014.5,0.198
3338.366,1015.0,0.198
3339.855,1015.5,0.198
3341.366,1016.0,0.198
3342.865,1016.5,0.198
3344.357,1017.0,0.198
3345.865,1017.5,0.198
3347.376,1018.0,0.198
3348.889,1018.5,0.198
3350.414,1019.0,0.198
3351.904,1019.5,0.198
3353.415,1020.0,0.198
3354.948,1020.5,0.198
3356.429,1021.0,0.198
3357.94,1021.5,0.198
3359.453,1022.0,0.198
3360.944,1022.5,0.198
3362.455,1023.0,0.198
3363.97,1023.5,0.198
3365.476,1024.0,0.198
3366.956,1024.5,0.198
3368.475,1025.0,0.197
3370.006,1025.5,0.197
3371.503,1026.0,0.197
3372.997,1026.5,0.197
3374.526,1027.0,0.197
3376.033,1027.5,0.197
3377.526,1028.0,0.197
3379.03,1028.5,0.197
3380.534,1029.0,0.197
3382.047,1029.5,0.197
3383.539,1030.0,0.197
3385.058,1030.5,0.197
3386.549,1031.0,0.197
3388.025,1031.5,0.197
3389.549,1032.0,0.197
3391.049,1032.5,0.197
3392.571,1033.0,0.197
3394.063,1033.5,0.197
3395.576,1034.0,0.197
3397.068,1034.5,0.197
3398.579,1035.0,0.197
3400.076,1035.5,0.197
3401.569,1036.0,0.197
3403.096,1036.5,0.197
3404.606,1037.0,0.197
3406.108,1037.5,0.197
3407.607,1038.0,0.197
3409.103,1038.5,0.197
3410.624,1039.0,0.197
3412.132,1039.5,0.196
3413.608,1040.0,0.196
3415.11,1040.5,0.196
3416.613,1041.0,0.196
3418.12,1041.5,0.196
3419.601,1042.0,0.196
3421.098,1042.5,0.196
3422.622,1043.0,0.196
3424.119,1043.5,0.196
3425.622,1044.0,0.196
3427.123,1044.5,0.196
3428.627,1045.0,0.196
3430.106,1045.5,0.196
3431.608,1046.0,0.196
3433.112,1046.5,0.196
3434.614,1047.0,0.196
3436.128,1047.5,0.196
3437.632,1048.0,0.196
3439.138,1048.5,0.196
3440.623,1049.0,0.196
3442.15,1049.5,0.196
3443.618,1050.0,0.196
3445.124,1050.5,0.196
3446.634,1051.0,0.196
3448.149,1051.5,0.196
3449.648,1052.0,0.196
3451.158,1052.5,0.196
3452.657,1053.0,0.196
3454.164,1053.5,0.196
3455.685,1054.0,0.196
3457.168,1054.5,0.196
3458.679,1055.0,0.196
3460.188,1055.5,0.196
3461.682,1056.0,0.196
3463.183,1056.5,0.196
3464.696,1057.0,0.196
3466.198,1057.5,0.196
3467.71,1058.0,0.195
3469.186,1058.5,0.195
3470.696,1059.0,0.195
3472.211,1059.5,0.195
3473.713,1060.0,0.195
3475.225,1060.5,0.195
3476.713,1061.0,0.195
3478.225,1061.5,0.195
3479.733,1062.0,0.195
3481.251,1062.5,0.195
3482.757,1063.0,0.195
3484.237,1063.5,0.195
3485.739,1064.0,0.195
3487.238,1064.5,0.195
3488.758,1065.0,0.195
3490.209,1065.5,0.195
3493.127,1066.0,0.195
3495.373,1066.5,0.195
3497.805,1067.0,0.195
3500.476,1067.5,0.195
3503.52,1068.0,0.195
3510.0,1068.901,0.195
3520.0,1069.894,0.195
3530.0,1070.58,0.194
3540.0,1071.046,0.194
3550.0,1071.361,0.194
3560.0,1071.597,0.194
3570.0,1071.766,0.194
3580.0,1071.899,0.194
3590.0,1071.996,0.194
3600.0,1072.076,0.193
3610.0,1072.13,0.193
3620.0,1072.181,0.193
3630.0,1072.228,0.193
3640.0,1072.269,0.193
3650.0,1072.296,0.193
3660.0,1072.322,0.193
3670.0,1072.354,0.193
3680.0,1072.371,0.193
3690.0,1072.396,0.193
3700.0,1072.406,0.192
3710.0,1072.441,0.192
3720.0,1072.45,0.192
3730.0,1072.468,0.192
3740.0,1072.468,0.192
3750.0,1072.481,0.192
3760.0,1072.488,0.192
3770.0,1072.496,0.192
3780.0,1072.497,0.192
3790.0,1072.509,0.192
3800.0,1072.516,0.191
3810.0,1072.531,0.191
